category,vendor,description,amount
Food & Dining,McDonalds,restaurant takeout,851.65
Shopping,H&M,purchase #9157,36.34
Transportation,Shell,gas transportation #4176,53.99
Bills & Utilities,Verizon,payment service,474.48
Groceries,Whole Foods,bread produce groceries,47.5
Entertainment,Spotify,game entertainment,47.84
Shopping,Nike,shoes #9978,243.12
Healthcare,Quest Diagnostics,health medicine #9809,425.81
Shopping,Amazon,accessories electronics,187.35
Bills & Utilities,Verizon,bill #6707,854.1
Shopping,H&M,shoes purchase clothes #8782,296.99
Transportation,BP,transportation gas,24.24
Food & Dining,Pizza Hut,meal #4517,980.15
Healthcare,Quest Diagnostics,medicine doctor medical,352.75
Bills & Utilities,Electric Company,service,419.05
Healthcare,Quest Diagnostics,medical health medicine #2087,377.73
Shopping,Best Buy,shoes #7393,102.77
Bills & Utilities,Verizon,monthly,298.85
Food & Dining,Chipotle,takeout meal #3176,66.74
Entertainment,AMC Theaters,streaming music,46.91
Shopping,Best Buy,electronics accessories,155.46
Bills & Utilities,Water Service,monthly,104.55
Entertainment,Xbox,movie streaming game,29.08
Others,Various Services,other service general,475.94
Bills & Utilities,Electric Company,payment,163.15
Others,Miscellaneous,other misc payment #3438,391.68
Transportation,Uber,ride,28.64
Others,Various Services,misc payment general,690.07
Healthcare,Local Clinic,doctor medicine health #5988,93.5
Entertainment,Steam,streaming game,18.14
Groceries,Kroger,bread groceries produce,26.37
Food & Dining,Chipotle,restaurant meal dinner,165.81
Food & Dining,McDonalds,meal takeout lunch,777.0
Groceries,Kroger,produce groceries,110.52
Food & Dining,Pizza Hut,takeout meal,443.72
Entertainment,Xbox,entertainment,14.84
Shopping,Best Buy,accessories shoes #6463,182.27
Entertainment,Netflix,streaming entertainment,35.4
Healthcare,Local Clinic,prescription #5886,448.18
Shopping,H&M,accessories clothes,262.2
Food & Dining,Subway,restaurant #6031,413.2
Entertainment,Netflix,game #9004,39.08
Food & Dining,Pizza Hut,lunch restaurant,673.74
Transportation,Metro,ride gas transit,77.63
Healthcare,Walgreens,medical,113.88
Entertainment,Xbox,game,25.39
Transportation,Lyft,transportation fuel,17.32
Food & Dining,Pizza Hut,restaurant,277.79
Groceries,Trader Joes,produce dairy bread,53.82
Shopping,Amazon,accessories clothes electronics #8758,237.47
Entertainment,Spotify,movie game music,22.98
Entertainment,Netflix,game music movie #8502,17.8
Shopping,H&M,purchase,263.06
Others,Miscellaneous,other general payment,740.55
Transportation,Metro,ride transit,26.06
Healthcare,Quest Diagnostics,health,346.79
Others,Miscellaneous,other service general,659.23
Healthcare,CVS,medicine #1232,252.88
Transportation,Shell,gas,52.95
Transportation,Uber,transit taxi #4531,34.85
Others,Unknown Vendor,misc service payment,797.55
Entertainment,Xbox,entertainment,39.92
Shopping,Nike,clothes #8748,234.67
Shopping,Nike,accessories clothes purchase #8571,37.83
Healthcare,Local Clinic,prescription,496.34
Others,Unknown Vendor,misc payment other,47.67
Shopping,Amazon,shoes #4328,195.24
Others,Miscellaneous,misc service,871.2
Healthcare,Local Clinic,doctor medicine medical #1983,20.24
Healthcare,Quest Diagnostics,doctor prescription medical #3868,344.09
Groceries,Walmart,food produce groceries #8989,75.35
Others,Various Services,service misc other,942.57
Shopping,Amazon,electronics purchase shoes,27.35
Entertainment,AMC Theaters,movie,40.82
Groceries,Trader Joes,groceries,180.05
Groceries,Kroger,bread produce food #3546,137.22
Others,Miscellaneous,payment general #1933,856.87
Food & Dining,Chipotle,dinner,423.03
Healthcare,Walgreens,prescription,57.61
Healthcare,Walgreens,prescription medicine,491.96
Bills & Utilities,Water Service,bill payment service,782.82
Entertainment,Xbox,entertainment music movie,46.83
Groceries,Trader Joes,food bread,173.08
Healthcare,Quest Diagnostics,medicine doctor prescription,59.35
Healthcare,Walgreens,health #7003,281.16
Food & Dining,Subway,restaurant,48.09
Food & Dining,Chipotle,delivery dinner restaurant,932.99
Transportation,Uber,taxi fuel,66.9
Food & Dining,Chipotle,restaurant takeout #4021,827.8
Others,Miscellaneous,service,581.78
Groceries,Kroger,meat dairy,128.23
Bills & Utilities,Water Service,utility payment,969.8
Transportation,Metro,fuel gas ride #3875,11.5
Groceries,Trader Joes,bread,139.73
Shopping,Target,electronics clothes purchase #2094,62.23
Healthcare,Local Clinic,medical #4900,83.69
Entertainment,Xbox,movie,48.01
Transportation,Uber,taxi fuel ride,27.87
Entertainment,Netflix,entertainment music movie #7673,36.61
Food & Dining,McDonalds,meal,891.75
Transportation,BP,transit fuel transportation,38.52
Others,Miscellaneous,general payment misc #7502,221.56
Transportation,Shell,fuel ride,25.32
Food & Dining,Pizza Hut,delivery dinner meal,227.47
Bills & Utilities,Water Service,utility,747.72
Groceries,Walmart,groceries produce #1913,88.93
Groceries,Trader Joes,bread dairy groceries,70.29
Entertainment,Netflix,movie music entertainment #2212,20.56
Others,Miscellaneous,misc general,453.67
Groceries,Walmart,bread groceries,120.33
Healthcare,Walgreens,medical doctor health,422.9
Bills & Utilities,Water Service,utility,42.72
Healthcare,Local Clinic,medical doctor prescription,125.71
Food & Dining,McDonalds,takeout lunch,217.49
Bills & Utilities,Electric Company,monthly payment utility #1455,722.46
Food & Dining,McDonalds,meal delivery lunch,976.71
Shopping,Best Buy,clothes purchase,122.78
Food & Dining,Chipotle,restaurant lunch #2326,364.08
Healthcare,CVS,prescription medicine #4079,245.23
Entertainment,Netflix,music streaming,31.71
Others,Unknown Vendor,misc,369.77
Food & Dining,Subway,dinner lunch restaurant #3274,893.26
Others,Various Services,service general,279.1
Others,Unknown Vendor,other misc,464.71
Food & Dining,Pizza Hut,delivery dinner,377.13
Others,Various Services,other general #9821,162.78
Groceries,Walmart,dairy bread,153.11
Groceries,Safeway,bread,85.39
Entertainment,Spotify,entertainment movie,34.01
Healthcare,Local Clinic,health,62.25
Shopping,Nike,accessories clothes electronics,15.9
Healthcare,Quest Diagnostics,medicine,361.91
Groceries,Trader Joes,meat bread,164.02
Shopping,Nike,clothes purchase shoes,263.7
Healthcare,Local Clinic,doctor medicine,257.01
Others,Various Services,service misc payment #5150,625.99
Others,Various Services,general payment other,708.36
Healthcare,Quest Diagnostics,health medical doctor,190.8
Others,Various Services,general payment misc,30.09
Entertainment,AMC Theaters,game movie streaming #2995,12.29
Shopping,Best Buy,electronics,275.49
Groceries,Trader Joes,produce meat,140.09
Entertainment,AMC Theaters,music movie streaming,47.09
Entertainment,Netflix,entertainment streaming,20.71
Groceries,Trader Joes,meat,92.99
Shopping,Target,clothes #8023,177.86
Shopping,Nike,purchase clothes shoes #1752,171.75
Healthcare,Quest Diagnostics,medical health doctor,273.55
Groceries,Trader Joes,meat bread produce,80.48
Shopping,Amazon,electronics #1617,199.0
Groceries,Kroger,bread food groceries,183.88
Transportation,Uber,taxi fuel transit #4382,8.72
Entertainment,Spotify,game,21.33
Entertainment,Netflix,entertainment movie,10.42
Groceries,Trader Joes,groceries #4433,156.79
Healthcare,Walgreens,medicine,431.92
Transportation,Metro,taxi gas ride #5970,11.39
Transportation,BP,gas,64.73
Healthcare,Local Clinic,medical #6429,464.56
Healthcare,Walgreens,prescription,163.19
Groceries,Safeway,bread produce meat,145.43
Shopping,Nike,clothes,99.21
Bills & Utilities,Electric Company,service payment,557.44
Shopping,Amazon,clothes shoes,69.23
Shopping,Target,purchase electronics clothes #5866,66.84
Shopping,H&M,shoes #8644,228.88
Healthcare,CVS,doctor medical prescription #8952,336.82
Groceries,Safeway,meat dairy bread,78.4
Transportation,Lyft,ride,9.2
Shopping,Amazon,clothes shoes electronics,240.43
Bills & Utilities,Water Service,monthly utility,812.05
Shopping,Target,electronics shoes #9482,27.45
Entertainment,AMC Theaters,movie game,15.29
Transportation,Uber,transit transportation,54.8
Others,Various Services,general misc #4985,850.24
Groceries,Walmart,dairy food,178.14
Shopping,Amazon,accessories,182.53
Bills & Utilities,AT&T,payment service,227.93
Shopping,Best Buy,purchase accessories #2251,297.61
Groceries,Safeway,groceries bread,137.25
Healthcare,Quest Diagnostics,doctor #2877,437.71
Food & Dining,Local Restaurant,takeout delivery #4908,139.76
Entertainment,Steam,music,38.41
Transportation,BP,ride,54.33
Shopping,Best Buy,accessories,56.28
Food & Dining,Pizza Hut,delivery lunch #8915,285.59
Groceries,Safeway,dairy,68.94
Others,Various Services,general misc other,154.83
Healthcare,Walgreens,health medicine doctor,480.68
Entertainment,Netflix,movie game,12.37
Transportation,Uber,fuel transportation,49.65
Bills & Utilities,Electric Company,payment #3576,758.89
Groceries,Whole Foods,food,183.43
Shopping,Amazon,purchase shoes clothes,248.12
Others,Unknown Vendor,general,532.56
Transportation,BP,transportation fuel,77.58
Shopping,Nike,shoes electronics purchase,145.43
Shopping,H&M,clothes shoes #7978,28.35
Entertainment,Netflix,music #6800,28.22
Food & Dining,Subway,restaurant delivery meal,883.35
Others,Various Services,other payment misc #2492,782.92
Groceries,Safeway,food bread meat,66.17
Food & Dining,Chipotle,takeout,74.7
Transportation,Lyft,transit,53.41
Food & Dining,Chipotle,delivery meal dinner,358.6
Shopping,Target,electronics clothes,161.33
Others,Unknown Vendor,general,657.17
Bills & Utilities,Electric Company,utility payment service #4033,407.64
Others,Various Services,misc #9724,884.98
Shopping,H&M,shoes,240.54
Entertainment,Xbox,game entertainment,35.09
Bills & Utilities,AT&T,bill #7398,390.96
Healthcare,Walgreens,doctor medical health,172.4
Entertainment,Spotify,streaming #4375,46.12
Entertainment,Netflix,movie entertainment streaming,28.07
Entertainment,Spotify,entertainment movie game,16.96
Bills & Utilities,AT&T,service,147.57
Entertainment,Netflix,entertainment movie game,30.12
Food & Dining,Local Restaurant,dinner lunch restaurant #8762,601.86
Healthcare,CVS,prescription #3232,157.39
Healthcare,Walgreens,medicine prescription,142.14
Groceries,Whole Foods,bread,179.35
Shopping,Target,accessories clothes #9539,270.99
Healthcare,Local Clinic,prescription,238.87
Others,Various Services,general,378.79
Entertainment,Spotify,game streaming #8904,43.38
Shopping,Nike,electronics,108.93
Shopping,Best Buy,purchase #3331,299.35
Entertainment,Spotify,music,20.18
Bills & Utilities,AT&T,utility bill,774.69
Others,Unknown Vendor,payment misc service,798.67
Groceries,Walmart,dairy meat #6116,103.83
Bills & Utilities,Electric Company,monthly service bill #9627,874.38
Others,Unknown Vendor,service misc,202.58
Transportation,Uber,taxi transportation,73.17
Food & Dining,Subway,takeout lunch dinner,746.07
Groceries,Safeway,bread food,189.97
Groceries,Kroger,food #4502,60.31
Bills & Utilities,Verizon,payment monthly #7248,463.72
Others,Miscellaneous,payment other,997.97
Bills & Utilities,Verizon,monthly service #4210,477.54
Food & Dining,Pizza Hut,lunch delivery,24.62
Shopping,H&M,accessories purchase clothes,261.18
Food & Dining,Pizza Hut,takeout #3003,306.28
Others,Various Services,payment other general,49.78
Healthcare,Local Clinic,health,492.62
Groceries,Trader Joes,meat,110.86
Groceries,Walmart,bread groceries dairy #4166,192.67
Others,Unknown Vendor,general misc #2645,353.91
Transportation,Metro,transportation transit #1189,75.63
Transportation,Shell,gas,29.63
Entertainment,Steam,game streaming,37.66
Shopping,Amazon,electronics purchase #4819,229.63
Others,Various Services,service misc #4399,387.11
Healthcare,Quest Diagnostics,health medical prescription,493.25
Bills & Utilities,Verizon,service utility monthly #7866,72.17
Shopping,Nike,purchase #7480,257.64
Bills & Utilities,AT&T,bill monthly service #1080,468.72
Shopping,Target,shoes #7608,93.44
Others,Various Services,service #9787,905.2
Food & Dining,Subway,delivery meal,279.83
Food & Dining,Local Restaurant,takeout,541.95
Groceries,Walmart,food groceries produce,149.86
Groceries,Safeway,produce groceries #8810,34.18
Transportation,Uber,transit taxi ride,64.93
Groceries,Trader Joes,produce dairy,33.4
Entertainment,Steam,entertainment movie music,19.96
Others,Various Services,payment other #7892,636.79
Entertainment,AMC Theaters,music #4591,35.38
Healthcare,CVS,medicine doctor,265.74
Shopping,Nike,shoes,123.38
Transportation,Lyft,taxi fuel gas,52.59
Healthcare,Quest Diagnostics,health doctor,326.81
Food & Dining,Chipotle,dinner meal takeout #3899,501.2
Transportation,Metro,gas transit,43.53
Entertainment,Netflix,movie streaming #2266,41.96
Groceries,Whole Foods,meat bread #4231,95.78
Shopping,Best Buy,electronics clothes,105.08
Shopping,Target,shoes clothes,168.76
Groceries,Trader Joes,food meat produce,24.56
Groceries,Safeway,meat,36.32
Others,Unknown Vendor,misc service,564.82
Bills & Utilities,Water Service,monthly,270.96
Transportation,Uber,ride transportation,51.74
Bills & Utilities,Verizon,payment utility #7160,998.95
Food & Dining,Subway,delivery #4613,214.68
Transportation,Lyft,taxi,56.23
Bills & Utilities,Verizon,utility,118.79
Bills & Utilities,Verizon,utility bill,434.0
Others,Miscellaneous,misc payment general #3330,949.06
Groceries,Kroger,groceries meat,103.75
Groceries,Walmart,meat bread,153.48
Groceries,Kroger,meat groceries dairy,70.5
Healthcare,Quest Diagnostics,health prescription medicine #1120,456.65
Food & Dining,Pizza Hut,dinner meal,26.39
Groceries,Kroger,food meat #7106,149.16
Others,Miscellaneous,other,108.71
Shopping,H&M,purchase shoes clothes,158.92
Healthcare,Walgreens,doctor prescription medicine #1913,80.38
Entertainment,Steam,movie game music,48.53
Healthcare,Quest Diagnostics,prescription doctor,135.13
Bills & Utilities,Water Service,bill #8981,11.94
Bills & Utilities,Verizon,service #4849,328.77
Healthcare,Local Clinic,doctor prescription,190.67
Shopping,H&M,accessories shoes clothes,185.73
Healthcare,Local Clinic,medical medicine doctor #7740,40.46
Healthcare,Local Clinic,medicine health prescription,318.03
Transportation,Lyft,fuel,19.66
Food & Dining,Local Restaurant,dinner lunch meal #3680,398.47
Food & Dining,Pizza Hut,lunch,683.35
Healthcare,Local Clinic,medicine,371.95
Healthcare,Walgreens,medicine medical,37.19
Healthcare,Walgreens,health,387.05
Others,Unknown Vendor,other,232.33
Healthcare,CVS,doctor #6474,481.97
Transportation,Lyft,fuel gas,30.58
Healthcare,Quest Diagnostics,doctor #2053,441.48
Food & Dining,Pizza Hut,dinner lunch restaurant,707.4
Others,Unknown Vendor,payment service #9781,840.66
Others,Various Services,general misc other,871.54
Food & Dining,Chipotle,dinner meal delivery #7215,732.68
Entertainment,Netflix,entertainment #6422,22.45
Transportation,Shell,transit taxi gas #9595,6.19
Groceries,Whole Foods,produce meat food,34.87
Healthcare,Walgreens,health,229.58
Shopping,H&M,clothes shoes,248.29
Bills & Utilities,AT&T,payment,476.78
Shopping,Target,accessories clothes,269.85
Entertainment,Spotify,entertainment movie streaming,12.66
Bills & Utilities,Verizon,utility service monthly,440.04
Entertainment,AMC Theaters,game entertainment music,38.78
Healthcare,Walgreens,doctor prescription #6238,390.74
Transportation,Lyft,ride,19.34
Shopping,Nike,purchase shoes,286.02
Bills & Utilities,AT&T,monthly utility service,834.97
Shopping,Nike,purchase accessories clothes #9734,90.48
Transportation,Metro,transportation fuel #6265,39.04
Groceries,Safeway,produce bread,116.42
Groceries,Walmart,groceries produce,104.44
Transportation,Uber,transportation transit ride #9602,47.63
Bills & Utilities,AT&T,monthly service payment,667.44
Entertainment,AMC Theaters,movie #3375,12.87
Others,Various Services,payment misc,719.65
Transportation,Uber,fuel,60.17
Transportation,Metro,ride taxi transportation,53.73
Bills & Utilities,Verizon,monthly utility service,341.77
Food & Dining,McDonalds,delivery lunch,944.62
Bills & Utilities,Water Service,utility payment bill #4928,429.23
Others,Miscellaneous,payment #7168,259.57
Food & Dining,Local Restaurant,delivery lunch meal,245.15
Bills & Utilities,Water Service,payment bill,645.68
Healthcare,Walgreens,doctor prescription,42.96
Healthcare,Local Clinic,prescription doctor,404.01
Entertainment,Spotify,entertainment music game,46.95
Transportation,Metro,gas taxi fuel #9489,63.56
Shopping,H&M,electronics accessories,241.81
Others,Miscellaneous,misc other general #4335,610.82
Others,Various Services,service other misc,229.89
Others,Unknown Vendor,other payment misc,756.78
Entertainment,Steam,game movie streaming #3731,42.91
Others,Miscellaneous,general service payment,562.62
Others,Miscellaneous,misc,814.29
Transportation,Metro,transportation taxi,58.47
Bills & Utilities,AT&T,service payment bill #8433,94.64
Groceries,Trader Joes,food produce,189.97
Shopping,Target,clothes shoes,52.58
Shopping,Target,electronics,293.66
Entertainment,Netflix,music game,42.22
Others,Miscellaneous,general other payment,504.07
Transportation,BP,transit transportation gas #9116,13.51
Others,Various Services,other service payment,208.73
Bills & Utilities,AT&T,utility service,307.8
Transportation,Lyft,gas transit #4764,46.65
Transportation,BP,fuel,53.9
Others,Unknown Vendor,general other,763.3
Bills & Utilities,Water Service,payment utility #2599,179.22
Healthcare,Walgreens,medical,191.85
Food & Dining,Chipotle,takeout lunch,806.53
Transportation,BP,transit #6075,13.99
Food & Dining,Local Restaurant,lunch meal,642.47
Shopping,Amazon,clothes accessories #9113,240.66
Others,Unknown Vendor,misc general,294.44
Bills & Utilities,Electric Company,service,480.94
Entertainment,Steam,game streaming entertainment,20.52
Entertainment,Xbox,streaming game movie,31.99
Others,Unknown Vendor,other misc,246.69
Entertainment,AMC Theaters,entertainment game music,26.76
Bills & Utilities,Water Service,utility,651.8
Groceries,Safeway,meat dairy food,40.61
Groceries,Whole Foods,produce dairy,118.11
Transportation,Uber,gas fuel,20.55
Shopping,Nike,shoes purchase,20.54
Healthcare,CVS,medical,165.79
Bills & Utilities,Electric Company,utility payment,799.04
Others,Various Services,other,207.29
Food & Dining,Chipotle,restaurant dinner #4260,62.1
Shopping,Best Buy,purchase accessories clothes,30.55
Others,Unknown Vendor,payment,831.66
Shopping,H&M,clothes #4093,215.16
Groceries,Safeway,produce,36.65
Bills & Utilities,Water Service,monthly utility payment #9077,409.61
Food & Dining,Local Restaurant,takeout,612.49
Entertainment,Xbox,movie streaming entertainment,29.71
Transportation,Shell,transportation taxi transit #3824,49.94
Bills & Utilities,Water Service,service,792.57
Transportation,Uber,transportation,7.6
Transportation,Metro,transit ride,77.99
Bills & Utilities,AT&T,bill utility,69.95
Transportation,Metro,transportation,41.01
Groceries,Walmart,groceries #7770,45.49
Bills & Utilities,Water Service,utility bill #5442,108.38
Bills & Utilities,Electric Company,service monthly utility #1021,848.52
Others,Various Services,payment,636.96
Healthcare,CVS,prescription #8926,84.7
Entertainment,Netflix,movie streaming #1520,25.6
Shopping,Nike,shoes clothes,189.77
Shopping,Nike,electronics clothes shoes #7399,207.65
Groceries,Trader Joes,groceries,49.95
Shopping,H&M,accessories purchase #2427,299.47
Transportation,BP,transportation,57.78
Transportation,Metro,gas transit #8718,24.38
Healthcare,Walgreens,medicine,158.67
Groceries,Safeway,food meat dairy #8251,47.76
Bills & Utilities,Water Service,monthly #8404,897.49
Transportation,Uber,transit,8.48
Transportation,Uber,ride transit fuel,52.36
Entertainment,Steam,streaming #3491,47.37
Food & Dining,Pizza Hut,delivery takeout,243.88
Transportation,Uber,gas taxi #2489,67.42
Transportation,Shell,fuel ride,23.52
Entertainment,Steam,movie game streaming,43.25
Healthcare,Local Clinic,medicine #3488,494.46
Transportation,Shell,ride,35.95
Bills & Utilities,AT&T,payment monthly service,783.11
Healthcare,Local Clinic,doctor medical health,143.08
Transportation,Uber,transit,23.0
Others,Various Services,misc,651.19
Bills & Utilities,AT&T,service utility payment #5111,552.0
Transportation,Lyft,gas,8.44
Transportation,Metro,transit,69.51
Groceries,Walmart,bread,84.92
Others,Various Services,payment general #8194,723.76
Shopping,Amazon,electronics shoes purchase #5602,295.78
Entertainment,Steam,music,29.14
Shopping,Best Buy,clothes shoes purchase,90.41
Transportation,BP,taxi #2478,74.49
Transportation,BP,transportation transit,71.99
Food & Dining,Subway,meal,260.8
Food & Dining,Local Restaurant,dinner meal,515.21
Groceries,Trader Joes,food produce #1573,137.5
Bills & Utilities,AT&T,monthly bill,956.01
Others,Various Services,payment general,966.42
Shopping,Nike,shoes accessories purchase,261.95
Healthcare,Walgreens,doctor health medicine,245.18
Groceries,Whole Foods,dairy bread,72.4
Groceries,Kroger,bread dairy produce,165.31
Food & Dining,Pizza Hut,takeout #4313,97.6
Transportation,BP,taxi,52.05
Groceries,Safeway,bread produce dairy #5821,61.1
Others,Miscellaneous,service general misc #8765,122.85
Healthcare,Local Clinic,doctor medicine,101.52
Shopping,H&M,purchase accessories clothes,285.57
Others,Various Services,payment,170.63
Shopping,Nike,purchase clothes,250.18
Transportation,Metro,ride,64.01
Healthcare,Walgreens,doctor medicine,401.43
Bills & Utilities,Electric Company,bill,818.31
Food & Dining,Subway,meal,347.28
Healthcare,Local Clinic,doctor prescription medicine #9898,189.4
Transportation,Shell,taxi transportation gas,12.19
Transportation,Uber,gas transit transportation,73.27
Healthcare,CVS,medical,54.2
Entertainment,Steam,music #1235,18.99
Food & Dining,Pizza Hut,restaurant,484.78
Bills & Utilities,AT&T,bill #7602,105.68
Entertainment,Spotify,music movie entertainment,45.89
Transportation,Metro,transit fuel,42.96
Groceries,Walmart,bread,52.73
Food & Dining,Pizza Hut,dinner lunch restaurant #9875,775.7
Shopping,Best Buy,clothes accessories shoes #7983,171.06
Food & Dining,Pizza Hut,takeout #3913,87.38
Transportation,BP,transportation,7.25
Others,Various Services,other misc,463.1
Transportation,Lyft,fuel transportation,12.93
Food & Dining,Local Restaurant,delivery lunch #2640,797.06
Bills & Utilities,AT&T,payment #9801,880.68
Others,Miscellaneous,general other,552.08
Entertainment,AMC Theaters,game streaming #9850,10.76
Entertainment,Xbox,game streaming movie #9252,30.6
Healthcare,Local Clinic,health,82.11
Transportation,Shell,taxi transit transportation #1268,21.45
Healthcare,Local Clinic,medical,104.58
Entertainment,Xbox,movie,21.57
Others,Unknown Vendor,misc service general,642.75
Groceries,Safeway,meat food bread,152.33
Groceries,Safeway,produce #5391,153.79
Others,Miscellaneous,misc,649.99
Bills & Utilities,AT&T,payment service monthly #8898,875.83
Others,Various Services,misc,471.6
Others,Miscellaneous,payment other general,58.34
Bills & Utilities,Water Service,bill service,106.24
Others,Various Services,payment service,305.56
Bills & Utilities,Water Service,service,174.81
Bills & Utilities,Water Service,bill #4929,977.86
Transportation,Uber,transportation ride,71.27
Transportation,Metro,transit transportation taxi,23.13
Groceries,Safeway,bread meat,41.94
Entertainment,Xbox,game music #8041,22.15
Others,Miscellaneous,misc payment,198.68
Others,Miscellaneous,payment other,128.02
Groceries,Whole Foods,groceries dairy,32.93
Shopping,Best Buy,shoes clothes #2588,189.59
Transportation,Uber,gas taxi ride,45.23
Others,Various Services,service payment,953.42
Entertainment,Spotify,music,28.43
Food & Dining,McDonalds,delivery #6307,420.03
Shopping,Amazon,accessories,294.14
Food & Dining,McDonalds,takeout meal lunch #2370,872.64
Bills & Utilities,AT&T,bill payment,765.32
Groceries,Walmart,food meat,161.85
Others,Various Services,general misc,813.27
Food & Dining,Chipotle,takeout dinner,71.9
Food & Dining,Local Restaurant,dinner,408.56
Groceries,Whole Foods,food #9707,178.38
Entertainment,AMC Theaters,game music,21.38
Shopping,Amazon,shoes purchase electronics #8786,271.03
Healthcare,Walgreens,medical medicine doctor,204.46
Transportation,Uber,taxi,36.06
Bills & Utilities,Water Service,service,914.27
Bills & Utilities,Water Service,utility #2910,308.45
Shopping,Target,shoes,278.21
Others,Miscellaneous,misc payment #6830,951.11
Food & Dining,McDonalds,meal,125.33
Healthcare,Quest Diagnostics,prescription doctor,167.65
Others,Miscellaneous,general,532.95
Transportation,BP,transportation,58.11
Entertainment,Spotify,movie game entertainment #9861,41.32
Shopping,Target,shoes electronics accessories,297.39
Bills & Utilities,Electric Company,payment bill monthly #7819,917.74
Entertainment,Netflix,movie,21.93
Shopping,H&M,electronics purchase,71.08
Shopping,Amazon,electronics clothes #1869,167.78
Healthcare,Quest Diagnostics,prescription medicine medical,52.91
Shopping,Amazon,accessories electronics,150.62
Shopping,Target,accessories electronics,16.8
Groceries,Whole Foods,meat,161.17
Transportation,BP,taxi transit ride,69.16
Food & Dining,McDonalds,meal,754.37
Food & Dining,Local Restaurant,restaurant,406.15
Others,Unknown Vendor,service misc,492.85
Bills & Utilities,Water Service,bill,499.0
Bills & Utilities,Electric Company,payment monthly,506.72
Entertainment,Spotify,game movie #5988,29.46
Bills & Utilities,Electric Company,payment,385.44
Healthcare,Local Clinic,medical medicine prescription,253.94
Transportation,Lyft,gas taxi fuel,36.95
Food & Dining,Pizza Hut,delivery restaurant,528.52
Food & Dining,Pizza Hut,lunch,963.84
Food & Dining,Subway,takeout lunch meal,282.14
Others,Unknown Vendor,other service,95.72
Shopping,Target,clothes purchase,186.4
Food & Dining,Subway,meal restaurant #1272,561.02
Healthcare,Quest Diagnostics,medical #4094,364.1
Others,Various Services,general service other,28.73
Healthcare,CVS,medical prescription doctor,238.96
Bills & Utilities,Electric Company,service utility payment,196.18
Bills & Utilities,AT&T,monthly payment,528.41
Food & Dining,McDonalds,takeout,519.45
Entertainment,Spotify,game,44.18
Entertainment,Xbox,streaming entertainment music #1318,21.92
Healthcare,Local Clinic,medicine doctor #9126,492.45
Transportation,Metro,transportation transit ride #2208,53.99
Groceries,Trader Joes,produce meat food,55.67
Bills & Utilities,AT&T,payment,26.83
Entertainment,Spotify,game music movie,33.19
Entertainment,Spotify,music entertainment game,10.9
Food & Dining,Chipotle,meal #7449,531.1
Food & Dining,Pizza Hut,dinner takeout delivery,716.92
Food & Dining,Local Restaurant,meal takeout delivery,433.11
Others,Miscellaneous,payment other,369.92
Food & Dining,Pizza Hut,meal,588.22
Food & Dining,Subway,lunch,737.41
Food & Dining,Pizza Hut,dinner,106.65
Others,Miscellaneous,misc service #2398,132.16
Bills & Utilities,Electric Company,utility bill payment,236.89
Entertainment,AMC Theaters,movie entertainment game #3998,12.42
Groceries,Walmart,groceries food dairy #4293,98.54
Transportation,Lyft,transportation,61.73
Groceries,Kroger,produce,129.87
Food & Dining,McDonalds,lunch dinner,440.95
Entertainment,Steam,movie game #8363,10.15
Bills & Utilities,AT&T,bill payment,773.35
Entertainment,Netflix,music game movie,41.28
Healthcare,CVS,health doctor medicine,59.05
Groceries,Kroger,food,161.42
Groceries,Kroger,bread food produce,66.62
Others,Miscellaneous,other misc service,596.25
Bills & Utilities,Electric Company,service,623.61
Food & Dining,Subway,dinner,770.72
Food & Dining,Chipotle,meal restaurant #5282,655.16
Entertainment,AMC Theaters,game #1743,34.44
Others,Miscellaneous,other,297.2
Transportation,Uber,transit gas transportation #8483,15.09
Groceries,Whole Foods,meat #1891,62.93
Bills & Utilities,Water Service,payment #7819,948.64
Bills & Utilities,Verizon,bill payment monthly,295.65
Others,Unknown Vendor,other,360.86
Groceries,Trader Joes,dairy food,63.99
Others,Various Services,general service other,900.37
Entertainment,AMC Theaters,game music,31.32
Groceries,Walmart,groceries dairy #5724,99.94
Healthcare,Walgreens,medical,118.35
Transportation,Shell,transportation fuel gas,22.99
Groceries,Safeway,food meat produce,184.54
Healthcare,CVS,medical doctor,331.79
Bills & Utilities,Water Service,bill payment monthly,774.6
Shopping,Amazon,purchase clothes shoes,83.69
Bills & Utilities,Water Service,monthly bill,367.33
Healthcare,CVS,medical #3993,351.34
Shopping,H&M,shoes electronics,223.12
Others,Unknown Vendor,other service misc,636.65
Groceries,Kroger,dairy,147.6
Others,Various Services,payment,521.78
Entertainment,AMC Theaters,game music #6344,36.67
Shopping,Nike,accessories,265.52
Bills & Utilities,Electric Company,bill service utility #7823,709.55
Shopping,Amazon,shoes,95.58
Entertainment,Netflix,entertainment,40.29
Bills & Utilities,Electric Company,service payment,257.24
Others,Unknown Vendor,payment misc,190.1
Food & Dining,Pizza Hut,restaurant dinner,151.5
Transportation,Metro,transportation,68.71
Groceries,Safeway,bread food,173.71
Entertainment,Spotify,entertainment game,44.65
Groceries,Kroger,produce,114.69
Bills & Utilities,Electric Company,utility,137.66
Entertainment,Spotify,music streaming,11.64
Entertainment,Steam,streaming movie,47.08
Transportation,Lyft,transit,6.36
Shopping,Best Buy,shoes electronics,267.35
Entertainment,Spotify,streaming #3433,17.52
Healthcare,CVS,medicine doctor health,228.23
Others,Various Services,misc service other #9549,500.29
Healthcare,Quest Diagnostics,doctor health #9157,173.52
Others,Miscellaneous,payment,110.5
Shopping,Nike,shoes purchase clothes,250.98
Entertainment,Netflix,streaming #7789,29.25
Groceries,Safeway,meat bread produce #1853,79.51
Groceries,Walmart,groceries meat,90.76
Healthcare,Walgreens,medical medicine #5496,291.24
Groceries,Kroger,meat,95.83
Transportation,Lyft,fuel gas #9260,10.5
Bills & Utilities,Water Service,service bill utility #2214,886.92
Entertainment,AMC Theaters,movie #8858,35.69
Healthcare,Quest Diagnostics,medicine prescription health #3525,231.73
Transportation,Lyft,gas transportation #1034,25.26
Transportation,Lyft,transit,15.42
Shopping,Amazon,purchase electronics #3774,162.06
Transportation,Uber,transit transportation,6.34
Healthcare,CVS,doctor,120.67
Food & Dining,Pizza Hut,restaurant lunch,200.02
Others,Miscellaneous,misc,695.16
Food & Dining,Local Restaurant,takeout restaurant,902.43
Entertainment,Spotify,movie game streaming,16.03
Food & Dining,McDonalds,delivery meal #5816,682.38
Healthcare,Local Clinic,prescription medical,445.94
Healthcare,Walgreens,medical,60.21
Shopping,Best Buy,purchase #1819,57.26
Transportation,Shell,taxi fuel gas,55.29
Transportation,BP,gas ride transportation,50.17
Entertainment,Netflix,music streaming game,13.0
Shopping,H&M,purchase shoes,48.46
Entertainment,Steam,game,38.17
Bills & Utilities,Electric Company,utility monthly #1060,630.23
Transportation,Metro,ride taxi #2455,24.28
Healthcare,CVS,medical medicine doctor,71.48
Healthcare,CVS,prescription,334.26
Bills & Utilities,AT&T,bill,781.57
Shopping,Target,accessories electronics purchase,169.36
Shopping,Nike,accessories #9872,82.75
Bills & Utilities,Water Service,utility payment,130.42
Healthcare,Local Clinic,prescription medical medicine,253.68
Entertainment,Spotify,music #4306,19.3
Groceries,Walmart,groceries produce,36.5
Bills & Utilities,Electric Company,bill service,231.64
Bills & Utilities,Verizon,payment bill,869.41
Bills & Utilities,Verizon,bill,445.46
Entertainment,Xbox,music,15.06
Entertainment,Steam,movie,48.53
Shopping,Nike,shoes electronics #7030,150.65
Entertainment,AMC Theaters,streaming #1714,28.08
Food & Dining,Pizza Hut,delivery meal,691.73
Healthcare,CVS,prescription,433.84
Shopping,Best Buy,accessories purchase #7443,182.33
Bills & Utilities,Water Service,payment monthly,971.31
Entertainment,Spotify,music,15.99
Food & Dining,Local Restaurant,lunch #5934,539.54
Others,Various Services,general #5115,648.94
Healthcare,Local Clinic,doctor medicine medical,497.37
Entertainment,Xbox,movie music,20.1
Shopping,Best Buy,electronics #4243,259.8
Others,Various Services,misc service general,389.03
Shopping,Nike,accessories clothes,57.94
Others,Miscellaneous,misc #1593,783.31
Transportation,Uber,taxi transportation fuel,26.73
Food & Dining,Subway,dinner restaurant,283.24
Groceries,Kroger,groceries dairy food #5486,70.88
Bills & Utilities,Electric Company,utility bill #7223,536.77
Shopping,H&M,shoes clothes #3312,60.91
Entertainment,Steam,game music,36.77
Food & Dining,Pizza Hut,lunch meal,596.14
Transportation,Shell,ride,73.11
Entertainment,Steam,entertainment,25.27
Groceries,Safeway,meat,176.84
Shopping,H&M,electronics accessories shoes #5162,15.18
Healthcare,Walgreens,medicine medical,94.65
Healthcare,Quest Diagnostics,health doctor medical,74.08
Entertainment,Xbox,movie streaming #3086,20.9
Bills & Utilities,Water Service,service,316.66
Healthcare,Quest Diagnostics,medical doctor,227.48
Groceries,Trader Joes,groceries produce meat #8201,174.39
Entertainment,Xbox,streaming game music #4123,25.52
Bills & Utilities,AT&T,monthly bill service,701.82
Bills & Utilities,Verizon,payment service utility,788.78
Food & Dining,McDonalds,takeout delivery,495.02
Transportation,Metro,taxi transit transportation,12.55
Healthcare,Quest Diagnostics,prescription health medicine,206.74
Entertainment,Spotify,entertainment,36.7
Entertainment,Steam,entertainment music,19.8
Groceries,Trader Joes,groceries,180.64
Bills & Utilities,Verizon,utility monthly,789.46
Shopping,Best Buy,purchase,216.03
Bills & Utilities,AT&T,utility,999.08
Food & Dining,Subway,takeout,136.45
Healthcare,Local Clinic,medical,188.67
Groceries,Walmart,produce groceries food,126.1
Transportation,Lyft,transportation ride fuel #2175,76.56
Bills & Utilities,Water Service,monthly bill,232.78
Shopping,Amazon,accessories electronics clothes #1949,87.44
Shopping,Amazon,purchase electronics,84.04
Shopping,Nike,shoes accessories clothes #5110,193.02
Shopping,Nike,accessories electronics,50.05
Others,Miscellaneous,other misc general,557.04
Groceries,Whole Foods,produce dairy #2012,27.18
Food & Dining,Pizza Hut,lunch,520.76
Bills & Utilities,Water Service,service utility monthly,309.22
Shopping,Target,accessories purchase electronics,54.59
Shopping,Best Buy,shoes clothes,65.94
Entertainment,Xbox,game streaming,16.39
Bills & Utilities,Verizon,bill monthly service,982.63
Bills & Utilities,Verizon,monthly service payment,894.7
Entertainment,AMC Theaters,streaming,10.55
Entertainment,Xbox,entertainment game movie,22.01
Others,Miscellaneous,other #7950,720.82
Healthcare,Quest Diagnostics,doctor medicine,156.18
Bills & Utilities,Electric Company,monthly bill utility,740.32
Entertainment,Netflix,streaming game,42.53
Others,Miscellaneous,misc payment other,499.36
Bills & Utilities,Verizon,bill,531.7
Bills & Utilities,Water Service,utility,173.85
Groceries,Whole Foods,dairy,100.75
Others,Miscellaneous,misc payment general,123.85
Bills & Utilities,Verizon,service payment #4758,435.65
Bills & Utilities,Electric Company,bill #9414,32.19
Bills & Utilities,Water Service,monthly,885.52
Others,Miscellaneous,payment service,602.64
Food & Dining,Chipotle,meal restaurant,797.17
Food & Dining,Subway,dinner lunch,509.43
Bills & Utilities,Water Service,payment service #7346,850.36
Others,Miscellaneous,general misc service,594.41
Bills & Utilities,Verizon,utility monthly,613.87
Entertainment,Netflix,entertainment,25.21
Bills & Utilities,Electric Company,utility service #1439,709.09
Bills & Utilities,Verizon,payment monthly service,904.42
Healthcare,Quest Diagnostics,medicine doctor,426.09
Transportation,Shell,taxi fuel,76.41
Others,Miscellaneous,other payment #8037,253.17
Transportation,Metro,fuel gas transportation,30.21
Entertainment,Steam,music game,12.1
Healthcare,Walgreens,medical,112.45
Food & Dining,Subway,lunch delivery dinner,779.45
Transportation,Shell,ride,76.64
Transportation,Shell,transportation transit,76.35
Shopping,Nike,clothes,83.16
Transportation,Lyft,fuel,35.16
Others,Miscellaneous,misc other,750.07
Food & Dining,Local Restaurant,restaurant takeout dinner,263.26
Shopping,Amazon,clothes shoes purchase,296.5
Groceries,Walmart,dairy,90.85
Entertainment,Steam,game streaming movie,49.25
Others,Various Services,payment,910.86
Transportation,Shell,transportation ride,51.85
Entertainment,Netflix,streaming music,18.76
Groceries,Kroger,food bread dairy,153.99
Healthcare,Walgreens,doctor prescription,265.07
Healthcare,CVS,medicine,249.46
Groceries,Safeway,bread #5076,116.12
Entertainment,Xbox,movie entertainment game #4660,39.9
Transportation,Metro,taxi transportation ride,50.32
Food & Dining,McDonalds,meal,429.69
Food & Dining,Pizza Hut,delivery restaurant dinner,25.68
Others,Various Services,misc other service,898.58
Groceries,Kroger,groceries bread produce,102.74
Bills & Utilities,Electric Company,payment utility monthly #8696,912.53
Shopping,Best Buy,accessories purchase,230.45
Groceries,Walmart,groceries bread meat #6768,84.05
Food & Dining,Local Restaurant,meal,623.46
Entertainment,Spotify,entertainment,46.01
Shopping,H&M,electronics clothes purchase,21.79
Shopping,H&M,electronics shoes,137.76
Food & Dining,McDonalds,dinner #3897,840.05
Transportation,Lyft,gas,37.43
Others,Various Services,misc payment general #4650,654.24
Groceries,Safeway,groceries #8163,163.18
Bills & Utilities,AT&T,monthly payment #6244,189.04
Groceries,Whole Foods,groceries produce #4285,152.94
Groceries,Kroger,groceries food bread #3057,20.95
Shopping,Amazon,accessories purchase clothes,296.53
Others,Various Services,service misc other,359.96
Entertainment,Netflix,movie streaming,39.27
Healthcare,Walgreens,prescription medical health #3218,463.7
Entertainment,Netflix,movie music #3393,44.39
Shopping,Nike,clothes #1958,108.57
Bills & Utilities,Water Service,monthly payment utility #6355,877.26
Healthcare,CVS,health doctor medical #1158,244.62
Healthcare,Walgreens,medicine medical #5620,207.98
Transportation,Shell,transportation fuel,6.18
Healthcare,Local Clinic,medical medicine health,339.79
Healthcare,Quest Diagnostics,health medicine,412.48
Others,Unknown Vendor,other,249.51
Transportation,Lyft,gas transit ride,46.61
Groceries,Walmart,bread dairy produce,166.39
Shopping,Amazon,clothes,169.78
Groceries,Kroger,dairy,184.28
Transportation,Uber,transit fuel,72.31
Transportation,Metro,taxi gas,34.23
Shopping,Nike,purchase accessories,47.97
Others,Various Services,payment misc,31.98
Entertainment,Xbox,movie,49.45
Others,Miscellaneous,misc service general #8127,574.09
Healthcare,Walgreens,medicine #2879,141.21
Entertainment,Spotify,music streaming game,46.78
Others,Unknown Vendor,general #2639,727.67
Bills & Utilities,Electric Company,service payment,219.16
Groceries,Safeway,groceries meat,55.73
Others,Unknown Vendor,other,101.17
Groceries,Safeway,food,58.15
Others,Miscellaneous,other,269.86
Entertainment,AMC Theaters,streaming #9926,34.54
Transportation,Shell,transit transportation ride,23.73
Others,Various Services,other,499.47
Entertainment,Spotify,streaming entertainment,31.83
Groceries,Walmart,food bread #2345,106.35
Transportation,Uber,fuel taxi #5243,22.01
Bills & Utilities,Water Service,service #3042,505.84
Transportation,BP,fuel ride gas,65.51
Healthcare,Quest Diagnostics,medical medicine #4383,39.5
Food & Dining,Local Restaurant,meal delivery lunch,553.03
Shopping,Target,accessories,216.08
Groceries,Walmart,food,192.93
Transportation,Uber,transportation gas,77.63
Entertainment,Netflix,music #7850,35.46
Entertainment,Xbox,music,33.35
Healthcare,CVS,doctor medicine health,416.56
Food & Dining,McDonalds,takeout,136.98
Shopping,Nike,clothes electronics,79.41
Entertainment,Steam,game music #2696,40.6
Entertainment,Netflix,streaming game #3447,10.63
Others,Various Services,misc,107.59
Entertainment,Spotify,music movie entertainment,25.1
Bills & Utilities,Water Service,utility,432.71
Healthcare,Walgreens,medical health,188.12
Shopping,Nike,clothes #7648,228.11
Others,Unknown Vendor,misc payment #7928,335.13
Shopping,Amazon,shoes electronics #7403,188.43
Others,Various Services,general,156.35
Healthcare,Quest Diagnostics,medicine health,417.01
Shopping,Amazon,accessories,57.42
Food & Dining,Pizza Hut,restaurant,593.49
Groceries,Trader Joes,food bread,31.8
Food & Dining,McDonalds,takeout delivery meal #5181,814.27
Bills & Utilities,Verizon,service,223.26
Others,Various Services,general service,484.38
Shopping,Amazon,shoes clothes accessories,179.32
Entertainment,Netflix,movie music game #1802,19.46
Shopping,Target,accessories clothes shoes,139.13
Groceries,Trader Joes,groceries meat #1776,192.38
Groceries,Safeway,produce,37.77
Others,Miscellaneous,general payment,758.82
Food & Dining,McDonalds,meal lunch dinner,563.32
Food & Dining,Pizza Hut,takeout lunch #2164,84.68
Food & Dining,Local Restaurant,restaurant meal #1699,704.63
Food & Dining,Chipotle,meal delivery,749.67
Shopping,Target,accessories shoes purchase,270.56
Groceries,Kroger,food meat bread,30.63
Healthcare,CVS,prescription,122.93
Food & Dining,Pizza Hut,lunch dinner delivery,20.4
Groceries,Safeway,dairy groceries food,167.91
Others,Various Services,payment service misc #3882,895.58
Food & Dining,Local Restaurant,delivery,559.56
Entertainment,Steam,movie game music,44.25
Food & Dining,McDonalds,takeout restaurant,279.53
Groceries,Whole Foods,produce groceries meat,57.23
Food & Dining,Chipotle,restaurant,374.15
Shopping,Best Buy,shoes clothes #5890,270.91
Healthcare,Walgreens,doctor medical,200.79
Groceries,Whole Foods,meat food produce,159.88
Groceries,Safeway,bread food #3594,153.36
Bills & Utilities,Verizon,monthly,555.96
Transportation,BP,fuel #4882,19.18
Shopping,Amazon,clothes shoes electronics,86.67
Bills & Utilities,AT&T,utility monthly payment,827.14
Groceries,Walmart,produce meat groceries,90.96
Entertainment,AMC Theaters,movie entertainment,29.62
Bills & Utilities,Electric Company,bill #4233,673.34
Transportation,Metro,taxi transit,23.74
Bills & Utilities,Water Service,bill payment utility,93.61
Shopping,Target,purchase electronics,50.63
Food & Dining,Subway,restaurant lunch,206.07
Shopping,H&M,clothes,216.99
Others,Various Services,general payment #3524,306.72
Bills & Utilities,Electric Company,bill service payment #3746,711.85
Bills & Utilities,Water Service,monthly service utility,741.24
Others,Miscellaneous,service misc #4410,209.4
Healthcare,Quest Diagnostics,medical medicine doctor #9612,369.4
Groceries,Walmart,dairy groceries #5840,79.76
Food & Dining,McDonalds,dinner delivery,89.9
Food & Dining,Local Restaurant,delivery #1464,592.36
Healthcare,Local Clinic,medicine,363.62
Bills & Utilities,AT&T,utility,843.63
Bills & Utilities,Electric Company,bill #3996,986.06
Bills & Utilities,Verizon,payment bill #9009,411.63
Others,Unknown Vendor,general other,730.58
Entertainment,Steam,music streaming game #5139,43.3
Groceries,Trader Joes,meat produce bread,190.47
Shopping,Target,shoes electronics purchase #7432,101.27
Food & Dining,McDonalds,delivery restaurant takeout #1485,436.51
Transportation,Uber,fuel taxi transit #5193,63.91
Shopping,Best Buy,clothes accessories purchase,42.3
Groceries,Whole Foods,meat,121.7
Food & Dining,Local Restaurant,delivery #7399,54.82
Others,Various Services,service misc,289.47
Food & Dining,Local Restaurant,dinner meal #5934,476.18
Entertainment,Steam,game music movie #1893,37.04
Food & Dining,Pizza Hut,delivery,709.59
Bills & Utilities,AT&T,payment,939.97
Healthcare,CVS,medicine #9697,76.53
Entertainment,Spotify,game music,14.23
Transportation,Uber,transit,21.48
Groceries,Trader Joes,dairy meat food #6979,36.58
Food & Dining,McDonalds,delivery dinner takeout,875.17
Bills & Utilities,Electric Company,payment service monthly #9802,596.28
Bills & Utilities,AT&T,bill,811.15
Food & Dining,Subway,lunch,972.56
Others,Various Services,general misc,552.6
Shopping,H&M,shoes clothes #9723,105.92
Transportation,BP,transit transportation fuel,38.7
Bills & Utilities,AT&T,bill service payment,621.01
Food & Dining,McDonalds,lunch takeout restaurant,784.31
Bills & Utilities,Electric Company,bill utility,44.7
Food & Dining,McDonalds,dinner,136.72
Transportation,Lyft,transit transportation taxi #7936,18.76
Healthcare,Walgreens,prescription medicine doctor,285.63
Groceries,Walmart,bread dairy,28.16
Entertainment,AMC Theaters,streaming music game,49.48
Entertainment,Steam,entertainment movie streaming,42.2
Food & Dining,Pizza Hut,takeout lunch dinner,862.09
Groceries,Whole Foods,dairy bread #6989,132.93
Groceries,Whole Foods,bread #5460,55.01
Entertainment,Spotify,movie music #8416,24.22
Healthcare,Walgreens,health,324.21
Healthcare,Walgreens,health,285.3
Healthcare,CVS,health medicine,391.33
Entertainment,Spotify,music,14.76
Shopping,H&M,electronics shoes #1833,132.25
Shopping,Target,clothes accessories shoes #9123,114.9
Groceries,Whole Foods,produce groceries,196.11
Bills & Utilities,Water Service,monthly bill utility,970.28
Shopping,Target,electronics accessories shoes,146.03
Food & Dining,McDonalds,takeout,92.1
Others,Unknown Vendor,other misc general,174.94
Food & Dining,Local Restaurant,dinner,332.7
Healthcare,CVS,medicine health,281.57
Food & Dining,Pizza Hut,takeout restaurant #1668,673.63
Healthcare,Quest Diagnostics,medicine medical prescription #8063,457.35
Shopping,H&M,clothes,174.42
Food & Dining,Local Restaurant,lunch dinner,875.77
Healthcare,Local Clinic,prescription #7681,232.68
Others,Various Services,service misc #2676,614.86
Others,Unknown Vendor,payment,328.84
Healthcare,CVS,health medical medicine,98.18
Others,Miscellaneous,misc,509.38
Groceries,Whole Foods,food #1705,147.16
Entertainment,Spotify,streaming entertainment game,23.86
Shopping,Nike,electronics clothes,25.74
Bills & Utilities,AT&T,monthly,210.1
Entertainment,Steam,streaming entertainment music,21.59
Food & Dining,Chipotle,meal restaurant delivery #8619,248.91
Groceries,Safeway,food meat groceries,167.41
Shopping,Target,clothes accessories electronics,54.8
Entertainment,Netflix,entertainment music game,38.56
Groceries,Whole Foods,dairy food groceries,153.95
Bills & Utilities,Electric Company,monthly #5427,856.01
Shopping,Best Buy,shoes,145.42
Food & Dining,McDonalds,meal takeout,612.61
Bills & Utilities,Water Service,payment,128.15
Entertainment,Steam,streaming music,40.9
Others,Miscellaneous,payment general service #2248,63.76
Groceries,Walmart,produce meat,86.13
Entertainment,Steam,movie music,17.89
Others,Unknown Vendor,general service,71.61
Entertainment,AMC Theaters,movie music #1820,10.16
Food & Dining,Pizza Hut,restaurant lunch meal,290.52
Others,Unknown Vendor,payment service #1471,956.31
Groceries,Safeway,meat,175.63
Transportation,Uber,fuel #7313,70.45
Transportation,BP,transportation ride transit,75.61
Groceries,Walmart,food dairy,173.92
Entertainment,Spotify,streaming game entertainment #2795,33.63
Entertainment,Steam,streaming #3933,42.57
Healthcare,Local Clinic,health medical doctor #2120,265.11
Food & Dining,McDonalds,restaurant delivery meal,839.08
Transportation,Lyft,fuel transit taxi #5752,10.32
Groceries,Trader Joes,dairy #6336,125.53
Transportation,Lyft,fuel ride #1413,24.51
Bills & Utilities,Electric Company,payment #1499,549.71
Entertainment,Xbox,entertainment music movie,41.68
Healthcare,Walgreens,medicine,143.65
Others,Various Services,payment other,166.75
Others,Unknown Vendor,general,512.01
Bills & Utilities,Electric Company,utility payment,152.67
Shopping,H&M,accessories electronics shoes,128.85
Bills & Utilities,Electric Company,payment,687.15
Shopping,Nike,electronics,192.56
Groceries,Trader Joes,food,56.7
Others,Various Services,other payment service,795.44
Entertainment,AMC Theaters,game,40.72
Groceries,Walmart,produce,39.86
Transportation,Uber,gas ride,22.36
Others,Various Services,general other,450.07
Shopping,Best Buy,shoes clothes accessories #8768,100.1
Shopping,H&M,purchase #6576,147.94
Bills & Utilities,Verizon,bill monthly payment,566.48
Food & Dining,Local Restaurant,dinner #4207,442.53
Entertainment,Spotify,streaming game music #2173,49.11
Groceries,Kroger,bread,183.79
Bills & Utilities,Electric Company,bill #5648,555.85
Food & Dining,Chipotle,delivery,169.31
Others,Various Services,service general payment,359.21
Shopping,Amazon,clothes accessories,152.82
Groceries,Kroger,meat food dairy,93.28
Bills & Utilities,Verizon,utility service bill,407.08
Food & Dining,Local Restaurant,takeout dinner,678.17
Groceries,Whole Foods,groceries produce bread,124.87
Transportation,Metro,taxi transit transportation,27.96
Transportation,BP,taxi,41.45
Shopping,Target,clothes electronics,192.03
Groceries,Safeway,dairy,58.96
Food & Dining,Local Restaurant,delivery,188.22
Shopping,Amazon,electronics accessories purchase,86.33
Entertainment,Netflix,music #1396,37.86
Entertainment,Spotify,entertainment music,28.0
Entertainment,Xbox,music movie,29.85
Shopping,Best Buy,purchase shoes accessories,189.95
Food & Dining,Local Restaurant,restaurant lunch dinner,281.36
Transportation,Lyft,gas transit,29.66
Groceries,Safeway,groceries #9222,53.85
Healthcare,Walgreens,medical doctor medicine,79.83
Groceries,Whole Foods,bread meat #1107,158.7
Transportation,Lyft,gas taxi transportation,32.66
Bills & Utilities,Water Service,bill #4672,697.52
Healthcare,CVS,health prescription doctor,396.04
Healthcare,Walgreens,health #1702,404.4
Entertainment,AMC Theaters,game,13.79
Others,Unknown Vendor,service,54.66
Food & Dining,Subway,meal,21.81
Healthcare,Walgreens,prescription doctor medical #4512,199.18
Others,Miscellaneous,service payment misc,961.75
Healthcare,Quest Diagnostics,health medicine,306.39
Groceries,Walmart,produce,41.74
Entertainment,Steam,game movie,18.62
Bills & Utilities,Water Service,monthly service payment #7740,305.22
Food & Dining,Local Restaurant,lunch dinner #1686,160.37
Transportation,Uber,ride gas #5415,54.25
Food & Dining,Chipotle,lunch meal takeout,753.15
Food & Dining,Subway,delivery #3219,896.17
Healthcare,Quest Diagnostics,prescription medical,197.81
Others,Various Services,payment,927.97
Groceries,Trader Joes,dairy,118.29
Others,Unknown Vendor,other misc,45.81
Transportation,Uber,gas transit,63.52
Shopping,Nike,electronics shoes #8689,199.84
Healthcare,Walgreens,prescription medical health,165.76
Shopping,Best Buy,accessories clothes electronics #5654,177.35
Entertainment,Netflix,game entertainment,44.92
Healthcare,Quest Diagnostics,prescription medicine health,347.45
Shopping,H&M,clothes,160.16
Bills & Utilities,AT&T,utility monthly #8547,642.88
Others,Various Services,misc other,870.18
Transportation,Shell,transit ride fuel #5187,33.93
Food & Dining,Pizza Hut,lunch dinner,170.71
Groceries,Safeway,groceries dairy food,193.09
Bills & Utilities,Water Service,payment service bill,45.07
Bills & Utilities,Water Service,bill service #1629,90.79
Transportation,Shell,taxi #7057,70.03
Food & Dining,Pizza Hut,meal #3515,768.63
Entertainment,Steam,streaming music entertainment,24.1
Entertainment,Xbox,game music movie,43.24
Others,Unknown Vendor,other misc,707.13
Healthcare,CVS,medical,493.43
Food & Dining,Local Restaurant,meal delivery #1376,386.35
Food & Dining,Subway,restaurant,53.81
Bills & Utilities,Electric Company,monthly service,248.45
Entertainment,AMC Theaters,streaming game music,40.95
Bills & Utilities,Water Service,monthly service #4706,875.33
Groceries,Trader Joes,groceries,197.9
Shopping,Target,electronics,271.64
Entertainment,AMC Theaters,game music streaming,20.11
Food & Dining,Local Restaurant,restaurant #5087,496.07
Shopping,Nike,purchase #6738,112.77
Shopping,Target,electronics accessories,291.73
Bills & Utilities,AT&T,monthly service bill #4657,562.35
Food & Dining,Local Restaurant,dinner takeout delivery #4073,250.02
Groceries,Walmart,meat food groceries,97.9
Healthcare,Local Clinic,prescription doctor #4433,300.06
Food & Dining,Chipotle,delivery dinner meal,499.03
Healthcare,Walgreens,medical,426.93
Others,Various Services,misc #4171,193.07
Entertainment,Netflix,entertainment game movie,11.62
Groceries,Walmart,food,60.62
Shopping,Target,accessories shoes,105.94
Entertainment,Steam,streaming movie entertainment,21.02
Shopping,Amazon,clothes,250.36
Shopping,Best Buy,clothes purchase,57.04
Others,Unknown Vendor,service other #9852,723.97
Shopping,Amazon,accessories shoes purchase,37.73
Others,Various Services,payment general #1429,989.32
Shopping,Best Buy,accessories purchase shoes,84.42
Food & Dining,McDonalds,dinner,828.35
Shopping,Target,accessories clothes,205.24
Shopping,Amazon,accessories,186.58
Others,Unknown Vendor,other,194.59
Food & Dining,Chipotle,dinner,58.32
Food & Dining,Chipotle,dinner #8696,835.1
Food & Dining,Pizza Hut,lunch meal restaurant,426.05
Shopping,Best Buy,purchase accessories shoes #6625,54.06
Groceries,Walmart,produce groceries food,52.74
Groceries,Whole Foods,bread groceries food,131.33
Healthcare,CVS,health #3733,190.36
Bills & Utilities,Water Service,monthly utility #5423,815.4
Bills & Utilities,Verizon,bill payment monthly,371.9
Others,Various Services,payment other general,970.13
Others,Miscellaneous,payment other,365.59
Others,Various Services,payment,529.24
Food & Dining,Subway,meal takeout #6187,776.46
Entertainment,Steam,streaming,23.7
Bills & Utilities,Verizon,service payment,53.36
Bills & Utilities,Electric Company,payment #8115,595.97
Transportation,BP,ride taxi gas,54.08
Groceries,Walmart,produce bread food,97.4
Transportation,BP,gas transit ride,57.16
Bills & Utilities,Electric Company,monthly service,254.31
Others,Various Services,general payment,856.83
Healthcare,Quest Diagnostics,health medical,383.71
Food & Dining,McDonalds,dinner,25.52
Shopping,Best Buy,shoes clothes,204.09
Transportation,Uber,transportation taxi transit,66.15
Transportation,Shell,taxi transportation fuel #2817,58.98
Food & Dining,Subway,lunch #5348,376.08
Groceries,Kroger,produce bread dairy,101.65
Bills & Utilities,Verizon,bill payment,94.93
Others,Miscellaneous,general misc #8402,635.33
Transportation,BP,transportation fuel,64.35
Food & Dining,Chipotle,lunch #8904,715.02
Bills & Utilities,Water Service,service monthly utility,879.87
Transportation,Metro,transportation,32.98
Transportation,Shell,taxi ride #8730,59.95
Shopping,Nike,electronics purchase,248.92
Groceries,Trader Joes,dairy meat groceries,70.12
Groceries,Kroger,food bread,63.45
Groceries,Whole Foods,meat produce groceries #7228,75.21
Groceries,Safeway,groceries,158.09
Shopping,Target,purchase accessories electronics #9042,20.18
Groceries,Walmart,bread #5066,193.94
Shopping,Target,accessories shoes,261.45
Food & Dining,Subway,lunch,15.69
Entertainment,Steam,entertainment movie,40.99
Food & Dining,McDonalds,lunch dinner restaurant,131.11
Entertainment,Spotify,game,17.3
Food & Dining,McDonalds,restaurant,975.51
Food & Dining,Local Restaurant,restaurant lunch meal #9813,238.37
Entertainment,Netflix,streaming #4445,42.04
Shopping,Best Buy,electronics,106.62
Bills & Utilities,Water Service,monthly payment service,150.51
Healthcare,Local Clinic,health doctor prescription,231.22
Food & Dining,Pizza Hut,restaurant delivery takeout,604.26
Healthcare,CVS,health medical prescription,158.98
Shopping,H&M,electronics,30.22
Others,Various Services,payment #8868,709.71
Food & Dining,McDonalds,lunch #4897,84.76
Transportation,BP,transportation,68.72
Transportation,BP,taxi transportation ride,5.84
Shopping,Target,purchase electronics accessories #4360,247.4
Bills & Utilities,Electric Company,bill #8788,371.69
Bills & Utilities,Water Service,payment utility service,846.92
Bills & Utilities,Verizon,monthly service #5519,89.13
Transportation,Shell,gas fuel #1548,21.19
Healthcare,Walgreens,health doctor,442.63
Food & Dining,Subway,takeout delivery,302.96
Others,Unknown Vendor,general misc other,103.16
Entertainment,Steam,movie #1837,35.95
Shopping,Nike,accessories,55.93
Healthcare,Walgreens,medicine #3992,51.6
Healthcare,Local Clinic,prescription doctor,125.75
Entertainment,Xbox,game entertainment,29.54
Healthcare,CVS,health,453.05
Bills & Utilities,Electric Company,payment,509.71
Healthcare,CVS,medical prescription,193.47
Bills & Utilities,AT&T,payment monthly service #5813,187.98
Entertainment,Netflix,music movie #3202,20.98
Shopping,Nike,clothes accessories shoes,206.44
Shopping,Amazon,electronics #3259,254.84
Others,Unknown Vendor,other payment #9281,861.51
Groceries,Walmart,produce groceries food,29.46
Shopping,Target,purchase accessories,221.75
Bills & Utilities,Water Service,bill #2195,684.19
Healthcare,Local Clinic,doctor medicine health,426.49
Food & Dining,McDonalds,delivery #8017,28.36
Healthcare,Walgreens,medicine prescription medical,485.3
Transportation,Shell,taxi transit,12.19
Groceries,Trader Joes,dairy meat bread,197.64
Shopping,Target,accessories #5738,111.93
Bills & Utilities,AT&T,utility service monthly,687.84
Entertainment,Xbox,entertainment streaming,33.36
Others,Various Services,misc,239.61
Food & Dining,Subway,dinner #2946,638.18
Others,Unknown Vendor,service general,468.91
Transportation,Lyft,gas transportation fuel,68.71
Groceries,Safeway,meat,194.83
Healthcare,Walgreens,doctor,122.07
Shopping,H&M,clothes shoes purchase #7693,75.58
Food & Dining,McDonalds,restaurant dinner,657.99
Entertainment,Spotify,streaming entertainment game #9306,20.59
Healthcare,Quest Diagnostics,doctor prescription #5959,221.08
Shopping,Best Buy,purchase electronics shoes,176.11
Bills & Utilities,Electric Company,payment,598.92
Healthcare,Walgreens,medicine,466.14
Healthcare,Local Clinic,doctor,349.8
Transportation,Uber,taxi fuel transit,16.68
Food & Dining,Subway,lunch,332.38
Others,Various Services,other,327.74
Shopping,Best Buy,clothes electronics purchase,138.37
Groceries,Trader Joes,bread meat,29.27
Food & Dining,Pizza Hut,lunch,819.62
Shopping,Nike,electronics purchase #1636,190.16
Groceries,Kroger,groceries,63.7
Transportation,Shell,taxi fuel transportation,60.92
Food & Dining,Pizza Hut,takeout,956.75
Bills & Utilities,Verizon,bill utility #5485,747.6
Others,Various Services,misc #9644,729.61
Bills & Utilities,AT&T,service #6545,323.93
Bills & Utilities,Electric Company,monthly utility payment,62.37
Bills & Utilities,AT&T,utility monthly bill #5268,580.9
Entertainment,Steam,entertainment movie game #1441,25.94
Shopping,H&M,electronics shoes clothes,231.9
Groceries,Safeway,produce bread,62.88
Groceries,Whole Foods,food groceries dairy,97.32
Entertainment,Spotify,entertainment movie #6621,49.26
Entertainment,Steam,music #4273,11.38
Shopping,Amazon,electronics shoes clothes,122.64
Groceries,Safeway,dairy #3788,28.95
Bills & Utilities,Water Service,bill monthly,35.35
Transportation,Shell,transit transportation ride,63.89
Transportation,Lyft,ride #8720,33.01
Healthcare,Local Clinic,doctor medicine,40.12
Others,Miscellaneous,service general payment #1744,342.58
Transportation,Lyft,taxi transportation #3294,72.07
Groceries,Kroger,meat,136.24
Bills & Utilities,Water Service,utility #4164,429.92
Bills & Utilities,AT&T,bill monthly payment #1673,905.73
Entertainment,Steam,music entertainment,46.37
Transportation,Lyft,transit transportation gas,48.17
Healthcare,Local Clinic,doctor health,148.89
Bills & Utilities,Electric Company,payment bill monthly,521.81
Food & Dining,Local Restaurant,delivery lunch meal,972.36
Groceries,Walmart,meat dairy produce,70.29
Food & Dining,Subway,meal dinner #5076,587.18
Others,Unknown Vendor,payment service,272.42
Healthcare,CVS,prescription medical health,139.05
Transportation,BP,gas transportation,65.04
Transportation,Metro,ride fuel taxi,61.91
Transportation,Shell,transportation taxi #7451,34.35
Shopping,Target,shoes #1096,271.13
Transportation,Shell,fuel gas ride,8.56
Food & Dining,Pizza Hut,takeout dinner,214.12
Bills & Utilities,Verizon,monthly bill utility,491.44
Others,Miscellaneous,payment,969.76
Healthcare,Walgreens,doctor medicine #8258,117.55
Healthcare,Walgreens,health medical #5477,30.48
Entertainment,Spotify,music streaming,25.08
Shopping,Best Buy,shoes,160.3
Groceries,Walmart,produce food bread #1280,135.43
Groceries,Whole Foods,food bread,195.55
Healthcare,Local Clinic,medicine,218.35
Others,Unknown Vendor,service payment misc,704.9
Bills & Utilities,AT&T,monthly,537.4
Entertainment,Netflix,entertainment music streaming,22.19
Shopping,Nike,shoes electronics,296.12
Others,Miscellaneous,general,945.66
Bills & Utilities,Electric Company,utility bill service,143.61
Food & Dining,McDonalds,restaurant #5298,451.53
Entertainment,Netflix,music entertainment streaming #4244,41.75
Others,Miscellaneous,misc service payment,459.21
Groceries,Walmart,food meat bread,193.92
Entertainment,Xbox,movie,42.47
Entertainment,Spotify,game streaming,23.76
Shopping,H&M,accessories #6206,168.97
Bills & Utilities,Verizon,bill,217.79
Entertainment,Steam,streaming #5906,16.0
Others,Various Services,service payment misc #1378,156.8
Shopping,Target,accessories #1413,115.76
Others,Unknown Vendor,other payment,322.68
Entertainment,AMC Theaters,game entertainment movie,21.41
Groceries,Safeway,meat bread dairy,196.79
Healthcare,Quest Diagnostics,health doctor medicine,40.82
Entertainment,Spotify,streaming music,35.87
Transportation,Lyft,transit ride,49.05
Bills & Utilities,Water Service,payment,917.33
Shopping,Nike,clothes purchase electronics #6697,215.32
Healthcare,Quest Diagnostics,medicine medical prescription #6175,335.78
Groceries,Trader Joes,dairy food bread #9796,42.52
Food & Dining,Pizza Hut,delivery dinner meal,256.9
Groceries,Trader Joes,groceries produce,177.75
Food & Dining,Subway,meal,848.21
Bills & Utilities,Electric Company,service,813.87
Transportation,Shell,ride,60.76
Entertainment,Spotify,game entertainment,17.82
Transportation,Uber,fuel ride transportation,77.87
Groceries,Kroger,meat food produce,37.33
Groceries,Trader Joes,food produce,135.46
Food & Dining,Chipotle,restaurant dinner delivery,898.45
Food & Dining,Local Restaurant,takeout,133.09
Bills & Utilities,Electric Company,bill,542.83
Entertainment,Netflix,game movie #3635,39.76
Bills & Utilities,Water Service,monthly,440.85
Shopping,H&M,electronics clothes purchase,86.95
Healthcare,CVS,doctor health medicine #3280,291.7
Food & Dining,Subway,dinner delivery restaurant #8264,712.89
Bills & Utilities,Water Service,bill payment #7526,498.84
Food & Dining,Subway,restaurant,904.8
Entertainment,Spotify,entertainment game music,14.75
Transportation,Lyft,ride #3468,65.65
Shopping,H&M,electronics purchase,299.13
Transportation,Lyft,transportation #8153,35.75
Others,Unknown Vendor,misc #4641,239.56
Shopping,Nike,purchase accessories electronics,78.68
Healthcare,CVS,medical prescription,410.98
Groceries,Safeway,meat groceries food,158.06
Healthcare,Walgreens,doctor health prescription,118.48
Entertainment,Netflix,streaming,41.26
Groceries,Walmart,food,90.38
Bills & Utilities,Verizon,service monthly #8843,712.58
Bills & Utilities,Verizon,service #5801,765.78
Healthcare,CVS,medical,62.37
Food & Dining,Pizza Hut,takeout,10.51
Healthcare,Walgreens,prescription doctor medical #7671,381.21
Bills & Utilities,Water Service,monthly service bill,929.4
Entertainment,Xbox,music,23.18
Bills & Utilities,AT&T,bill monthly,150.19
Transportation,Shell,gas ride #1776,63.52
Food & Dining,Subway,restaurant dinner,199.62
Shopping,Nike,accessories purchase shoes,155.61
Healthcare,Quest Diagnostics,health,130.63
Transportation,Lyft,transit transportation fuel,18.64
Food & Dining,McDonalds,lunch #6937,397.48
Healthcare,Quest Diagnostics,prescription health medical,440.42
Others,Miscellaneous,other service #1093,873.01
Food & Dining,McDonalds,takeout,808.49
Transportation,Uber,transit,20.24
Others,Miscellaneous,misc service,914.86
Others,Unknown Vendor,general payment other,196.46
Bills & Utilities,Water Service,utility payment #4113,931.2
Groceries,Kroger,groceries meat,33.14
Transportation,Metro,gas ride transportation,74.17
Bills & Utilities,AT&T,bill monthly service,410.46
Transportation,Lyft,fuel,75.12
Entertainment,Spotify,movie streaming #9521,37.19
Transportation,BP,taxi transit transportation,12.62
Entertainment,Xbox,streaming entertainment,48.44
Healthcare,Walgreens,medicine,46.83
Food & Dining,Chipotle,dinner takeout delivery,514.76
Entertainment,Netflix,streaming movie music,40.13
Transportation,Lyft,transit #5934,63.26
Transportation,Lyft,ride,63.76
Groceries,Walmart,dairy,180.41
Shopping,H&M,electronics,62.17
Bills & Utilities,Verizon,bill payment #9325,988.21
Others,Unknown Vendor,general,271.13
Shopping,Amazon,purchase electronics shoes #3520,102.71
Shopping,Best Buy,accessories electronics purchase #1567,245.34
Entertainment,Steam,music #7855,11.32
Entertainment,Steam,entertainment movie #5385,44.73
Healthcare,CVS,doctor health prescription,496.58
Transportation,Shell,ride transportation,55.63
Others,Unknown Vendor,other misc service #4392,239.55
Shopping,H&M,accessories,282.53
Food & Dining,Pizza Hut,lunch meal takeout,517.47
Food & Dining,Chipotle,restaurant delivery,380.78
Groceries,Whole Foods,bread #2280,142.94
Groceries,Kroger,meat,46.97
Transportation,BP,taxi gas,24.81
Bills & Utilities,AT&T,monthly payment bill #8658,478.06
Food & Dining,Local Restaurant,lunch #5575,706.53
Groceries,Safeway,food dairy groceries,54.34
Shopping,Nike,shoes purchase,148.16
Shopping,Best Buy,accessories,131.94
Shopping,Amazon,accessories,271.92
Entertainment,Xbox,game music #5696,10.64
Entertainment,Xbox,movie music entertainment #6932,30.86
Groceries,Safeway,food groceries produce #7756,92.61
Shopping,Best Buy,clothes accessories purchase,66.39
Transportation,Shell,gas fuel,67.59
Shopping,Nike,purchase shoes,46.4
Shopping,Nike,electronics #5487,90.05
Groceries,Kroger,bread,87.77
Others,Miscellaneous,misc service,116.68
Shopping,Amazon,purchase,104.29
Groceries,Safeway,meat #2676,128.23
Healthcare,Walgreens,health,375.17
Shopping,Nike,accessories #9685,154.78
Transportation,Uber,taxi fuel #1475,36.65
Food & Dining,McDonalds,takeout meal lunch #2798,544.28
Groceries,Kroger,dairy produce groceries #4260,124.65
Healthcare,CVS,medicine doctor health,312.05
Transportation,Uber,transportation,45.24
Healthcare,Quest Diagnostics,doctor health medical,105.67
Transportation,Shell,transportation gas ride,26.97
Groceries,Walmart,produce,181.57
Groceries,Walmart,produce #8621,88.83
Entertainment,Steam,entertainment streaming movie,15.96
Shopping,Best Buy,purchase,242.67
Others,Miscellaneous,service,512.25
Others,Miscellaneous,other general misc,287.02
Food & Dining,McDonalds,delivery,771.55
Food & Dining,McDonalds,meal dinner restaurant #3090,461.51
Entertainment,Steam,music game entertainment,31.1
Shopping,Best Buy,clothes shoes,202.42
Bills & Utilities,Water Service,bill service #7589,148.93
Healthcare,CVS,doctor,136.24
Entertainment,Spotify,music,26.16
Shopping,Amazon,electronics shoes clothes #4307,42.9
Bills & Utilities,AT&T,payment service,516.72
Transportation,Uber,taxi transit,66.39
Food & Dining,Chipotle,delivery takeout,392.22
Shopping,H&M,shoes electronics clothes,225.18
Bills & Utilities,Electric Company,bill payment service,745.39
Bills & Utilities,Verizon,bill monthly payment #5064,765.15
Groceries,Trader Joes,meat,27.95
Healthcare,Quest Diagnostics,prescription medical,329.14
Entertainment,AMC Theaters,movie game,47.46
Groceries,Kroger,produce food,125.6
Transportation,BP,fuel taxi ride,15.33
Healthcare,Quest Diagnostics,prescription,43.32
Bills & Utilities,Water Service,utility bill,835.53
Food & Dining,Chipotle,meal #5508,863.55
Healthcare,Walgreens,doctor health,36.24
Shopping,H&M,clothes shoes,50.94
Others,Unknown Vendor,general misc other,764.78
Food & Dining,Pizza Hut,restaurant #7529,511.05
Shopping,Best Buy,shoes,286.13
Groceries,Walmart,dairy groceries meat,107.23
Others,Various Services,payment general misc,483.67
Shopping,Amazon,electronics purchase,94.94
Transportation,Shell,fuel,40.79
Transportation,BP,transportation transit taxi,21.54
Healthcare,CVS,doctor prescription medicine,341.17
Shopping,Amazon,purchase clothes,193.07
Healthcare,CVS,prescription health doctor,341.05
Bills & Utilities,AT&T,service bill,190.43
Transportation,Shell,taxi,65.65
Bills & Utilities,Electric Company,monthly utility service,362.69
Shopping,Target,shoes,115.99
Entertainment,Netflix,entertainment,23.15
Healthcare,Walgreens,medicine health medical #6137,170.52
Entertainment,Netflix,movie streaming game #8740,46.78
Entertainment,Xbox,movie,33.47
Shopping,Amazon,clothes purchase electronics,141.87
Bills & Utilities,Water Service,service payment monthly,364.08
Healthcare,CVS,prescription medicine #8925,473.85
Groceries,Kroger,meat produce,198.77
Food & Dining,Chipotle,delivery meal #4736,124.25
Others,Unknown Vendor,misc other service,603.01
Others,Miscellaneous,misc,596.07
Transportation,Uber,transportation,32.48
Groceries,Walmart,produce dairy #9613,196.47
Others,Various Services,general other payment,714.0
Bills & Utilities,Verizon,monthly,296.04
Groceries,Walmart,groceries produce #7835,197.5
Food & Dining,McDonalds,lunch,945.46
Bills & Utilities,Water Service,monthly payment,685.94
Others,Unknown Vendor,payment general misc,912.32
Entertainment,Netflix,music movie streaming #6461,49.81
Groceries,Kroger,meat,30.47
Bills & Utilities,Verizon,service #6771,108.52
Others,Miscellaneous,other general #7627,945.49
Food & Dining,Subway,dinner,575.1
Healthcare,Walgreens,prescription health #3117,189.78
Entertainment,Steam,streaming,36.97
Transportation,BP,ride transportation fuel,36.96
Transportation,Shell,ride transportation transit,36.54
Healthcare,Walgreens,doctor,268.58
Healthcare,Local Clinic,doctor medicine,317.57
Shopping,Nike,electronics,201.43
Shopping,Amazon,clothes purchase #9994,151.6
Food & Dining,Chipotle,meal dinner #4833,618.29
Food & Dining,Subway,lunch delivery,240.84
Healthcare,Local Clinic,medicine health doctor,440.98
Entertainment,Spotify,streaming,35.55
Bills & Utilities,AT&T,service payment monthly,313.32
Groceries,Trader Joes,produce food,191.46
Healthcare,CVS,health #3552,250.25
Others,Various Services,payment #3508,938.63
Food & Dining,Subway,lunch,709.68
Shopping,Target,accessories,271.48
Food & Dining,Local Restaurant,meal,933.11
Transportation,Lyft,taxi,53.49
Bills & Utilities,Water Service,monthly,579.31
Food & Dining,Local Restaurant,restaurant,207.5
Others,Various Services,other #9745,544.04
Others,Unknown Vendor,misc payment,339.03
Shopping,Nike,electronics purchase,286.28
Entertainment,AMC Theaters,game,16.68
Entertainment,Spotify,music streaming movie #9878,16.75
Others,Miscellaneous,misc service #5242,656.57
Healthcare,Walgreens,prescription medical health,293.16
Healthcare,Local Clinic,medical prescription medicine #2794,222.96
Entertainment,Steam,game streaming,27.44
Groceries,Whole Foods,bread meat,112.99
Bills & Utilities,AT&T,utility #4150,613.77
Others,Unknown Vendor,misc other service,663.75
Transportation,BP,fuel taxi transit,52.58
Transportation,Metro,transit gas ride,74.47
Groceries,Walmart,groceries bread #4050,120.59
Healthcare,CVS,health #1696,472.84
Bills & Utilities,Verizon,service,539.1
Transportation,Shell,taxi #7234,32.87
Bills & Utilities,AT&T,service bill,274.52
Food & Dining,McDonalds,lunch,727.7
Entertainment,Netflix,game music movie,12.05
Transportation,Lyft,fuel taxi,65.61
Others,Various Services,payment,386.57
Groceries,Trader Joes,food,79.92
Entertainment,Xbox,music streaming #2092,24.54
Healthcare,Quest Diagnostics,health medical medicine,110.26
Food & Dining,Subway,dinner #1192,369.45
Food & Dining,Pizza Hut,dinner restaurant delivery,634.26
Others,Various Services,other service general,149.41
Others,Various Services,payment general other,678.97
Entertainment,Steam,entertainment streaming,48.12
Healthcare,CVS,doctor,398.97
Healthcare,Local Clinic,medicine doctor medical,176.62
Transportation,BP,gas,20.31
Bills & Utilities,Electric Company,payment monthly,707.3
Transportation,Shell,transit transportation fuel,41.13
Others,Various Services,other payment misc,296.13
Healthcare,Quest Diagnostics,doctor prescription,53.93
Transportation,BP,transit taxi transportation,60.71
Shopping,Nike,clothes electronics purchase,236.41
Entertainment,Steam,movie #9861,38.93
Others,Miscellaneous,payment,136.32
Healthcare,CVS,medical,382.64
Shopping,Best Buy,electronics clothes purchase,38.69
Groceries,Safeway,bread meat,185.11
Entertainment,Spotify,music,33.53
Entertainment,Xbox,streaming #6015,40.08
Transportation,Uber,ride taxi,22.71
Food & Dining,Local Restaurant,dinner delivery restaurant,647.43
Others,Miscellaneous,payment service,796.42
Food & Dining,McDonalds,delivery dinner restaurant,236.09
Shopping,Nike,clothes accessories purchase,73.64
Groceries,Walmart,bread food produce #4142,100.68
Food & Dining,Pizza Hut,dinner meal,15.19
Healthcare,Quest Diagnostics,prescription,59.45
Healthcare,Walgreens,doctor medical,49.15
Healthcare,CVS,medical health,374.49
Entertainment,Spotify,game movie,31.15
Healthcare,Quest Diagnostics,prescription,363.1
Food & Dining,Subway,dinner lunch takeout #5444,103.19
Transportation,Lyft,ride fuel taxi,59.12
Others,Unknown Vendor,other payment #4545,667.83
Groceries,Kroger,produce food,104.33
Groceries,Kroger,food dairy meat,72.02
Groceries,Walmart,meat groceries produce #7614,77.37
Others,Miscellaneous,misc payment,877.35
Shopping,Nike,accessories electronics purchase #4876,173.79
Food & Dining,Pizza Hut,takeout meal #5308,668.34
Groceries,Walmart,dairy groceries produce #1321,71.4
Healthcare,Quest Diagnostics,medical #6946,89.56
Entertainment,Netflix,streaming entertainment music,35.3
Transportation,Uber,transportation gas,71.16
Food & Dining,Subway,lunch restaurant delivery,17.15
Food & Dining,Pizza Hut,restaurant delivery takeout,950.58
Food & Dining,Chipotle,takeout,383.72
Entertainment,Netflix,movie game streaming,43.05
Shopping,H&M,shoes #5287,198.83
Entertainment,Spotify,movie,28.66
Bills & Utilities,Verizon,monthly payment,500.58
Groceries,Whole Foods,bread food produce #1419,99.25
Groceries,Walmart,dairy groceries meat,197.26
Others,Miscellaneous,other #4791,210.47
Healthcare,Quest Diagnostics,prescription,117.9
Shopping,H&M,clothes purchase accessories #3388,50.96
Others,Miscellaneous,other general,253.16
Groceries,Whole Foods,groceries,56.53
Shopping,Target,clothes,236.87
Healthcare,Quest Diagnostics,health,387.43
Transportation,Uber,taxi,59.9
Transportation,Shell,ride,46.08
Groceries,Whole Foods,groceries bread dairy #5071,180.42
Entertainment,Xbox,music movie entertainment #6557,22.93
Groceries,Whole Foods,bread dairy,148.31
Healthcare,CVS,health prescription medicine #3494,457.84
Transportation,Lyft,taxi #1920,12.14
Others,Miscellaneous,general misc payment #8407,629.27
Food & Dining,Subway,delivery lunch,212.48
Food & Dining,McDonalds,dinner takeout,21.11
Food & Dining,Chipotle,lunch,177.94
Groceries,Walmart,bread #2052,189.7
Shopping,Target,clothes electronics purchase,126.91
Others,Miscellaneous,service,450.77
Food & Dining,Subway,meal,904.01
Transportation,BP,gas taxi,6.02
Healthcare,Local Clinic,medical,125.31
Others,Various Services,payment service,663.93
Food & Dining,Subway,takeout dinner,144.51
Healthcare,CVS,doctor prescription health #3433,126.88
Transportation,Lyft,transit fuel,39.45
Transportation,BP,ride transportation gas,78.33
Bills & Utilities,Verizon,bill monthly service #6244,17.66
Shopping,Target,accessories shoes clothes #8966,287.75
Shopping,Target,shoes purchase clothes,59.63
Transportation,Lyft,transit,72.84
Bills & Utilities,Water Service,monthly payment #5354,861.07
Healthcare,Walgreens,doctor medical prescription,329.78
Groceries,Trader Joes,meat food bread,191.71
Bills & Utilities,AT&T,bill payment service,383.97
Groceries,Kroger,bread food #9403,123.9
Transportation,BP,transportation gas transit #9285,15.92
Shopping,Amazon,clothes #5650,229.87
Entertainment,Spotify,movie streaming music,28.59
Healthcare,Walgreens,medical health,163.54
Transportation,Uber,transportation ride taxi,65.63
Bills & Utilities,Electric Company,bill service utility,56.93
Others,Various Services,payment other,908.05
Food & Dining,McDonalds,lunch meal delivery,699.75
Groceries,Trader Joes,produce bread meat #9794,61.51
Food & Dining,Chipotle,dinner meal,971.0
Food & Dining,Pizza Hut,dinner delivery,791.75
Entertainment,Steam,entertainment music streaming #1074,45.26
Shopping,H&M,accessories purchase clothes,40.12
Shopping,Amazon,accessories,266.21
Groceries,Walmart,food,51.96
Bills & Utilities,AT&T,bill service monthly #3090,808.29
Food & Dining,McDonalds,delivery meal lunch,551.09
Healthcare,CVS,prescription doctor #1550,161.79
Healthcare,Quest Diagnostics,health medical,202.63
Transportation,Metro,fuel,71.85
Others,Miscellaneous,misc,904.03
Healthcare,Walgreens,medicine doctor prescription,253.4
Groceries,Kroger,produce food,83.0
Entertainment,Netflix,entertainment movie,11.19
Healthcare,Local Clinic,doctor prescription,388.79
Groceries,Trader Joes,dairy groceries food,23.61
Bills & Utilities,Water Service,bill utility,905.03
Groceries,Trader Joes,meat,190.39
Healthcare,Walgreens,medicine,378.27
Transportation,Shell,gas,67.3
Groceries,Whole Foods,dairy groceries produce,79.0
Groceries,Trader Joes,dairy produce meat #6933,130.06
Entertainment,Netflix,movie entertainment game,35.89
Healthcare,CVS,prescription #5283,387.04
Entertainment,Spotify,entertainment #7792,24.8
Transportation,Metro,fuel taxi gas,59.23
Transportation,BP,transportation,21.69
Food & Dining,Local Restaurant,dinner takeout meal,862.34
Food & Dining,Subway,meal delivery,368.14
Transportation,Shell,ride,70.26
Bills & Utilities,Verizon,utility payment monthly,837.39
Transportation,Metro,taxi fuel transportation #9100,64.74
Healthcare,Local Clinic,doctor medicine prescription #9764,407.23
Shopping,Best Buy,purchase electronics shoes,126.37
Entertainment,Netflix,streaming music game,14.69
Bills & Utilities,Electric Company,service bill utility,580.81
Shopping,Nike,shoes #1732,194.86
Healthcare,CVS,prescription health doctor #6415,342.73
Groceries,Kroger,bread food,73.74
Groceries,Kroger,groceries food bread #8260,149.79
Entertainment,Steam,entertainment,13.13
Bills & Utilities,Verizon,utility,79.51
Entertainment,Netflix,music entertainment game,25.16
Groceries,Kroger,groceries,52.53
Entertainment,Netflix,game movie music,15.7
Bills & Utilities,AT&T,service payment #6749,672.05
Bills & Utilities,Verizon,utility bill,780.11
Groceries,Walmart,groceries food #2294,60.54
Entertainment,Xbox,streaming #3318,30.53
Transportation,Lyft,transit,45.57
Food & Dining,Chipotle,restaurant delivery dinner,137.74
Healthcare,Quest Diagnostics,doctor health,248.1
Entertainment,Netflix,streaming movie,19.02
Shopping,Best Buy,accessories purchase,158.77
Others,Unknown Vendor,service #4400,232.31
Groceries,Kroger,bread meat,151.47
Food & Dining,Local Restaurant,takeout #5900,99.99
Food & Dining,Pizza Hut,dinner meal takeout,133.77
Others,Various Services,payment,394.48
Transportation,Lyft,ride transportation #6269,72.69
Groceries,Safeway,food groceries,20.72
Healthcare,Quest Diagnostics,prescription medicine health,316.15
Others,Various Services,payment,453.76
Transportation,BP,gas,64.45
Others,Miscellaneous,misc payment #2212,16.81
Shopping,Target,shoes electronics #9249,38.03
Transportation,BP,fuel ride,57.64
Others,Miscellaneous,general #2400,164.51
Bills & Utilities,AT&T,utility #2055,919.7
Food & Dining,Chipotle,restaurant,128.23
Transportation,Shell,taxi ride #9013,15.91
Others,Miscellaneous,misc #7253,167.19
Entertainment,AMC Theaters,entertainment,27.85
Transportation,Uber,taxi transportation fuel #2176,56.25
Transportation,Uber,ride,79.09
Entertainment,Xbox,entertainment #8826,17.06
Food & Dining,Pizza Hut,lunch delivery,749.23
Others,Miscellaneous,payment misc,464.63
Healthcare,CVS,medicine prescription,149.38
Others,Miscellaneous,misc other service,826.81
Healthcare,Quest Diagnostics,doctor medicine prescription,476.71
Food & Dining,Chipotle,meal,147.81
Food & Dining,Pizza Hut,restaurant #8037,430.11
Others,Unknown Vendor,general payment service,652.91
Groceries,Walmart,bread meat produce,64.78
Food & Dining,Local Restaurant,lunch,97.65
Bills & Utilities,Verizon,service payment bill,34.11
Entertainment,AMC Theaters,streaming #6108,42.78
Shopping,Best Buy,clothes electronics purchase,18.75
Entertainment,Xbox,entertainment streaming #1237,12.82
Bills & Utilities,Electric Company,monthly payment bill #1045,953.32
Transportation,Lyft,ride gas #2583,76.53
Food & Dining,Local Restaurant,dinner delivery,558.1
Healthcare,CVS,health,134.25
Healthcare,CVS,medical doctor #5118,319.35
Others,Various Services,other general misc,712.98
Healthcare,Quest Diagnostics,doctor health #4599,410.18
Shopping,Best Buy,shoes clothes,63.12
Transportation,Shell,transit #9156,12.78
Bills & Utilities,AT&T,utility monthly bill,270.55
Healthcare,Quest Diagnostics,medicine,201.86
Entertainment,Netflix,movie entertainment,15.6
Others,Various Services,misc general #7094,873.88
Others,Miscellaneous,general,48.19
Bills & Utilities,Electric Company,bill,482.95
Bills & Utilities,Verizon,service monthly bill #2504,915.5
Entertainment,Netflix,music,29.76
Shopping,Amazon,clothes purchase shoes #3926,110.4
Entertainment,Netflix,entertainment game streaming,42.33
Others,Unknown Vendor,general service #5349,626.29
Shopping,Target,shoes purchase accessories,142.44
Healthcare,CVS,doctor health medical,390.9
Shopping,Best Buy,electronics,175.04
Transportation,Lyft,taxi #6120,48.26
Healthcare,CVS,medicine doctor prescription,277.21
Transportation,Metro,ride #9985,22.6
Transportation,Lyft,ride transit,67.68
Entertainment,Spotify,entertainment streaming,17.2
Others,Miscellaneous,other payment general,247.73
Entertainment,Steam,movie streaming entertainment,23.09
Transportation,BP,taxi #5596,35.39
Transportation,BP,taxi transportation #2022,66.32
Groceries,Walmart,produce dairy bread,64.01
Groceries,Whole Foods,bread produce,153.23
Healthcare,Quest Diagnostics,health doctor medicine,293.15
Shopping,Best Buy,electronics shoes,281.02
Food & Dining,Chipotle,meal #8157,185.28
Bills & Utilities,Electric Company,monthly,898.36
Entertainment,Spotify,movie game streaming,22.16
Shopping,Best Buy,purchase #6425,205.31
Bills & Utilities,AT&T,monthly bill,411.88
Entertainment,Spotify,streaming music,15.28
Transportation,BP,gas transit,32.23
Transportation,Metro,taxi fuel,77.06
Shopping,Amazon,shoes electronics accessories,38.54
Shopping,Nike,shoes accessories,52.76
Healthcare,Walgreens,medical prescription medicine #6508,463.71
Groceries,Safeway,meat bread groceries,31.82
Groceries,Walmart,dairy #2459,125.59
Entertainment,Netflix,music #6918,33.85
Transportation,Uber,ride transportation,27.39
Entertainment,AMC Theaters,game music entertainment,27.1
Shopping,Nike,purchase,203.99
Others,Various Services,misc,384.13
Bills & Utilities,Water Service,monthly bill,614.33
Groceries,Walmart,produce food bread,77.39
Shopping,Amazon,accessories shoes electronics,105.92
Others,Unknown Vendor,other general service #1314,953.44
Shopping,Best Buy,clothes purchase,183.48
Transportation,Lyft,transportation #4100,24.57
Shopping,H&M,shoes #3253,223.55
Healthcare,Local Clinic,medicine #8399,253.65
Food & Dining,Pizza Hut,dinner meal lunch,568.52
Shopping,Nike,electronics,200.83
Healthcare,Local Clinic,health,84.26
Transportation,BP,ride,15.99
Groceries,Whole Foods,meat groceries bread,97.61
Food & Dining,Local Restaurant,restaurant delivery,367.77
Others,Unknown Vendor,general payment service,409.24
Food & Dining,Local Restaurant,dinner delivery #5804,502.8
Transportation,Metro,gas transportation taxi,63.34
Groceries,Trader Joes,groceries #5035,41.67
Bills & Utilities,Verizon,utility monthly,815.6
Transportation,BP,transportation ride,49.14
Entertainment,Spotify,game #3821,17.87
Shopping,Amazon,shoes accessories,192.6
Entertainment,Steam,movie streaming,36.92
Entertainment,AMC Theaters,entertainment streaming movie,14.24
Shopping,Target,clothes purchase #5008,34.47
Bills & Utilities,Electric Company,utility #3832,69.39
Entertainment,Netflix,entertainment streaming game,27.6
Others,Various Services,general,861.51
Bills & Utilities,Water Service,bill,247.02
Healthcare,Walgreens,prescription,441.9
Food & Dining,Local Restaurant,dinner restaurant,911.1
Groceries,Whole Foods,groceries dairy,149.56
Transportation,Uber,gas taxi,5.18
Entertainment,Netflix,game,43.85
Transportation,Shell,taxi transportation ride #4548,28.18
Groceries,Walmart,groceries,40.69
Shopping,Best Buy,purchase accessories,175.5
Bills & Utilities,Electric Company,utility monthly,453.1
Shopping,Target,shoes purchase clothes #2068,206.17
Shopping,Amazon,shoes clothes purchase,84.13
Food & Dining,Chipotle,restaurant takeout,423.57
Groceries,Trader Joes,dairy,26.3
Healthcare,CVS,prescription #3016,292.88
Food & Dining,Chipotle,dinner,523.03
Entertainment,Spotify,game music streaming #9302,17.93
Groceries,Trader Joes,meat produce,167.56
Transportation,Shell,ride,77.85
Shopping,Amazon,electronics,296.05
Others,Unknown Vendor,service misc,938.1
Food & Dining,McDonalds,takeout delivery lunch,878.62
Healthcare,Walgreens,health,233.47
Bills & Utilities,Verizon,bill monthly utility,921.12
Entertainment,Spotify,movie game entertainment,46.93
Bills & Utilities,Electric Company,payment bill #2470,361.61
Transportation,Lyft,taxi,39.54
Transportation,Shell,ride fuel,11.82
Groceries,Kroger,groceries produce food #1212,121.54
Food & Dining,Pizza Hut,lunch restaurant takeout,446.89
Bills & Utilities,AT&T,monthly payment bill #6692,678.87
Others,Miscellaneous,misc other,369.43
Transportation,Shell,fuel #8520,75.72
Others,Various Services,service payment #5543,618.69
Bills & Utilities,Verizon,utility bill service,639.14
Bills & Utilities,Electric Company,monthly utility service,307.81
Transportation,BP,transportation,11.01
Others,Miscellaneous,misc #6848,357.12
Food & Dining,Subway,dinner meal takeout,999.91
Entertainment,Netflix,movie game #1218,37.49
Transportation,Uber,fuel gas #8669,56.6
Transportation,Metro,transit,35.87
Others,Miscellaneous,payment general misc #6761,99.71
Shopping,Nike,shoes,257.55
Food & Dining,Chipotle,delivery,940.56
Groceries,Walmart,groceries meat #7086,64.59
Entertainment,Netflix,game #9364,15.85
Healthcare,Walgreens,health prescription medicine,366.68
Groceries,Kroger,dairy,195.75
Healthcare,Local Clinic,medicine prescription,98.63
Shopping,Amazon,shoes clothes accessories,220.6
Entertainment,AMC Theaters,streaming entertainment music,17.99
Healthcare,CVS,medicine prescription #4124,159.37
Food & Dining,Pizza Hut,lunch takeout,166.37
Others,Various Services,misc #5407,514.63
Entertainment,Spotify,game movie entertainment #2602,45.47
Healthcare,Walgreens,health,301.1
Healthcare,Quest Diagnostics,doctor health medical,77.68
Entertainment,Xbox,entertainment movie,13.16
Others,Miscellaneous,general other misc,462.93
Entertainment,Spotify,movie music #5777,39.19
Entertainment,Netflix,streaming,28.5
Shopping,Target,electronics purchase,171.43
Others,Miscellaneous,other payment service,52.15
Transportation,BP,taxi #2435,21.01
Food & Dining,Local Restaurant,restaurant meal,163.27
Shopping,H&M,purchase,67.99
Healthcare,Local Clinic,health doctor medicine,92.67
Entertainment,Spotify,entertainment game music,36.49
Groceries,Walmart,groceries meat #5898,32.5
Bills & Utilities,Verizon,payment #3074,12.09
Entertainment,AMC Theaters,movie,32.18
Transportation,Metro,fuel ride taxi #9576,63.9
Entertainment,Steam,movie,37.33
Transportation,Metro,taxi transportation #1583,71.17
Others,Various Services,misc other service #3466,864.7
Shopping,H&M,accessories #6562,77.08
Transportation,Metro,fuel ride gas,27.56
Others,Various Services,service payment #7351,605.19
Transportation,BP,fuel transit,66.45
Healthcare,Walgreens,health prescription #8948,367.69
Others,Miscellaneous,other payment,411.34
Food & Dining,Local Restaurant,meal restaurant,742.84
Shopping,H&M,electronics shoes,164.99
Shopping,Nike,electronics purchase #5906,147.78
Healthcare,CVS,medicine medical health #9027,260.32
Others,Unknown Vendor,misc service,753.24
Others,Unknown Vendor,misc,823.09
Transportation,BP,ride taxi,77.12
Shopping,Amazon,electronics accessories shoes,15.84
Healthcare,Quest Diagnostics,medical,356.1
Shopping,Best Buy,electronics,228.04
Healthcare,Quest Diagnostics,medical health doctor,322.05
Healthcare,Quest Diagnostics,medical #7434,370.04
Shopping,H&M,purchase clothes electronics #4181,241.2
Transportation,Uber,transportation #9209,42.09
Food & Dining,Local Restaurant,lunch delivery dinner,613.93
Transportation,Uber,gas ride taxi #7792,28.78
Food & Dining,Local Restaurant,meal delivery restaurant,674.74
Bills & Utilities,Verizon,monthly payment service,896.53
Food & Dining,Local Restaurant,takeout meal,530.92
Healthcare,Walgreens,medical doctor,189.26
Shopping,Amazon,electronics clothes,121.64
Transportation,Metro,taxi fuel transit,58.07
Entertainment,Netflix,music entertainment movie,11.12
Healthcare,Local Clinic,medicine medical prescription,315.14
Food & Dining,Subway,dinner #2237,279.12
Transportation,Shell,fuel transportation ride,13.1
Healthcare,Walgreens,health,121.24
Groceries,Trader Joes,meat dairy,120.8
Shopping,Amazon,accessories,217.61
Entertainment,Netflix,streaming music,12.7
Shopping,Amazon,accessories shoes,264.8
Transportation,Uber,transportation ride fuel,8.38
Others,Various Services,payment general misc,810.35
Others,Miscellaneous,service,695.19
Food & Dining,Chipotle,meal,479.22
Entertainment,Steam,music movie game,17.98
Bills & Utilities,Water Service,utility bill monthly,961.33
Others,Unknown Vendor,payment service general,108.56
Food & Dining,Chipotle,lunch,120.0
Transportation,BP,gas ride,36.45
Food & Dining,Pizza Hut,dinner meal #1627,999.06
Healthcare,Walgreens,prescription medicine #4305,116.62
Healthcare,CVS,prescription medical,78.5
Entertainment,Spotify,streaming movie music,40.01
Transportation,Metro,taxi,13.5
Shopping,Amazon,purchase accessories electronics,130.85
Food & Dining,Chipotle,dinner restaurant,641.55
Shopping,Nike,clothes #3523,26.75
Others,Miscellaneous,other service payment,362.11
Transportation,Metro,transportation gas #3416,60.59
Healthcare,Quest Diagnostics,health #4078,153.15
Entertainment,Netflix,game music entertainment #1604,38.28
Transportation,Lyft,transportation #1368,72.87
Bills & Utilities,Water Service,payment monthly service #9295,999.38
Others,Various Services,service,337.44
Transportation,Shell,taxi ride,5.75
Others,Miscellaneous,general,368.09
Food & Dining,Local Restaurant,lunch restaurant delivery,226.81
Shopping,H&M,electronics clothes,271.8
Transportation,Shell,transportation #6504,41.16
Groceries,Trader Joes,meat,48.12
Transportation,BP,transit gas,30.73
Groceries,Safeway,meat dairy bread,104.61
Food & Dining,Pizza Hut,meal,174.63
Healthcare,Quest Diagnostics,health medical doctor,86.92
Shopping,Amazon,clothes,176.76
Others,Unknown Vendor,general #2832,86.0
Shopping,Nike,accessories,250.69
Healthcare,Local Clinic,medicine,494.51
Shopping,Amazon,purchase electronics shoes,36.99
Shopping,Best Buy,shoes,84.92
Others,Various Services,misc #5204,533.88
Entertainment,AMC Theaters,streaming #1539,45.87
Groceries,Trader Joes,groceries,30.48
Entertainment,Spotify,entertainment game music #1596,16.57
Entertainment,Netflix,game,10.78
Entertainment,Netflix,streaming music #3004,33.49
Shopping,H&M,accessories clothes purchase #3714,75.14
Food & Dining,Local Restaurant,meal restaurant lunch,247.25
Shopping,Nike,purchase shoes accessories #3104,190.28
Groceries,Safeway,bread groceries,97.92
Shopping,Best Buy,clothes shoes electronics,138.03
Bills & Utilities,Water Service,service monthly payment,613.0
Groceries,Walmart,meat produce food #7839,124.89
Others,Miscellaneous,service payment general,815.79
Groceries,Walmart,food,51.07
Transportation,Shell,transportation,77.34
Shopping,H&M,shoes electronics,217.26
Others,Miscellaneous,service misc,419.91
Healthcare,Quest Diagnostics,prescription,446.85
Groceries,Whole Foods,meat bread groceries,163.44
Shopping,Nike,purchase clothes,114.08
Healthcare,CVS,prescription health #9761,374.16
Groceries,Kroger,meat,152.59
Groceries,Trader Joes,produce food bread #6564,144.55
Others,Miscellaneous,other payment,82.08
Bills & Utilities,Verizon,utility,647.57
Food & Dining,Subway,takeout meal delivery,587.5
Transportation,BP,taxi transportation,42.72
Bills & Utilities,AT&T,payment,712.63
Groceries,Trader Joes,dairy meat,157.69
Groceries,Trader Joes,dairy meat,148.41
Groceries,Safeway,dairy,62.39
Entertainment,Steam,entertainment game streaming,44.8
Food & Dining,McDonalds,delivery meal restaurant,440.19
Shopping,Target,clothes electronics purchase #3572,243.64
Transportation,Lyft,transit taxi,22.43
Bills & Utilities,Electric Company,monthly,847.72
Transportation,BP,transit,35.57
Groceries,Whole Foods,groceries bread dairy,101.63
Others,Unknown Vendor,payment other,768.27
Healthcare,Local Clinic,prescription,59.68
Others,Various Services,general,402.19
Food & Dining,Subway,restaurant #8294,146.06
Shopping,Target,accessories shoes clothes,76.97
Healthcare,CVS,medical #7267,237.72
Groceries,Kroger,produce dairy bread #6439,61.43
Others,Various Services,general service other,168.97
Transportation,Lyft,taxi #6628,64.02
Transportation,Shell,gas taxi #5273,38.21
Others,Unknown Vendor,other misc service #8569,560.85
Food & Dining,Local Restaurant,meal,557.71
Healthcare,CVS,prescription,404.45
Healthcare,Walgreens,prescription,182.42
Food & Dining,Chipotle,meal takeout delivery,214.61
Food & Dining,Subway,meal delivery restaurant #4236,802.35
Transportation,Shell,fuel transportation taxi,11.84
Shopping,Best Buy,clothes accessories,124.28
Transportation,Shell,ride taxi transit,67.34
Others,Various Services,general,552.27
Shopping,Target,electronics,119.53
Transportation,Lyft,ride taxi #4681,42.64
Food & Dining,McDonalds,restaurant lunch delivery #9506,918.53
Shopping,Target,accessories electronics purchase,249.89
Transportation,BP,transportation taxi transit #6338,53.63
Transportation,Lyft,transit fuel transportation #4002,48.34
Bills & Utilities,Water Service,monthly utility service,879.08
Bills & Utilities,Electric Company,monthly utility service #7685,550.41
Groceries,Trader Joes,food dairy bread #7219,188.14
Bills & Utilities,AT&T,monthly utility,777.52
Bills & Utilities,Verizon,bill service,619.21
Bills & Utilities,Electric Company,monthly #4295,805.21
Bills & Utilities,AT&T,service utility,525.58
Shopping,Target,purchase #9787,42.71
Food & Dining,McDonalds,meal restaurant dinner #3871,330.23
Transportation,Shell,fuel transportation transit #2933,67.18
Entertainment,Spotify,movie entertainment music,33.16
Shopping,Target,clothes accessories,280.53
Bills & Utilities,Electric Company,bill,117.67
Bills & Utilities,Water Service,service monthly payment,121.62
Transportation,Lyft,fuel ride,33.3
Others,Unknown Vendor,general,162.09
Others,Unknown Vendor,payment #5712,795.11
Entertainment,Xbox,streaming entertainment game,18.47
Groceries,Kroger,bread meat #5688,95.36
Entertainment,Xbox,entertainment streaming music #5850,25.88
Transportation,BP,taxi ride transportation #6821,43.25
Groceries,Trader Joes,meat,100.14
Groceries,Trader Joes,dairy #1710,146.12
Others,Various Services,payment general #5697,922.58
Others,Various Services,general other payment #7407,882.63
Entertainment,Xbox,entertainment,10.76
Groceries,Whole Foods,food #1705,49.63
Others,Miscellaneous,service other #5490,381.97
Healthcare,Walgreens,health medical,431.65
Entertainment,Steam,movie entertainment,29.73
Groceries,Kroger,dairy food #3132,47.1
Shopping,Amazon,clothes shoes electronics,27.45
Healthcare,CVS,health prescription medicine #3256,46.99
Entertainment,AMC Theaters,streaming,37.45
Transportation,Shell,fuel transit gas,71.83
Groceries,Kroger,bread food,106.18
Entertainment,Xbox,movie entertainment,39.19
Entertainment,Spotify,entertainment movie,26.07
Transportation,BP,transit #3037,73.67
Groceries,Trader Joes,produce,139.18
Bills & Utilities,Verizon,payment bill,304.77
Shopping,Amazon,accessories purchase #7306,230.75
Food & Dining,Chipotle,delivery #5124,108.82
Groceries,Safeway,dairy groceries food,147.19
Shopping,Nike,purchase,181.77
Entertainment,Steam,movie streaming,21.92
Food & Dining,Chipotle,lunch #7724,230.07
Groceries,Safeway,bread produce groceries,76.71
Healthcare,Quest Diagnostics,prescription,164.69
Others,Unknown Vendor,general misc,722.46
Entertainment,Steam,entertainment game streaming #7748,21.99
Groceries,Kroger,meat produce groceries #6741,68.22
Others,Unknown Vendor,payment misc,460.79
Shopping,Best Buy,electronics,203.01
Shopping,Amazon,accessories purchase electronics #1554,30.48
Healthcare,Quest Diagnostics,health #7098,263.58
Groceries,Kroger,dairy groceries #2047,26.13
Entertainment,Netflix,entertainment movie #2522,22.22
Shopping,Target,purchase clothes #3484,129.42
Healthcare,Local Clinic,doctor medical medicine,313.49
Bills & Utilities,AT&T,payment monthly service,116.28
Healthcare,CVS,prescription doctor,157.14
Food & Dining,McDonalds,lunch,523.79
Groceries,Safeway,meat bread,58.85
Others,Various Services,payment other general,879.37
Healthcare,Walgreens,prescription,465.25
Food & Dining,McDonalds,delivery lunch,938.02
Healthcare,Quest Diagnostics,medical,63.84
Healthcare,Quest Diagnostics,medical,383.73
Bills & Utilities,Electric Company,utility monthly service #7985,181.42
Entertainment,Spotify,music,21.58
Healthcare,CVS,medicine doctor medical,50.12
Entertainment,Xbox,music,43.25
Bills & Utilities,Electric Company,service utility payment #3989,97.02
Healthcare,Quest Diagnostics,doctor health medical,391.4
Shopping,Nike,purchase electronics clothes,123.63
Entertainment,Steam,game music streaming #8208,49.82
Food & Dining,Local Restaurant,delivery restaurant,97.23
Transportation,Metro,taxi ride fuel,52.63
Food & Dining,McDonalds,dinner,265.66
Others,Unknown Vendor,other service payment,620.42
Transportation,Uber,transportation transit #9459,19.14
Food & Dining,Pizza Hut,delivery,248.97
Bills & Utilities,AT&T,payment monthly utility #1642,11.39
Entertainment,Xbox,streaming movie #9043,25.29
Transportation,BP,fuel,47.03
Entertainment,Spotify,streaming movie #8617,28.45
Groceries,Trader Joes,bread,115.22
Healthcare,CVS,prescription medical #7393,493.87
Entertainment,Netflix,streaming music game,37.27
Entertainment,Steam,entertainment game streaming #6191,34.78
Entertainment,Xbox,music movie #2441,12.57
Transportation,Lyft,gas transit taxi #4794,79.49
Others,Miscellaneous,service other general #4124,403.59
Food & Dining,Chipotle,lunch takeout,934.83
Groceries,Safeway,meat dairy groceries,196.01
Healthcare,Local Clinic,doctor,437.36
Shopping,H&M,electronics accessories,141.49
Shopping,Target,electronics,208.75
Bills & Utilities,Water Service,payment bill service,583.77
Bills & Utilities,Electric Company,bill,363.67
Transportation,Uber,gas fuel,63.02
Food & Dining,Pizza Hut,dinner,751.3
Food & Dining,Chipotle,takeout lunch restaurant,777.46
Food & Dining,McDonalds,meal takeout delivery #8693,523.54
Groceries,Safeway,bread,86.04
Healthcare,CVS,medical #4507,135.95
Others,Various Services,service general #3312,551.59
Shopping,Nike,electronics clothes accessories #4301,252.93
Food & Dining,Chipotle,lunch,92.72
Healthcare,CVS,medical medicine,348.84
Others,Miscellaneous,service general,780.46
Others,Miscellaneous,other payment misc #1753,565.28
Transportation,Uber,gas ride,8.44
Shopping,Amazon,clothes #5550,151.68
Transportation,Metro,taxi fuel transportation,36.73
Others,Miscellaneous,misc,83.2
Bills & Utilities,Verizon,utility,830.59
Others,Various Services,general,159.4
Healthcare,Local Clinic,doctor medicine health,454.74
Bills & Utilities,AT&T,utility payment,723.3
Others,Various Services,general service misc,943.91
Bills & Utilities,Electric Company,bill,806.6
Healthcare,Walgreens,prescription health medicine,143.56
Shopping,Nike,clothes shoes purchase #4125,289.11
Healthcare,Local Clinic,medicine medical,42.71
Food & Dining,Subway,lunch delivery #5982,775.06
Transportation,Uber,ride transit transportation,7.65
Shopping,Target,clothes,127.46
Others,Various Services,payment #1629,597.37
Healthcare,Local Clinic,prescription health medical #5989,235.32
Transportation,Shell,gas,56.57
Others,Various Services,service,432.63
Healthcare,Local Clinic,prescription doctor health,323.47
Entertainment,Netflix,movie,30.01
Healthcare,CVS,doctor #1880,222.64
Food & Dining,Local Restaurant,restaurant #5736,505.33
Others,Miscellaneous,other misc,658.39
Groceries,Whole Foods,dairy meat,153.76
Transportation,Lyft,fuel transportation gas,40.52
Groceries,Kroger,groceries food meat,123.8
Transportation,Shell,transportation,72.23
Bills & Utilities,AT&T,utility,223.7
Others,Unknown Vendor,other general service #7361,749.35
Bills & Utilities,Water Service,utility,877.07
Bills & Utilities,AT&T,monthly service #6080,212.72
Bills & Utilities,Electric Company,bill service monthly,332.47
Groceries,Whole Foods,meat,164.59
Healthcare,CVS,prescription medicine medical #7626,400.83
Food & Dining,Local Restaurant,takeout lunch meal #1164,15.05
Food & Dining,Local Restaurant,dinner restaurant,377.46
Others,Miscellaneous,service #1216,602.37
Bills & Utilities,Verizon,service payment utility,879.17
Shopping,H&M,clothes electronics shoes #5030,21.22
Bills & Utilities,Verizon,bill payment #3330,460.34
Shopping,Target,shoes #5332,131.98
Shopping,Nike,accessories shoes electronics #6477,106.05
Shopping,Nike,electronics,257.88
Groceries,Trader Joes,meat bread,78.11
Others,Miscellaneous,service,546.98
Food & Dining,Pizza Hut,restaurant lunch takeout,443.06
Healthcare,CVS,health #5001,435.08
Transportation,Lyft,ride fuel,13.68
Others,Various Services,payment other service,880.54
Food & Dining,Chipotle,dinner restaurant delivery,136.57
Bills & Utilities,Verizon,service payment bill,91.35
Groceries,Walmart,food meat dairy #4802,163.47
Others,Unknown Vendor,other payment general #8365,976.97
Food & Dining,Pizza Hut,lunch,755.81
Others,Various Services,general misc,760.06
Others,Miscellaneous,service #3944,81.1
Transportation,Shell,transit taxi,26.7
Entertainment,Xbox,movie #9148,29.19
Groceries,Walmart,meat dairy produce #4332,63.53
Bills & Utilities,AT&T,payment,113.99
Transportation,BP,transit,46.19
Shopping,Target,accessories shoes,61.11
Groceries,Trader Joes,groceries,135.2
Shopping,Nike,electronics,299.38
Healthcare,CVS,prescription doctor medicine #5742,100.72
Others,Various Services,general payment #6052,396.84
Others,Various Services,general,772.98
Transportation,Metro,ride transportation,32.74
Healthcare,Quest Diagnostics,prescription #1668,387.56
Others,Various Services,other payment misc,911.51
Shopping,H&M,purchase accessories clothes,292.07
Food & Dining,Subway,lunch dinner,310.19
Shopping,Amazon,shoes accessories electronics,232.58
Healthcare,Walgreens,prescription doctor,483.33
Entertainment,Steam,game music,26.41
Food & Dining,Local Restaurant,lunch meal #1250,645.26
Entertainment,Steam,streaming,42.33
Groceries,Safeway,produce bread groceries,117.37
Healthcare,Quest Diagnostics,medical health #4228,356.7
Bills & Utilities,Water Service,bill payment monthly,806.84
Entertainment,Steam,entertainment,23.74
Shopping,Amazon,purchase,156.63
Healthcare,Local Clinic,health medical doctor,369.99
Food & Dining,Subway,restaurant,184.81
Healthcare,Quest Diagnostics,medical prescription health,92.04
Transportation,Shell,transportation ride #1681,5.74
Transportation,Uber,transit #2939,43.09
Entertainment,Steam,game music streaming,30.67
Others,Miscellaneous,service payment general #5483,756.52
Shopping,Best Buy,electronics #5527,182.57
Shopping,Nike,clothes purchase,29.06
Bills & Utilities,Water Service,monthly service,816.73
Groceries,Trader Joes,bread,168.74
Transportation,Metro,transportation transit,45.46
Bills & Utilities,Verizon,monthly #9451,442.16
Entertainment,Netflix,movie,23.52
Groceries,Kroger,groceries bread #9208,94.18
Shopping,Target,electronics shoes purchase #1375,75.9
Transportation,BP,fuel #4621,52.07
Healthcare,Local Clinic,medical health medicine,347.24
Shopping,Target,accessories shoes electronics,20.97
Food & Dining,Pizza Hut,dinner meal takeout #1706,216.47
Transportation,Shell,ride taxi transportation,30.06
Shopping,Best Buy,shoes,161.38
Food & Dining,Local Restaurant,lunch #5690,747.97
Bills & Utilities,Verizon,service monthly utility,43.37
Transportation,Lyft,ride #1519,69.48
Others,Miscellaneous,general service payment #5523,240.08
Shopping,H&M,electronics clothes,242.27
Groceries,Whole Foods,dairy produce meat,87.15
Healthcare,Local Clinic,doctor prescription medical,408.58
Bills & Utilities,AT&T,bill,10.66
Groceries,Kroger,food,168.5
Bills & Utilities,Water Service,bill,324.89
Others,Miscellaneous,misc general,498.19
Healthcare,Quest Diagnostics,doctor #9316,359.92
Groceries,Whole Foods,bread #9266,185.34
Others,Various Services,service misc,804.23
Bills & Utilities,Water Service,bill payment #6161,931.4
Others,Miscellaneous,service misc,757.51
Healthcare,CVS,medicine,255.61
Groceries,Walmart,groceries #3348,156.38
Bills & Utilities,Water Service,service monthly payment,343.38
Groceries,Walmart,food meat groceries,67.09
Healthcare,Local Clinic,prescription medicine medical,297.79
Healthcare,CVS,doctor #8755,408.24
Others,Various Services,service general #3512,135.72
Food & Dining,Chipotle,takeout,991.8
Healthcare,Quest Diagnostics,doctor medicine health,205.72
Others,Unknown Vendor,payment misc,557.63
Entertainment,AMC Theaters,movie entertainment,45.81
Shopping,Best Buy,accessories clothes,43.9
Entertainment,Xbox,music movie streaming,37.01
Bills & Utilities,Water Service,utility payment,190.87
Groceries,Kroger,dairy meat groceries,54.23
Others,Miscellaneous,other misc general #8549,978.0
Bills & Utilities,Water Service,monthly,714.23
Bills & Utilities,Verizon,payment,709.61
Bills & Utilities,Water Service,monthly bill utility,658.35
Others,Unknown Vendor,misc other service,327.06
Shopping,Target,accessories,125.58
Healthcare,CVS,medical prescription,364.07
Groceries,Trader Joes,produce dairy,107.67
Others,Various Services,service misc,590.06
Others,Unknown Vendor,general payment service #8381,156.21
Others,Unknown Vendor,payment,183.24
Entertainment,Xbox,movie music,25.53
Bills & Utilities,AT&T,payment #1822,354.26
Food & Dining,Chipotle,takeout dinner delivery,46.25
Shopping,Best Buy,shoes clothes purchase,203.83
Healthcare,Walgreens,prescription doctor health,297.92
Transportation,Uber,fuel gas,6.87
Others,Miscellaneous,service #2941,659.66
Others,Unknown Vendor,payment service misc,594.84
Entertainment,Steam,movie streaming music #7571,30.68
Shopping,Target,accessories,89.6
Others,Unknown Vendor,service payment,630.63
Transportation,BP,ride taxi #5930,11.47
Food & Dining,Pizza Hut,lunch delivery restaurant,888.63
Food & Dining,McDonalds,meal lunch,640.11
Food & Dining,Pizza Hut,meal restaurant lunch,908.26
Others,Various Services,general other service #1440,986.26
Groceries,Safeway,produce,88.89
Others,Miscellaneous,misc service #2636,307.45
Entertainment,AMC Theaters,movie,18.29
Entertainment,Xbox,streaming,34.21
Food & Dining,Pizza Hut,takeout,46.37
Healthcare,Local Clinic,medical medicine prescription,362.66
Transportation,BP,taxi,17.59
Shopping,H&M,accessories electronics,44.97
Healthcare,Local Clinic,medicine prescription medical,412.39
Food & Dining,Local Restaurant,meal #9904,558.37
Entertainment,Xbox,movie,33.17
Others,Miscellaneous,other,52.24
Others,Unknown Vendor,payment general misc #5338,75.12
Shopping,Target,electronics accessories clothes,123.74
Food & Dining,Local Restaurant,delivery,817.18
Bills & Utilities,Electric Company,payment #6289,671.62
Healthcare,Quest Diagnostics,medical doctor,100.1
Groceries,Safeway,dairy meat bread,113.63
Shopping,H&M,accessories electronics,43.1
Bills & Utilities,Electric Company,monthly service,963.34
Others,Unknown Vendor,service general,824.14
Bills & Utilities,AT&T,service payment utility,291.52
Food & Dining,Subway,meal lunch takeout,98.94
Food & Dining,McDonalds,lunch takeout restaurant,976.73
Shopping,Amazon,purchase,294.76
Entertainment,AMC Theaters,movie game streaming #3707,43.99
Groceries,Walmart,dairy bread #4488,181.28
Bills & Utilities,Electric Company,payment service monthly,415.92
Bills & Utilities,Water Service,utility,929.3
Transportation,BP,taxi transit fuel #3105,20.07
Groceries,Trader Joes,meat dairy food #8311,91.19
Groceries,Trader Joes,bread produce food #5101,86.3
Groceries,Kroger,produce dairy food,162.01
Food & Dining,Subway,meal delivery takeout #5778,228.81
Bills & Utilities,Verizon,bill service utility,947.36
Shopping,Best Buy,electronics,47.5
Healthcare,Local Clinic,doctor health,165.87
Shopping,Best Buy,accessories clothes shoes,149.55
Groceries,Trader Joes,food bread dairy,190.52
Healthcare,Quest Diagnostics,medicine doctor medical,160.64
Shopping,H&M,purchase accessories clothes,170.18
Entertainment,Xbox,streaming #1397,16.43
Entertainment,Spotify,movie music,39.94
Groceries,Kroger,food dairy,70.3
Food & Dining,Subway,restaurant,922.44
Transportation,Shell,transportation transit fuel,68.12
Food & Dining,Chipotle,restaurant #9699,193.62
Bills & Utilities,Verizon,payment bill utility,631.03
Entertainment,AMC Theaters,entertainment #7247,36.02
Food & Dining,Pizza Hut,dinner restaurant lunch,678.83
Transportation,Metro,taxi fuel,63.0
Entertainment,Spotify,music #6955,40.35
Entertainment,Steam,streaming music #7278,37.73
Bills & Utilities,AT&T,utility,392.57
Others,Miscellaneous,misc service #6495,535.41
Others,Various Services,other general service,370.32
Bills & Utilities,Verizon,monthly payment,813.85
Food & Dining,Local Restaurant,meal,990.43
Entertainment,AMC Theaters,entertainment music game,15.52
Food & Dining,Subway,meal lunch,680.85
Others,Unknown Vendor,misc general,276.36
Bills & Utilities,Verizon,bill service #6596,451.39
Food & Dining,Local Restaurant,lunch delivery restaurant,809.16
Healthcare,CVS,medicine prescription,334.3
Shopping,Amazon,shoes,160.84
Others,Unknown Vendor,payment other service,996.51
Bills & Utilities,AT&T,service payment,543.03
Groceries,Safeway,groceries,157.98
Bills & Utilities,Verizon,monthly service bill,607.79
Groceries,Trader Joes,groceries food dairy,112.75
Shopping,Nike,purchase electronics #2167,125.67
Groceries,Trader Joes,food,56.55
Shopping,Target,shoes accessories,234.03
Transportation,Metro,ride,19.82
Healthcare,CVS,health prescription medical,311.88
Others,Unknown Vendor,service,286.86
Transportation,Metro,transportation taxi,40.81
Transportation,Lyft,gas taxi #9236,5.15
Bills & Utilities,Verizon,utility,153.28
Others,Various Services,other service #6252,526.49
Healthcare,Walgreens,medicine medical,283.16
Food & Dining,Pizza Hut,dinner #6412,722.51
Entertainment,Xbox,game streaming,49.87
Food & Dining,Local Restaurant,delivery,503.56
Entertainment,Steam,streaming,17.9
Shopping,Best Buy,purchase shoes clothes #6301,64.18
Entertainment,Steam,streaming entertainment game,28.03
Others,Unknown Vendor,general,83.32
Transportation,Shell,taxi ride transit,70.39
Entertainment,Spotify,entertainment #2918,24.69
Healthcare,Quest Diagnostics,prescription medicine doctor,299.85
Food & Dining,McDonalds,lunch takeout,327.03
Transportation,Uber,ride transportation,38.69
Entertainment,AMC Theaters,streaming music,22.12
Others,Various Services,general service misc,118.75
Groceries,Walmart,dairy produce meat,154.78
Shopping,H&M,accessories electronics,233.86
Others,Various Services,misc,508.54
Bills & Utilities,Water Service,bill service,197.55
Groceries,Kroger,food,160.87
Shopping,Nike,purchase,276.56
Entertainment,Netflix,game #4394,17.16
Entertainment,Spotify,streaming,40.35
Food & Dining,Chipotle,dinner meal takeout #6385,377.82
Food & Dining,Pizza Hut,delivery takeout restaurant,613.01
Entertainment,Steam,entertainment,33.74
Groceries,Kroger,groceries,91.94
Food & Dining,Chipotle,delivery,153.64
Bills & Utilities,Electric Company,monthly utility #8725,362.47
Groceries,Safeway,food,123.84
Transportation,BP,transportation,53.86
Bills & Utilities,Verizon,payment bill #9332,215.5
Transportation,BP,gas transportation transit #4406,76.2
Bills & Utilities,Water Service,bill monthly payment,964.95
Shopping,Target,purchase,187.44
Groceries,Walmart,produce dairy bread,134.95
Bills & Utilities,Water Service,utility #1914,329.46
Entertainment,AMC Theaters,music #3559,14.31
Shopping,Best Buy,accessories electronics shoes,34.79
Food & Dining,Chipotle,restaurant meal dinner,335.93
Food & Dining,Chipotle,takeout,721.3
Others,Miscellaneous,other misc #3242,806.61
Bills & Utilities,AT&T,monthly,434.81
Shopping,Amazon,accessories electronics,136.24
Shopping,Best Buy,electronics accessories purchase,253.25
Bills & Utilities,Water Service,service,603.82
Bills & Utilities,AT&T,monthly payment #1526,693.72
Groceries,Kroger,bread food,181.43
Entertainment,Steam,streaming movie #2291,49.69
Transportation,Lyft,ride,66.33
Entertainment,Netflix,music movie,36.59
Others,Unknown Vendor,misc payment,534.91
Food & Dining,Pizza Hut,takeout delivery lunch,497.52
Groceries,Kroger,produce food,137.32
Others,Unknown Vendor,general,260.61
Entertainment,Xbox,movie entertainment streaming,31.34
Transportation,Metro,gas transit,51.13
Bills & Utilities,Verizon,bill service,656.94
Groceries,Kroger,food meat #6997,66.84
Groceries,Trader Joes,food produce,199.58
Entertainment,AMC Theaters,entertainment movie streaming #8746,45.1
Transportation,Metro,ride #3746,64.99
Bills & Utilities,Verizon,monthly payment bill #3493,600.8
Others,Miscellaneous,general misc payment,13.16
Groceries,Walmart,produce #1388,82.72
Entertainment,AMC Theaters,game,19.67
Shopping,Amazon,purchase,202.68
Bills & Utilities,AT&T,monthly utility payment #3249,364.68
Others,Miscellaneous,general,567.0
Shopping,Target,electronics shoes accessories,63.15
Bills & Utilities,Water Service,service payment,309.0
Others,Various Services,other,821.75
Food & Dining,McDonalds,meal lunch takeout,25.05
Healthcare,Walgreens,prescription medicine doctor,168.1
Shopping,H&M,accessories,152.88
Food & Dining,McDonalds,takeout lunch restaurant,119.8
Shopping,Nike,shoes electronics purchase,151.07
Healthcare,Quest Diagnostics,medical prescription,197.03
Groceries,Whole Foods,food produce meat #1200,130.56
Groceries,Trader Joes,food #9167,29.58
Healthcare,Quest Diagnostics,prescription,90.59
Others,Various Services,misc payment #5892,351.64
Bills & Utilities,Verizon,monthly,873.4
Food & Dining,Local Restaurant,delivery restaurant,538.18
Transportation,BP,gas transportation fuel,38.84
Groceries,Trader Joes,produce groceries,37.8
Entertainment,AMC Theaters,entertainment #7559,33.37
Shopping,H&M,electronics purchase,254.96
Food & Dining,Pizza Hut,meal,383.65
Groceries,Whole Foods,bread #8726,99.1
Entertainment,Netflix,music entertainment,22.18
Entertainment,AMC Theaters,game movie,36.17
Healthcare,Quest Diagnostics,prescription,166.65
Transportation,Lyft,taxi ride #3497,50.51
Transportation,Metro,transportation,61.25
Transportation,Metro,transportation transit,56.98
Groceries,Kroger,food,97.95
Bills & Utilities,Electric Company,monthly utility #5217,52.84
Healthcare,CVS,medical health,117.09
Shopping,Best Buy,clothes,227.0
Food & Dining,McDonalds,delivery dinner restaurant #2561,746.08
Groceries,Whole Foods,produce meat,23.79
Shopping,H&M,purchase clothes accessories,128.17
Healthcare,Local Clinic,prescription,391.66
Groceries,Trader Joes,dairy groceries produce,32.86
Groceries,Walmart,bread,57.7
Healthcare,CVS,medical doctor health #5314,237.28
Transportation,BP,gas transit #6772,33.5
Others,Various Services,general #5430,89.07
Transportation,Shell,gas fuel,46.7
Entertainment,Steam,movie entertainment music #3943,26.77
Food & Dining,Local Restaurant,meal #3317,741.69
Shopping,Best Buy,shoes,237.76
Shopping,H&M,purchase,224.7
Others,Various Services,payment service #7564,525.44
Entertainment,Xbox,music,40.34
Shopping,Nike,accessories #9499,189.64
Healthcare,Walgreens,health medicine,404.87
Food & Dining,McDonalds,meal takeout,590.96
Groceries,Walmart,meat groceries produce,114.04
Shopping,Amazon,purchase clothes shoes,50.16
Bills & Utilities,Verizon,utility #1296,575.55
Food & Dining,McDonalds,restaurant takeout meal,641.25
Healthcare,Walgreens,doctor health medicine,465.38
Food & Dining,McDonalds,restaurant takeout dinner #1181,21.16
Bills & Utilities,Water Service,monthly utility #8781,156.46
Shopping,Amazon,purchase electronics shoes #9129,74.74
Transportation,Shell,ride #2538,11.63
Others,Unknown Vendor,service payment #7102,597.26
Food & Dining,Pizza Hut,delivery takeout lunch,168.27
Groceries,Safeway,bread,37.0
Entertainment,AMC Theaters,game,25.06
Groceries,Safeway,meat #5304,99.12
Entertainment,Spotify,entertainment #7328,29.76
Food & Dining,Local Restaurant,meal,479.03
Entertainment,AMC Theaters,entertainment movie,10.03
Food & Dining,Subway,delivery takeout lunch,903.11
Shopping,Nike,shoes purchase,174.96
Transportation,Uber,ride gas #8585,59.82
Transportation,Shell,fuel,71.06
Healthcare,Local Clinic,medicine,147.55
Bills & Utilities,Verizon,service,763.87
Entertainment,Xbox,game,20.0
Bills & Utilities,Electric Company,utility bill monthly,490.85
Groceries,Trader Joes,food produce groceries #8503,109.39
Bills & Utilities,AT&T,monthly bill payment,688.68
Groceries,Walmart,dairy food,183.07
Groceries,Walmart,food meat,126.15
Healthcare,Local Clinic,doctor,427.41
Shopping,Nike,clothes,27.7
Groceries,Walmart,meat,66.19
Healthcare,Quest Diagnostics,medical health doctor #6581,328.27
Bills & Utilities,Verizon,monthly bill payment,784.2
Shopping,Target,shoes,24.27
Others,Various Services,service payment,567.43
Shopping,Amazon,clothes,224.51
Bills & Utilities,AT&T,utility #2127,529.34
Entertainment,AMC Theaters,entertainment game #3023,46.82
Bills & Utilities,Water Service,bill utility,836.21
Food & Dining,Local Restaurant,lunch meal delivery #6225,662.83
Groceries,Safeway,meat produce groceries,36.68
Healthcare,CVS,prescription health medicine,430.89
Transportation,Uber,transit #4314,26.23
Healthcare,CVS,health medical,347.83
Groceries,Safeway,food groceries bread,117.29
Food & Dining,Local Restaurant,delivery lunch,402.68
Groceries,Walmart,dairy,184.01
Transportation,Lyft,fuel taxi transit,55.65
Bills & Utilities,Verizon,bill monthly,320.44
Bills & Utilities,Electric Company,bill monthly utility #9598,345.92
Food & Dining,Subway,lunch takeout,766.9
Healthcare,CVS,medicine prescription health #8722,434.56
Transportation,Uber,gas fuel,70.18
Transportation,Lyft,transportation ride gas,5.52
Food & Dining,Local Restaurant,lunch delivery restaurant,157.83
Groceries,Kroger,dairy bread produce,163.94
Food & Dining,Chipotle,dinner lunch,468.73
Transportation,Shell,fuel transportation #5998,70.44
Others,Unknown Vendor,misc,516.59
Food & Dining,Pizza Hut,lunch,121.03
Bills & Utilities,Verizon,bill payment utility #3878,775.0
Groceries,Kroger,dairy produce #4453,122.56
Transportation,BP,gas,30.95
Shopping,Best Buy,clothes #8264,69.42
Bills & Utilities,Electric Company,monthly service utility,135.48
Others,Various Services,payment,800.23
Others,Unknown Vendor,misc general,849.61
Others,Unknown Vendor,misc,292.65
Shopping,Nike,clothes,255.36
Shopping,Amazon,shoes #5798,175.83
Shopping,Best Buy,clothes,265.72
Transportation,Uber,fuel,49.33
Shopping,Nike,clothes shoes,175.54
Entertainment,AMC Theaters,music game #4378,31.27
Bills & Utilities,AT&T,bill,738.11
Bills & Utilities,AT&T,bill,240.9
Groceries,Trader Joes,produce groceries meat,27.27
Healthcare,Local Clinic,prescription medical medicine,98.13
Shopping,Amazon,accessories,265.04
Transportation,BP,fuel transit,43.7
Groceries,Kroger,produce groceries #5340,169.23
Shopping,Nike,electronics #8820,260.07
Transportation,BP,fuel gas ride,8.39
Transportation,Lyft,transit,17.04
Shopping,H&M,clothes,232.52
Healthcare,Quest Diagnostics,health medicine,483.03
Others,Various Services,misc general,239.47
Others,Miscellaneous,misc service,777.52
Healthcare,Quest Diagnostics,doctor,363.02
Food & Dining,Subway,meal,81.24
Food & Dining,Pizza Hut,lunch takeout #7115,489.89
Others,Miscellaneous,service,672.96
Bills & Utilities,Verizon,payment #3147,997.44
Shopping,H&M,accessories clothes purchase,280.96
Groceries,Walmart,produce food,104.91
Entertainment,Netflix,streaming entertainment movie,43.24
Shopping,Amazon,purchase electronics shoes,265.43
Shopping,H&M,accessories electronics shoes,41.43
Bills & Utilities,AT&T,payment monthly service,686.54
Shopping,Amazon,accessories electronics #8423,223.71
Transportation,Shell,gas transportation fuel #3940,5.86
Others,Unknown Vendor,service,64.23
Groceries,Whole Foods,dairy meat bread,181.46
Others,Various Services,general service misc,416.44
Food & Dining,Pizza Hut,delivery restaurant,408.99
Others,Various Services,general other payment,113.42
Shopping,Nike,purchase shoes,116.65
Shopping,Best Buy,shoes clothes,258.32
Others,Miscellaneous,misc general payment,300.84
Entertainment,Xbox,movie music #1747,27.96
Transportation,Metro,transportation ride gas #9447,11.04
Bills & Utilities,Verizon,utility payment monthly,988.48
Entertainment,AMC Theaters,game entertainment,24.47
Healthcare,Local Clinic,prescription #3883,33.31
Shopping,Nike,shoes,133.68
Bills & Utilities,AT&T,utility #7892,497.78
Shopping,H&M,accessories purchase shoes,246.21
Transportation,Metro,taxi fuel ride #9552,68.27
Bills & Utilities,AT&T,monthly payment service,582.66
Groceries,Safeway,meat produce dairy,153.58
Healthcare,Quest Diagnostics,medical,407.35
Others,Miscellaneous,other payment,121.67
Shopping,Target,clothes,167.08
Transportation,Uber,transit transportation,78.48
Bills & Utilities,Electric Company,bill,320.58
Food & Dining,Local Restaurant,dinner takeout #8240,819.53
Transportation,Uber,fuel transit gas,51.53
Shopping,Amazon,accessories,41.32
Entertainment,Netflix,streaming game,36.64
Healthcare,Quest Diagnostics,medical health prescription #3647,344.96
Bills & Utilities,Electric Company,payment,382.83
Groceries,Kroger,bread produce groceries,60.59
Food & Dining,Chipotle,restaurant lunch takeout,520.95
Transportation,BP,fuel ride transportation,22.07
Groceries,Kroger,groceries produce bread,32.53
Groceries,Walmart,food dairy,57.58
Groceries,Whole Foods,produce meat #4455,58.32
Bills & Utilities,Water Service,monthly utility,476.78
Bills & Utilities,Water Service,monthly payment,250.56
Healthcare,Local Clinic,prescription medicine doctor,156.76
Healthcare,Quest Diagnostics,prescription health,358.98
Entertainment,Xbox,entertainment,48.92
Groceries,Kroger,produce dairy groceries #2734,164.85
Entertainment,Steam,streaming game music,14.16
Transportation,Uber,gas fuel #9972,76.47
Shopping,Amazon,electronics #1226,148.01
Groceries,Trader Joes,food bread groceries #7002,122.57
Groceries,Walmart,bread food produce #6168,176.26
Shopping,Amazon,clothes purchase,74.17
Others,Various Services,service,122.99
Others,Various Services,service misc,202.97
Food & Dining,Chipotle,takeout,56.55
Groceries,Walmart,bread dairy meat,140.63
Transportation,Shell,transportation #6276,48.55
Groceries,Whole Foods,bread dairy produce #2407,190.0
Transportation,Uber,transit taxi,73.71
Entertainment,Steam,music movie,49.69
Entertainment,AMC Theaters,music #3749,39.76
Bills & Utilities,Water Service,bill utility,76.69
Shopping,Nike,shoes clothes purchase #9774,42.24
Shopping,Target,shoes purchase accessories,106.43
Shopping,H&M,shoes,92.85
Transportation,Metro,transportation fuel,76.63
Groceries,Whole Foods,meat,175.54
Groceries,Whole Foods,meat produce bread #2268,74.93
Bills & Utilities,Water Service,bill,88.24
Entertainment,AMC Theaters,game,36.61
Shopping,Target,purchase shoes clothes,140.01
Entertainment,Netflix,movie streaming,48.51
Groceries,Safeway,produce dairy bread,89.07
Shopping,Nike,electronics,218.46
Shopping,H&M,purchase shoes,268.36
Groceries,Kroger,meat,88.04
Food & Dining,Pizza Hut,restaurant,511.39
Healthcare,Quest Diagnostics,medical doctor medicine #9532,465.85
Healthcare,Quest Diagnostics,medical health medicine,468.31
Groceries,Safeway,produce groceries meat,24.91
Bills & Utilities,AT&T,utility payment bill,49.89
Shopping,Target,electronics shoes clothes,104.21
Entertainment,Netflix,movie streaming #3496,22.1
Shopping,Nike,accessories electronics,172.7
Bills & Utilities,Water Service,monthly bill,176.53
Healthcare,CVS,doctor medicine prescription,411.85
Food & Dining,Subway,dinner,160.31
Shopping,Amazon,purchase shoes clothes,253.18
Healthcare,Quest Diagnostics,prescription doctor #8986,139.69
Bills & Utilities,Electric Company,utility #1574,276.51
Groceries,Safeway,produce #8495,119.1
Transportation,Uber,ride gas #1714,26.43
Food & Dining,Subway,dinner meal restaurant,962.93
Others,Various Services,misc other general #1175,941.65
Food & Dining,McDonalds,restaurant,526.62
Healthcare,Local Clinic,health medical doctor,437.06
Shopping,Best Buy,clothes purchase,44.78
Transportation,BP,ride,14.73
Entertainment,AMC Theaters,streaming,46.04
Groceries,Safeway,food groceries dairy #7443,75.73
Others,Unknown Vendor,general,819.58
Entertainment,Spotify,music #1751,36.86
Others,Miscellaneous,payment general,281.06
Transportation,Uber,taxi,19.64
Bills & Utilities,AT&T,payment service monthly,943.41
Healthcare,CVS,health medicine prescription #8003,419.95
Shopping,Amazon,clothes,142.96
Food & Dining,Local Restaurant,takeout restaurant delivery #1015,279.86
Others,Miscellaneous,other general misc,951.33
Others,Unknown Vendor,other,167.76
Transportation,Shell,ride transportation taxi #2065,49.28
Shopping,Best Buy,electronics,146.93
Groceries,Walmart,groceries,183.28
Healthcare,Local Clinic,prescription,499.07
Bills & Utilities,Electric Company,monthly,433.4
Bills & Utilities,Water Service,payment bill,184.36
Groceries,Whole Foods,meat groceries food,184.93
Food & Dining,McDonalds,takeout dinner,565.56
Shopping,Target,electronics clothes,24.14
Groceries,Whole Foods,food #1263,149.59
Others,Unknown Vendor,misc payment service,786.96
Shopping,Amazon,purchase electronics,251.74
Bills & Utilities,Water Service,payment,452.4
Food & Dining,Chipotle,takeout meal delivery,365.58
Entertainment,AMC Theaters,entertainment movie,10.19
Others,Unknown Vendor,payment,141.23
Transportation,Uber,gas taxi transit,54.15
Groceries,Walmart,groceries dairy bread #2129,32.78
Healthcare,Quest Diagnostics,prescription doctor medicine,252.87
Healthcare,Walgreens,medical medicine prescription #3964,266.67
Groceries,Kroger,dairy meat produce #2018,195.84
Others,Various Services,service #5836,234.68
Healthcare,CVS,prescription,447.41
Others,Unknown Vendor,payment #4926,798.44
Entertainment,AMC Theaters,game entertainment,38.72
Transportation,Lyft,fuel,71.41
Shopping,Amazon,purchase,114.06
Others,Various Services,general,604.35
Shopping,H&M,clothes shoes electronics,218.7
Bills & Utilities,AT&T,utility,762.66
Transportation,Uber,ride taxi,51.81
Healthcare,CVS,health,37.87
Groceries,Trader Joes,groceries meat dairy,174.15
Transportation,Uber,fuel taxi gas,45.95
Food & Dining,Pizza Hut,dinner meal,636.11
Bills & Utilities,AT&T,service monthly #4928,180.47
Others,Unknown Vendor,payment general service,676.52
Bills & Utilities,Electric Company,utility,536.0
Transportation,Shell,transit,28.34
Healthcare,Walgreens,health,326.38
Bills & Utilities,AT&T,utility #8080,110.76
Healthcare,Quest Diagnostics,prescription health #2376,185.16
Food & Dining,McDonalds,takeout delivery meal,202.09
Entertainment,Spotify,entertainment streaming music,11.1
Entertainment,Spotify,movie #6240,34.58
Groceries,Whole Foods,bread meat food,34.45
Food & Dining,Local Restaurant,meal takeout delivery #7606,94.7
Transportation,Metro,fuel transportation taxi #4986,38.06
Healthcare,Local Clinic,medical doctor medicine #2846,187.04
Groceries,Kroger,dairy produce,71.5
Groceries,Kroger,bread,95.41
Others,Unknown Vendor,payment other general,722.76
Entertainment,Steam,game entertainment streaming,34.46
Groceries,Trader Joes,bread meat produce,107.07
Transportation,Metro,taxi gas ride #9638,50.56
Shopping,Amazon,purchase shoes,153.45
Bills & Utilities,AT&T,bill,497.79
Transportation,BP,transportation taxi,10.46
Bills & Utilities,Water Service,bill,125.53
Others,Unknown Vendor,misc payment general,112.46
Entertainment,Xbox,entertainment,38.22
Healthcare,CVS,prescription health doctor,177.25
Transportation,Metro,fuel ride,17.3
Bills & Utilities,AT&T,payment monthly utility #1958,74.16
Others,Various Services,other service,291.99
Shopping,Amazon,shoes,76.76
Entertainment,Netflix,entertainment game movie,39.59
Transportation,Uber,transportation transit ride,8.81
Others,Miscellaneous,misc other,458.09
Food & Dining,Subway,dinner meal takeout,875.8
Transportation,BP,ride,18.67
Groceries,Whole Foods,groceries,93.58
Others,Various Services,service other general #9270,242.32
Food & Dining,Chipotle,lunch delivery,606.99
Bills & Utilities,Water Service,bill utility monthly #3569,328.65
Entertainment,Netflix,music entertainment,47.04
Transportation,Metro,transit taxi ride,38.67
Shopping,Nike,clothes shoes accessories #8704,299.01
Shopping,Amazon,purchase clothes,97.53
Transportation,BP,ride,57.12
Entertainment,Steam,movie entertainment streaming #1623,35.56
Bills & Utilities,Electric Company,bill service,287.33
Transportation,Lyft,gas taxi,32.5
Healthcare,Local Clinic,medicine prescription,150.43
Food & Dining,Pizza Hut,meal #1644,557.5
Entertainment,Netflix,movie,47.53
Transportation,BP,transit,17.71
Others,Miscellaneous,general,223.71
Others,Unknown Vendor,service,685.68
Entertainment,Xbox,movie music,35.19
Groceries,Kroger,dairy food meat,186.97
Others,Unknown Vendor,misc #7752,723.21
Entertainment,Xbox,game #6099,11.91
Food & Dining,Chipotle,meal #1206,384.85
Transportation,Lyft,taxi transit fuel,36.23
Entertainment,Netflix,music #4022,45.94
Bills & Utilities,Electric Company,service monthly payment,634.75
Shopping,Amazon,purchase,269.01
Food & Dining,Subway,delivery restaurant,961.57
Food & Dining,Local Restaurant,restaurant dinner meal,451.85
Others,Miscellaneous,general misc,161.01
Transportation,Uber,gas,34.91
Shopping,H&M,clothes purchase shoes,77.84
Others,Various Services,service,155.43
Entertainment,Steam,game music #2055,12.85
Shopping,H&M,accessories electronics,266.32
Shopping,Amazon,accessories clothes purchase,239.34
Shopping,Best Buy,accessories purchase #6614,42.82
Bills & Utilities,Electric Company,monthly bill payment,376.7
Transportation,Lyft,transportation taxi,62.75
Bills & Utilities,Verizon,bill utility #2126,14.41
Bills & Utilities,Verizon,bill service,913.4
Healthcare,Quest Diagnostics,prescription medicine,217.1
Others,Unknown Vendor,service general other #4611,629.05
Others,Unknown Vendor,general,34.52
Entertainment,Netflix,streaming game,11.29
Bills & Utilities,AT&T,utility monthly #3061,19.87
Entertainment,Spotify,game,49.51
Others,Unknown Vendor,payment service,479.41
Healthcare,Walgreens,medicine doctor medical,408.68
Healthcare,Walgreens,medical #5211,303.61
Transportation,Metro,gas taxi fuel,64.32
Bills & Utilities,Verizon,monthly utility,869.29
Food & Dining,Chipotle,dinner takeout #8125,168.98
Entertainment,AMC Theaters,game movie music #4726,31.84
Transportation,BP,transportation,54.43
Transportation,Shell,gas fuel #9508,23.69
Entertainment,AMC Theaters,streaming #1258,17.59
Transportation,Lyft,transit taxi,46.41
Transportation,Shell,transportation gas,41.77
Groceries,Trader Joes,produce groceries,34.44
Healthcare,Quest Diagnostics,medical doctor,362.67
Groceries,Whole Foods,meat bread,130.7
Others,Unknown Vendor,payment service,802.15
Transportation,Shell,gas #6840,53.61
Healthcare,Local Clinic,medicine medical prescription,433.45
Food & Dining,Local Restaurant,meal restaurant lunch,103.7
Transportation,Lyft,ride gas,61.82
Groceries,Kroger,food dairy produce,37.47
Shopping,H&M,accessories #6470,172.11
Others,Unknown Vendor,service payment #5584,692.45
Shopping,H&M,clothes accessories,285.27
Transportation,Metro,gas #6224,11.79
Groceries,Safeway,meat dairy #2820,36.49
Groceries,Trader Joes,groceries bread produce,139.25
Transportation,Shell,taxi,14.11
Bills & Utilities,AT&T,payment service utility,206.98
Groceries,Kroger,produce,88.92
Food & Dining,Chipotle,lunch #4580,282.48
Transportation,Lyft,taxi transportation,75.16
Food & Dining,Local Restaurant,restaurant delivery,675.53
Shopping,Best Buy,electronics purchase #4958,193.75
Groceries,Safeway,bread food #4629,99.13
Healthcare,CVS,health doctor medicine #4989,58.59
Transportation,Metro,gas,34.97
Groceries,Kroger,groceries produce food,42.32
Others,Various Services,other payment,353.99
Entertainment,Steam,entertainment streaming,34.92
Transportation,Metro,transit ride,17.42
Bills & Utilities,AT&T,service monthly utility,209.26
Others,Miscellaneous,service,17.01
Others,Miscellaneous,service general,587.75
Groceries,Safeway,dairy,103.9
Shopping,Nike,clothes shoes electronics,86.51
Groceries,Walmart,groceries food meat,32.18
Shopping,Target,clothes electronics,183.64
Healthcare,Walgreens,medical,152.29
Groceries,Whole Foods,meat produce,179.97
Others,Various Services,other misc payment #6800,170.95
Others,Various Services,other,767.25
Bills & Utilities,Electric Company,service #3325,902.91
Healthcare,CVS,health #5576,340.19
Healthcare,Walgreens,medical medicine #9867,257.11
Bills & Utilities,Verizon,monthly,997.15
Entertainment,Xbox,entertainment movie,15.82
Shopping,Best Buy,purchase,267.85
Shopping,Best Buy,shoes,178.48
Entertainment,AMC Theaters,entertainment movie,44.23
Others,Miscellaneous,misc,110.07
Shopping,Target,shoes,72.2
Groceries,Whole Foods,dairy produce food #5520,136.06
Others,Miscellaneous,general,522.91
Food & Dining,Pizza Hut,meal lunch #9811,585.08
Groceries,Kroger,bread produce #2013,57.92
Others,Miscellaneous,general misc,810.66
Bills & Utilities,Verizon,utility service bill #6858,661.99
Food & Dining,Subway,restaurant meal lunch #5863,922.56
Others,Miscellaneous,service general misc,874.55
Others,Unknown Vendor,service general other #9852,396.01
Others,Miscellaneous,general service other #8950,379.07
Food & Dining,McDonalds,lunch takeout,208.23
Others,Unknown Vendor,other general,991.39
Bills & Utilities,Verizon,monthly,84.07
Groceries,Whole Foods,dairy bread #2248,142.02
Others,Miscellaneous,misc,672.79
Shopping,Amazon,shoes #3386,184.41
Bills & Utilities,Verizon,monthly bill,376.41
Entertainment,Spotify,streaming music movie,21.9
Bills & Utilities,AT&T,utility bill,121.64
Food & Dining,Chipotle,lunch takeout,530.29
Groceries,Walmart,meat #6549,23.71
Groceries,Safeway,meat food,114.09
Healthcare,CVS,health medicine medical,296.16
Bills & Utilities,Verizon,payment utility service,844.55
Others,Unknown Vendor,misc service other,673.25
Bills & Utilities,Water Service,payment service,130.43
Transportation,Uber,fuel,49.12
Healthcare,Walgreens,doctor health,474.25
Groceries,Kroger,bread groceries,163.39
Others,Miscellaneous,misc,677.53
Groceries,Trader Joes,groceries #3628,152.73
Others,Miscellaneous,general service other,404.82
Food & Dining,Local Restaurant,takeout meal,513.12
Healthcare,CVS,medicine,30.25
Shopping,Target,shoes,161.37
Transportation,Lyft,ride transit taxi,40.15
Healthcare,Local Clinic,prescription health doctor,254.41
Healthcare,CVS,medical,179.56
Bills & Utilities,Verizon,service payment #8668,129.93
Bills & Utilities,Water Service,utility monthly #7457,305.36
Entertainment,Spotify,game music movie,42.34
Bills & Utilities,AT&T,service #3579,544.21
Entertainment,Netflix,streaming #4578,26.55
Healthcare,CVS,medical doctor,141.74
Entertainment,Spotify,music,48.8
Others,Various Services,general misc,649.63
Food & Dining,Local Restaurant,delivery meal,585.1
Entertainment,Spotify,streaming music movie,31.48
Groceries,Safeway,meat groceries #7669,91.0
Bills & Utilities,Water Service,payment monthly,484.09
Bills & Utilities,Verizon,utility monthly service #3495,735.98
Food & Dining,Pizza Hut,dinner takeout,516.43
Groceries,Kroger,groceries #7348,194.87
Food & Dining,McDonalds,delivery,632.94
Others,Miscellaneous,general misc payment,132.91
Entertainment,Xbox,game entertainment music,48.08
Transportation,Shell,ride transportation #2836,35.27
Bills & Utilities,AT&T,service utility,307.21
Transportation,Shell,gas transportation ride #2088,6.72
Healthcare,Local Clinic,medical prescription,203.91
Healthcare,Walgreens,doctor medicine medical,461.2
Shopping,Nike,clothes shoes accessories,94.78
Entertainment,Steam,music movie game,16.0
Groceries,Safeway,food dairy #6077,77.95
Shopping,Nike,accessories electronics #4010,105.05
Others,Miscellaneous,misc payment service,809.79
Entertainment,Spotify,music,34.41
Bills & Utilities,Electric Company,service bill utility,568.17
Bills & Utilities,AT&T,bill,124.08
Transportation,Lyft,ride transportation,76.13
Entertainment,Xbox,game streaming movie,14.66
Entertainment,Xbox,game entertainment streaming #1368,30.12
Bills & Utilities,Electric Company,service payment bill,306.3
Groceries,Trader Joes,bread dairy #5256,100.0
Others,Miscellaneous,other,171.04
Entertainment,Steam,music movie entertainment,11.85
Food & Dining,Local Restaurant,takeout delivery,529.26
Others,Various Services,misc other service #8922,858.26
Bills & Utilities,Electric Company,monthly service,306.49
Groceries,Whole Foods,produce bread meat,92.05
Entertainment,Netflix,streaming game movie,33.13
Entertainment,Netflix,streaming movie,35.99
Bills & Utilities,Verizon,monthly,582.02
Shopping,Nike,purchase electronics shoes #4267,276.68
Groceries,Trader Joes,meat produce groceries,121.7
Bills & Utilities,Electric Company,monthly #6889,328.03
Food & Dining,Pizza Hut,meal #8475,272.55
Transportation,Uber,transportation gas,67.04
Entertainment,Steam,entertainment movie,35.98
Shopping,Nike,clothes accessories shoes,253.92
Shopping,Amazon,purchase,84.67
Healthcare,Local Clinic,health,345.02
Transportation,Shell,transportation ride,41.93
Groceries,Whole Foods,groceries #5523,190.4
Bills & Utilities,Water Service,utility bill,142.28
Entertainment,Xbox,music,22.22
Bills & Utilities,Water Service,service payment,760.42
Others,Miscellaneous,service payment other,89.88
Healthcare,Quest Diagnostics,doctor,498.54
Others,Various Services,general service,486.25
Food & Dining,Subway,delivery,274.98
Others,Various Services,misc service,738.99
Transportation,Metro,gas,13.89
Entertainment,AMC Theaters,music #7622,49.24
Transportation,Uber,fuel,71.67
Shopping,Best Buy,electronics shoes,98.43
Food & Dining,McDonalds,lunch delivery,160.06
Bills & Utilities,Verizon,monthly,761.86
Shopping,Nike,clothes electronics,140.0
Others,Various Services,general other service,972.35
Transportation,Shell,transportation taxi transit #8504,23.19
Bills & Utilities,Electric Company,service payment monthly #4799,993.3
Shopping,Amazon,purchase,116.15
Transportation,Lyft,taxi,18.76
Entertainment,Netflix,game entertainment #2953,15.85
Groceries,Trader Joes,bread #1553,66.97
Entertainment,Steam,streaming,45.73
Others,Various Services,service other payment,271.2
Others,Unknown Vendor,payment other misc,792.59
Transportation,Uber,ride fuel transportation,9.18
Healthcare,Walgreens,prescription medicine,396.63
Bills & Utilities,Verizon,utility payment bill #8956,71.79
Bills & Utilities,Electric Company,monthly service utility,60.82
Food & Dining,Chipotle,restaurant,79.63
Food & Dining,Chipotle,restaurant lunch,889.85
Groceries,Whole Foods,food,166.78
Shopping,H&M,purchase accessories #4044,69.77
Others,Unknown Vendor,misc #6038,719.37
Bills & Utilities,Verizon,payment utility bill,733.87
Entertainment,Netflix,music game,24.43
Healthcare,Local Clinic,medicine prescription doctor,226.02
Entertainment,AMC Theaters,game movie entertainment,34.13
Groceries,Safeway,groceries #5242,87.83
Food & Dining,Local Restaurant,lunch restaurant delivery,892.78
Shopping,Best Buy,shoes purchase #4215,255.85
Groceries,Safeway,produce food groceries,94.02
Shopping,Best Buy,electronics purchase #4980,296.62
Transportation,BP,ride,27.45
Bills & Utilities,Electric Company,bill service monthly,711.17
Food & Dining,McDonalds,delivery dinner lunch #8276,198.91
Entertainment,Netflix,streaming entertainment,35.7
Bills & Utilities,Verizon,monthly #2444,618.11
Healthcare,CVS,doctor prescription,57.96
Shopping,Nike,clothes accessories #2942,262.16
Bills & Utilities,Verizon,service utility bill #7247,111.2
Healthcare,Walgreens,doctor,228.47
Groceries,Trader Joes,food meat,48.18
Healthcare,CVS,doctor,435.61
Healthcare,Local Clinic,medicine doctor prescription,348.48
Bills & Utilities,Verizon,payment,290.39
Healthcare,Quest Diagnostics,health,185.4
Shopping,Target,electronics accessories,106.93
Shopping,Target,shoes electronics purchase,273.24
Food & Dining,Local Restaurant,dinner #8949,105.75
Food & Dining,McDonalds,delivery dinner,502.88
Bills & Utilities,Electric Company,bill utility #1673,225.53
Shopping,Amazon,clothes accessories,175.85
Others,Miscellaneous,other,458.16
Food & Dining,Chipotle,restaurant lunch,112.45
Entertainment,Xbox,game streaming,11.83
Food & Dining,Chipotle,lunch dinner,951.23
Food & Dining,Pizza Hut,lunch dinner,797.58
Groceries,Trader Joes,food #2956,186.49
Others,Unknown Vendor,general,486.17
Healthcare,Walgreens,health medical doctor,88.37
Transportation,Shell,taxi transportation,26.71
Others,Various Services,service payment general,811.38
Healthcare,Local Clinic,medicine medical,287.21
Healthcare,Quest Diagnostics,health prescription,395.51
Shopping,Amazon,shoes,18.18
Shopping,Best Buy,accessories clothes shoes,57.17
Food & Dining,Chipotle,dinner delivery lunch,188.13
Healthcare,Local Clinic,prescription,98.24
Bills & Utilities,Electric Company,utility,184.82
Others,Various Services,other general misc,687.22
Healthcare,Walgreens,medicine health doctor,430.97
Others,Various Services,payment general #7031,29.82
Groceries,Kroger,food bread groceries,162.0
Healthcare,Local Clinic,medicine prescription health,90.34
Groceries,Trader Joes,groceries,125.86
Entertainment,Xbox,entertainment movie music,25.92
Groceries,Safeway,produce,35.76
Healthcare,Quest Diagnostics,medical medicine doctor,469.46
Others,Unknown Vendor,general,478.6
Others,Various Services,misc payment general #6492,659.12
Food & Dining,Local Restaurant,delivery dinner lunch,715.78
Others,Miscellaneous,payment misc other #7328,737.83
Food & Dining,McDonalds,dinner,401.72
Others,Miscellaneous,other payment,225.56
Transportation,Shell,gas,36.03
Others,Miscellaneous,service other,653.18
Groceries,Whole Foods,produce bread meat #7691,51.86
Others,Various Services,general,204.39
Healthcare,Local Clinic,health doctor #5881,148.63
Others,Miscellaneous,service,889.48
Transportation,Lyft,transit,66.34
Bills & Utilities,Verizon,monthly payment service,790.14
Shopping,Best Buy,clothes accessories,192.07
Bills & Utilities,Water Service,bill utility monthly #1437,672.25
Groceries,Walmart,produce,87.06
Others,Unknown Vendor,other misc,56.39
Shopping,H&M,electronics,104.03
Groceries,Whole Foods,meat,90.5
Entertainment,AMC Theaters,game streaming music,24.91
Shopping,Target,purchase clothes accessories,236.39
Bills & Utilities,Electric Company,service,267.34
Others,Unknown Vendor,payment misc,63.1
Others,Miscellaneous,general payment other,747.01
Bills & Utilities,Water Service,monthly #8758,558.75
Transportation,Lyft,fuel transportation transit,55.84
Healthcare,Quest Diagnostics,health doctor,375.68
Entertainment,Spotify,music,12.53
Healthcare,Walgreens,prescription #2053,363.56
Healthcare,Walgreens,medicine prescription health,371.32
Healthcare,Quest Diagnostics,medicine prescription health,282.09
Bills & Utilities,Water Service,bill utility monthly,776.64
Entertainment,Steam,entertainment,42.91
Bills & Utilities,AT&T,bill utility,658.64
Healthcare,Local Clinic,medicine #8216,294.77
Groceries,Kroger,food bread dairy,40.13
Food & Dining,Pizza Hut,lunch dinner takeout,464.45
Healthcare,Walgreens,doctor prescription,363.79
Bills & Utilities,Verizon,payment utility #7768,471.36
Bills & Utilities,AT&T,monthly service,34.09
Entertainment,Steam,streaming movie game #3177,38.08
Entertainment,Spotify,movie entertainment game #2358,49.47
Shopping,Target,shoes clothes purchase,99.66
Groceries,Trader Joes,bread dairy,44.19
Groceries,Safeway,produce,84.49
Entertainment,Netflix,entertainment,43.36
Others,Unknown Vendor,service payment general #4517,578.24
Entertainment,Spotify,music,49.92
Entertainment,Xbox,movie entertainment #1818,27.21
Bills & Utilities,AT&T,service utility monthly,14.44
Healthcare,Quest Diagnostics,doctor prescription medical #9760,183.9
Healthcare,Local Clinic,doctor,173.85
Others,Miscellaneous,payment service other #1801,395.16
Healthcare,Walgreens,health doctor medicine #5671,414.03
Groceries,Whole Foods,bread meat,55.97
Transportation,Uber,gas transit ride,16.05
Bills & Utilities,Water Service,bill,614.27
Others,Unknown Vendor,other misc service #6420,200.8
Bills & Utilities,Water Service,payment utility #3427,214.21
Food & Dining,Chipotle,dinner restaurant,300.18
Shopping,Target,accessories shoes clothes,66.99
Healthcare,Local Clinic,medical,441.98
Groceries,Safeway,dairy food meat #8174,179.67
Food & Dining,Local Restaurant,restaurant,626.96
Shopping,Nike,purchase #4339,172.44
Healthcare,Quest Diagnostics,doctor,159.97
Groceries,Whole Foods,dairy food produce,142.12
Bills & Utilities,Electric Company,bill,177.72
Healthcare,Walgreens,medicine health prescription,224.82
Shopping,Amazon,accessories clothes,167.42
Bills & Utilities,Electric Company,payment service #2319,16.33
Entertainment,Netflix,game streaming movie #4236,43.09
Healthcare,Quest Diagnostics,prescription #6059,161.23
Entertainment,AMC Theaters,streaming movie entertainment,31.13
Groceries,Walmart,bread dairy meat,32.33
Entertainment,Spotify,entertainment,49.91
Entertainment,AMC Theaters,game streaming movie,11.64
Transportation,Uber,gas,18.32
Healthcare,Walgreens,medical health doctor,303.22
Others,Miscellaneous,misc service,446.65
Shopping,H&M,purchase,87.19
Others,Various Services,misc payment other #1277,746.04
Others,Various Services,other general #1397,482.97
Shopping,H&M,clothes #6988,266.75
Food & Dining,Chipotle,dinner,334.9
Others,Various Services,service general payment,904.99
Shopping,H&M,electronics purchase,108.8
Shopping,Best Buy,purchase,241.3
Transportation,Metro,fuel #8887,45.65
Transportation,Metro,taxi,55.71
Shopping,H&M,accessories electronics,150.83
Healthcare,Walgreens,medical prescription,261.21
Food & Dining,Chipotle,lunch restaurant,899.97
Entertainment,Steam,music game entertainment,38.76
Bills & Utilities,AT&T,bill,989.45
Transportation,Shell,taxi gas transportation,41.11
Groceries,Trader Joes,dairy groceries #8825,37.59
Entertainment,Netflix,music streaming,34.32
Others,Various Services,general service misc #6017,696.05
Transportation,BP,gas ride,65.96
Groceries,Trader Joes,food,54.42
Food & Dining,Pizza Hut,meal delivery #2677,647.16
Others,Miscellaneous,payment service #3624,694.8
Transportation,Lyft,gas fuel #5561,60.38
Healthcare,CVS,medicine #6815,482.03
Bills & Utilities,Electric Company,service payment,370.78
Shopping,Nike,clothes accessories,296.83
Shopping,H&M,accessories clothes shoes #9094,142.67
Transportation,BP,transportation,17.45
Food & Dining,Subway,meal restaurant delivery,602.21
Shopping,Target,accessories,168.77
Healthcare,Local Clinic,medicine medical,274.33
Bills & Utilities,Water Service,monthly,449.66
Entertainment,Xbox,entertainment,39.4
Food & Dining,Pizza Hut,lunch dinner,722.62
Entertainment,AMC Theaters,movie streaming entertainment,13.82
Healthcare,CVS,doctor,248.99
Entertainment,Netflix,entertainment game,21.67
Food & Dining,Subway,meal,676.87
Healthcare,Local Clinic,medical prescription medicine #6036,285.11
Groceries,Trader Joes,food meat produce,187.59
Healthcare,Quest Diagnostics,doctor,182.71
Food & Dining,Local Restaurant,delivery lunch dinner,583.98
Healthcare,Quest Diagnostics,doctor #2689,196.86
Food & Dining,Pizza Hut,meal lunch delivery,845.19
Entertainment,Xbox,movie,21.87
Others,Unknown Vendor,service misc payment,749.76
Food & Dining,McDonalds,takeout,622.6
Shopping,Nike,electronics,101.94
Shopping,H&M,purchase electronics,64.26
Others,Various Services,service misc,426.16
Transportation,BP,ride,33.81
Bills & Utilities,Verizon,service utility monthly,242.07
Transportation,Metro,transportation,22.71
Food & Dining,McDonalds,delivery,679.61
Healthcare,Local Clinic,doctor #7027,308.33
Entertainment,Netflix,movie,42.05
Transportation,Shell,transportation transit,79.15
Shopping,Amazon,accessories clothes,103.2
Shopping,H&M,clothes shoes purchase,213.5
Bills & Utilities,Water Service,utility bill service,113.41
Bills & Utilities,Electric Company,utility #7997,412.05
Transportation,Uber,taxi fuel ride #1252,47.4
Bills & Utilities,Verizon,utility monthly bill,292.0
Groceries,Trader Joes,dairy groceries food,148.9
Food & Dining,Subway,dinner,888.97
Healthcare,Local Clinic,medical,377.34
Shopping,Amazon,accessories shoes,130.19
Transportation,Uber,taxi,38.62
Transportation,Shell,taxi ride transportation #6494,29.94
Entertainment,Steam,entertainment,28.33
Healthcare,Walgreens,health prescription medical #8052,236.91
Others,Miscellaneous,general #2128,753.92
Transportation,Metro,ride #9973,42.8
Shopping,H&M,purchase,292.98
Groceries,Safeway,meat dairy food,115.75
Bills & Utilities,AT&T,utility #5990,287.31
Groceries,Kroger,meat produce,145.82
Healthcare,CVS,health #4167,163.21
Healthcare,CVS,health #9829,190.72
Groceries,Trader Joes,produce bread,130.21
Shopping,H&M,electronics #2617,102.57
Others,Miscellaneous,general,473.18
Bills & Utilities,Electric Company,bill,784.26
Food & Dining,Subway,meal lunch takeout #2071,185.15
Groceries,Walmart,meat bread #4665,74.7
Shopping,H&M,electronics clothes purchase #6781,87.37
Shopping,Amazon,clothes,67.36
Transportation,Uber,taxi,38.87
Bills & Utilities,Electric Company,service utility monthly,727.39
Bills & Utilities,Electric Company,service monthly,912.66
Shopping,Nike,electronics,117.06
Others,Various Services,general payment misc #1568,175.73
Transportation,Lyft,ride taxi transit,49.44
Shopping,H&M,clothes,26.89
Entertainment,Netflix,streaming game movie,28.09
Others,Miscellaneous,service #8508,119.16
Transportation,Metro,transportation ride,42.17
Healthcare,Walgreens,medicine doctor medical,431.14
Groceries,Kroger,groceries meat dairy #7699,52.59
Entertainment,AMC Theaters,game movie entertainment,20.65
Shopping,Nike,accessories electronics,73.21
Food & Dining,Pizza Hut,dinner #2471,161.95
Transportation,BP,gas #9691,20.84
Others,Miscellaneous,general,394.39
Others,Miscellaneous,general service,732.73
Entertainment,AMC Theaters,music,25.65
Entertainment,AMC Theaters,game,14.98
Groceries,Kroger,meat produce,61.02
Healthcare,Walgreens,medicine doctor prescription,212.25
Shopping,Amazon,accessories electronics,30.81
Food & Dining,Chipotle,delivery takeout,129.66
Shopping,H&M,purchase clothes #3072,261.09
Entertainment,Netflix,movie,11.41
Transportation,BP,fuel transportation transit,8.0
Entertainment,Spotify,music game streaming #4159,49.0
Bills & Utilities,Verizon,bill payment,508.79
Groceries,Safeway,produce food bread,21.01
Groceries,Safeway,meat groceries,44.86
Shopping,Target,electronics shoes,46.05
Food & Dining,Local Restaurant,meal takeout,428.53
Shopping,Nike,electronics clothes #9897,87.99
Food & Dining,Local Restaurant,lunch,39.6
Transportation,BP,transportation gas transit #1301,50.31
Transportation,Metro,taxi,61.74
Healthcare,Quest Diagnostics,medicine #6640,154.52
Groceries,Trader Joes,produce food dairy #6811,197.07
Bills & Utilities,AT&T,payment utility bill #7527,587.71
Transportation,Uber,transit transportation ride #5057,56.22
Others,Unknown Vendor,general other service,699.48
Bills & Utilities,Electric Company,payment service utility #5675,178.98
Others,Unknown Vendor,payment,872.29
Food & Dining,Chipotle,lunch meal delivery,573.39
Food & Dining,Chipotle,takeout lunch,42.04
Shopping,H&M,accessories clothes,161.29
Others,Various Services,other payment misc,174.73
Healthcare,Walgreens,medicine,169.26
Others,Various Services,service payment general,719.77
Transportation,Lyft,ride fuel #7832,25.71
Others,Miscellaneous,service,686.46
Transportation,Shell,gas,44.49
Bills & Utilities,Electric Company,monthly utility payment #6584,419.28
Transportation,Uber,transit,16.34
Food & Dining,Subway,takeout meal #8579,195.48
Groceries,Whole Foods,groceries dairy,104.36
Groceries,Trader Joes,produce,170.91
Entertainment,Netflix,entertainment game music,45.49
Shopping,Best Buy,clothes purchase,119.72
Healthcare,CVS,medical,76.82
Entertainment,Steam,game music,35.1
Others,Unknown Vendor,other #6320,875.23
Food & Dining,Pizza Hut,restaurant lunch #7462,426.98
Entertainment,AMC Theaters,entertainment streaming game,22.94
Shopping,Best Buy,electronics #5322,183.08
Entertainment,Spotify,entertainment,47.89
Groceries,Walmart,dairy food bread,160.28
Groceries,Kroger,produce meat #3848,80.84
Shopping,Target,purchase clothes #5365,112.2
Groceries,Trader Joes,meat #1101,170.01
Food & Dining,Local Restaurant,meal delivery takeout #7417,691.41
Groceries,Kroger,bread food groceries #6417,165.37
Healthcare,CVS,medical medicine prescription #4038,289.81
Healthcare,Quest Diagnostics,doctor,459.72
Shopping,Best Buy,accessories #4169,278.23
Groceries,Safeway,dairy produce,176.46
Groceries,Whole Foods,groceries bread,52.38
Others,Various Services,general misc,741.95
Others,Miscellaneous,service,978.75
Bills & Utilities,Electric Company,service #7671,916.85
Bills & Utilities,AT&T,utility payment,749.65
Shopping,Target,electronics accessories shoes,276.02
Food & Dining,Chipotle,lunch delivery #4327,976.57
Food & Dining,Subway,restaurant #7718,313.7
Healthcare,Quest Diagnostics,medical #2352,199.62
Healthcare,Quest Diagnostics,doctor medicine medical,51.29
Healthcare,CVS,medical prescription doctor,170.86
Bills & Utilities,AT&T,payment service #8551,247.07
Shopping,Target,accessories purchase #7754,61.7
Healthcare,CVS,health doctor prescription,43.3
Healthcare,Quest Diagnostics,health medical medicine #7887,495.76
Groceries,Trader Joes,food #1356,84.32
Healthcare,Walgreens,health #1655,287.6
Food & Dining,McDonalds,meal delivery restaurant,110.44
Groceries,Safeway,food,96.88
Healthcare,Quest Diagnostics,doctor #9656,302.31
Healthcare,Local Clinic,health medicine medical,65.73
Others,Unknown Vendor,service general other,679.38
Healthcare,CVS,medicine medical,149.91
Groceries,Trader Joes,bread dairy #3190,68.37
Groceries,Trader Joes,groceries #5910,67.98
Entertainment,AMC Theaters,music movie streaming,47.81
Food & Dining,Chipotle,meal,572.34
Bills & Utilities,Electric Company,utility monthly bill #7864,488.17
Food & Dining,Local Restaurant,takeout meal #1930,824.73
Entertainment,Netflix,music streaming #6600,25.86
Entertainment,AMC Theaters,movie game,11.71
Others,Various Services,misc general #7047,341.4
Transportation,Metro,ride #7235,10.39
Groceries,Safeway,dairy groceries,70.24
Healthcare,CVS,prescription medicine medical,485.65
Others,Various Services,service payment other,85.32
Healthcare,Quest Diagnostics,prescription #2034,303.62
Groceries,Kroger,bread produce meat,167.57
Bills & Utilities,Verizon,utility service #4026,786.1
Groceries,Walmart,food dairy meat #6674,110.34
Food & Dining,McDonalds,delivery restaurant,41.54
Transportation,Shell,transportation #6529,41.25
Shopping,Amazon,clothes,197.91
Bills & Utilities,Electric Company,monthly utility,765.57
Bills & Utilities,AT&T,service bill,813.81
Transportation,Shell,gas,61.06
Others,Unknown Vendor,misc other,467.41
Transportation,Uber,ride #2615,68.96
Transportation,Uber,taxi ride #1990,54.38
Entertainment,Xbox,movie music game #1544,26.19
Groceries,Safeway,dairy #9642,190.37
Shopping,Amazon,purchase electronics shoes,134.51
Healthcare,Walgreens,doctor #6286,196.52
Shopping,Best Buy,purchase,88.55
Entertainment,Steam,music,46.63
Bills & Utilities,Water Service,monthly,704.65
Healthcare,Quest Diagnostics,medical doctor,182.69
Entertainment,Steam,movie streaming #9966,14.84
Others,Various Services,misc other service,833.34
Healthcare,Local Clinic,medicine prescription,402.63
Food & Dining,McDonalds,lunch,253.72
Groceries,Safeway,bread,189.13
Groceries,Whole Foods,meat dairy bread,167.48
Entertainment,AMC Theaters,game music entertainment,15.34
Groceries,Trader Joes,meat,25.12
Others,Miscellaneous,service misc,645.5
Bills & Utilities,AT&T,monthly #7619,920.93
Shopping,H&M,accessories shoes clothes,105.7
Bills & Utilities,AT&T,monthly,145.85
Food & Dining,Local Restaurant,meal takeout dinner,200.47
Groceries,Safeway,bread meat food,116.51
Healthcare,CVS,health,380.2
Groceries,Walmart,groceries produce,37.35
Groceries,Kroger,produce bread groceries #1309,149.99
Shopping,Best Buy,electronics accessories clothes,96.77
Entertainment,Spotify,game movie streaming,33.37
Shopping,Amazon,shoes,114.43
Others,Miscellaneous,service other misc,964.02
Bills & Utilities,Verizon,bill,719.92
Others,Miscellaneous,general #8031,983.93
Shopping,Amazon,purchase shoes,239.96
Food & Dining,McDonalds,dinner restaurant takeout,437.29
Bills & Utilities,AT&T,service payment utility,607.41
Bills & Utilities,Verizon,monthly payment,767.1
Healthcare,CVS,doctor,253.24
Transportation,Uber,gas fuel transportation #4028,63.89
Entertainment,Netflix,movie music,20.47
Others,Miscellaneous,other payment,154.68
Transportation,Metro,fuel gas,44.68
Transportation,Shell,fuel transit gas,55.76
Food & Dining,Chipotle,takeout dinner meal,263.39
Groceries,Whole Foods,produce #1413,62.59
Shopping,Nike,purchase #7767,50.09
Groceries,Whole Foods,groceries food #8623,190.88
Entertainment,Steam,streaming,47.12
Healthcare,Local Clinic,medicine prescription doctor,341.25
Others,Various Services,general misc payment #3209,132.02
Shopping,H&M,clothes,137.55
Bills & Utilities,Water Service,utility payment,782.74
Groceries,Safeway,food bread groceries,122.27
Food & Dining,Pizza Hut,takeout restaurant delivery,509.97
Food & Dining,Pizza Hut,takeout delivery #7643,983.18
Groceries,Walmart,produce food bread,60.38
Food & Dining,Chipotle,lunch dinner delivery #1292,151.37
Transportation,Shell,ride transit fuel #1259,14.56
Transportation,Shell,transportation taxi,58.15
Others,Various Services,other #4530,883.92
Healthcare,Quest Diagnostics,doctor health,31.89
Shopping,Best Buy,clothes,83.85
Bills & Utilities,Electric Company,utility monthly bill,517.09
Groceries,Kroger,groceries meat,170.07
Healthcare,CVS,health doctor medicine,138.37
Groceries,Kroger,produce meat dairy,80.02
Transportation,BP,ride,41.19
Entertainment,Netflix,entertainment music,19.92
Others,Various Services,misc service #1369,476.92
Transportation,Shell,gas taxi transportation #1317,51.41
Groceries,Safeway,food produce,144.92
Food & Dining,Chipotle,dinner restaurant takeout #2069,47.55
Transportation,Shell,transportation taxi,35.07
Shopping,Amazon,shoes electronics purchase,258.18
Bills & Utilities,AT&T,service payment bill,869.55
Entertainment,Steam,streaming movie,16.63
Others,Unknown Vendor,service general #6819,48.28
Shopping,Best Buy,clothes shoes accessories,133.45
Bills & Utilities,Verizon,payment monthly,779.69
Transportation,Shell,transit ride,15.77
Transportation,Shell,transit ride,72.03
Bills & Utilities,Electric Company,monthly,191.89
Bills & Utilities,Verizon,bill payment utility,349.27
Bills & Utilities,Electric Company,monthly #4103,339.99
Others,Various Services,service other payment,194.47
Healthcare,Walgreens,health medical medicine #2100,417.34
Shopping,Nike,clothes accessories,61.95
Healthcare,Local Clinic,medical health #7652,36.18
Bills & Utilities,Water Service,payment utility,301.07
Others,Unknown Vendor,payment,748.76
Groceries,Trader Joes,bread,103.11
Food & Dining,Pizza Hut,delivery takeout lunch #6214,535.33
Transportation,Lyft,fuel,62.48
Transportation,Uber,ride,46.41
Groceries,Walmart,dairy,120.55
Shopping,Amazon,clothes,287.38
Healthcare,CVS,medicine,27.64
Entertainment,Spotify,movie music #7590,47.03
Groceries,Walmart,groceries produce dairy,26.33
Shopping,Best Buy,accessories clothes,231.27
Groceries,Trader Joes,produce food #4759,174.36
Shopping,H&M,electronics,98.05
Others,Miscellaneous,misc payment #5736,642.57
Food & Dining,Chipotle,takeout restaurant lunch,334.85
Shopping,Best Buy,electronics #1916,92.02
Healthcare,Walgreens,prescription health medicine,387.61
Others,Unknown Vendor,misc #1538,967.42
Others,Various Services,payment other,39.1
Food & Dining,Chipotle,delivery,508.45
Others,Unknown Vendor,general,255.4
Transportation,BP,gas taxi,17.67
Entertainment,Netflix,music game,27.26
Transportation,Uber,transit taxi,72.39
Groceries,Whole Foods,meat food dairy,128.8
Food & Dining,Local Restaurant,restaurant,73.34
Entertainment,Steam,game music,24.85
Transportation,Shell,ride gas transportation,61.4
Food & Dining,Subway,lunch meal,270.77
Healthcare,Walgreens,medical prescription,421.41
Groceries,Whole Foods,food groceries meat #9079,185.08
Entertainment,Xbox,movie,44.37
Others,Unknown Vendor,other general service,320.26
Others,Unknown Vendor,service misc other,865.37
Food & Dining,Pizza Hut,dinner takeout meal,646.04
Entertainment,Netflix,music game,21.69
Shopping,H&M,purchase,123.53
Entertainment,AMC Theaters,game music entertainment,40.76
Groceries,Safeway,meat bread #8975,72.67
Transportation,Uber,taxi #2998,47.78
Bills & Utilities,Water Service,utility payment #8396,432.3
Groceries,Whole Foods,food,65.2
Healthcare,Quest Diagnostics,doctor,88.21
Food & Dining,Subway,dinner delivery,180.64
Entertainment,Xbox,streaming music #7086,17.0
Healthcare,Local Clinic,prescription medical health,276.53
Others,Various Services,general,987.9
Entertainment,Steam,movie #2102,12.71
Shopping,Amazon,accessories purchase #5544,232.76
Healthcare,Local Clinic,medicine health medical,189.54
Transportation,Lyft,transit gas,79.93
Healthcare,CVS,prescription #7008,371.58
Shopping,Target,accessories,250.68
Entertainment,Netflix,game,16.55
Others,Unknown Vendor,general,143.79
Others,Various Services,other,767.73
Groceries,Trader Joes,meat food groceries,86.89
Food & Dining,McDonalds,meal restaurant delivery #4329,693.25
Shopping,Best Buy,accessories purchase electronics,285.15
Entertainment,Xbox,movie entertainment #9761,31.21
Healthcare,Quest Diagnostics,prescription medicine health #9280,378.99
Healthcare,CVS,medicine medical prescription #4780,406.52
Food & Dining,Pizza Hut,meal lunch delivery #9276,146.89
Transportation,BP,transportation,44.22
Entertainment,Spotify,streaming music,29.47
Transportation,Shell,fuel,41.43
Bills & Utilities,Water Service,utility service,549.18
Entertainment,Xbox,streaming entertainment,13.22
Others,Miscellaneous,payment misc general #7043,555.77
Entertainment,Netflix,music game movie #5932,46.16
Groceries,Kroger,groceries bread,141.44
Bills & Utilities,Verizon,bill service #2584,42.61
Groceries,Whole Foods,dairy,175.83
Bills & Utilities,AT&T,utility bill,432.89
Bills & Utilities,Verizon,bill service utility,973.08
Healthcare,CVS,medicine doctor health,218.92
Bills & Utilities,Electric Company,payment bill monthly #1271,13.75
Groceries,Trader Joes,dairy bread,30.81
Entertainment,Steam,music entertainment movie,20.32
Food & Dining,Pizza Hut,dinner #7311,909.85
Others,Various Services,misc general,501.97
Food & Dining,McDonalds,delivery restaurant,87.58
Groceries,Walmart,bread meat produce #6422,122.31
Shopping,Nike,shoes clothes,133.61
Others,Various Services,service,784.97
Groceries,Trader Joes,produce dairy groceries,125.02
Entertainment,Steam,entertainment music,30.75
Others,Miscellaneous,service,979.13
Bills & Utilities,AT&T,utility service payment,865.46
Others,Unknown Vendor,other misc,953.39
Transportation,Uber,gas ride transit,14.47
Others,Miscellaneous,payment other misc #9435,458.41
Groceries,Walmart,meat produce,158.88
Others,Various Services,general payment,350.46
Food & Dining,Pizza Hut,meal takeout dinner,817.61
Healthcare,Quest Diagnostics,doctor medicine health,77.77
Others,Miscellaneous,misc,729.16
Healthcare,Local Clinic,medical,105.82
Food & Dining,Chipotle,delivery dinner restaurant #1482,696.67
Food & Dining,Pizza Hut,restaurant,863.43
Transportation,BP,ride fuel,47.66
Entertainment,Xbox,music #4889,44.65
Groceries,Kroger,bread meat,164.52
Entertainment,Steam,entertainment #3630,12.23
Healthcare,CVS,medical,154.9
Food & Dining,Local Restaurant,meal #6129,427.94
Bills & Utilities,Water Service,service bill utility,129.36
Shopping,Target,electronics #4821,277.2
Bills & Utilities,AT&T,bill service monthly,268.07
Bills & Utilities,Water Service,service monthly,250.98
Entertainment,Spotify,music movie streaming,27.6
Transportation,Shell,gas #4359,34.76
Others,Unknown Vendor,payment misc #5673,254.21
Food & Dining,Chipotle,meal,987.41
Healthcare,Local Clinic,health,200.41
Others,Miscellaneous,general service misc,768.04
Entertainment,Spotify,game,40.43
Transportation,Lyft,transportation,52.9
Shopping,Nike,electronics purchase,127.01
Bills & Utilities,Verizon,bill utility,113.0
Food & Dining,Chipotle,dinner #6170,134.43
Others,Miscellaneous,other,420.85
Food & Dining,Pizza Hut,takeout lunch #4072,849.17
Others,Miscellaneous,misc,580.18
Transportation,BP,transit #3682,35.19
Bills & Utilities,Electric Company,monthly,528.57
Healthcare,Quest Diagnostics,prescription medicine,461.31
Healthcare,Local Clinic,health medical prescription #1936,22.5
Transportation,Metro,transit gas #8638,42.83
Shopping,Nike,electronics clothes,292.01
Healthcare,Quest Diagnostics,health #4017,365.07
Transportation,Metro,transit,72.25
Others,Unknown Vendor,service misc payment,441.69
Bills & Utilities,Electric Company,service #4825,912.13
Healthcare,Local Clinic,doctor prescription,472.08
Bills & Utilities,AT&T,utility service monthly,145.6
Healthcare,Local Clinic,doctor medicine medical,62.49
Shopping,H&M,shoes #6043,142.61
Others,Various Services,general misc service #7011,691.54
Transportation,Lyft,taxi,39.32
Bills & Utilities,Verizon,monthly #5823,785.56
Shopping,Nike,accessories,176.06
Healthcare,CVS,medical health,375.6
Groceries,Walmart,food meat groceries #4064,182.12
Transportation,BP,taxi transportation transit,30.09
Bills & Utilities,Water Service,monthly #2834,842.7
Bills & Utilities,AT&T,monthly,116.36
Entertainment,Xbox,entertainment music,37.28
Food & Dining,Subway,restaurant,527.77
Shopping,Amazon,purchase clothes electronics,217.46
Entertainment,Xbox,game entertainment,47.77
Others,Miscellaneous,general,171.12
Shopping,Target,clothes shoes accessories,35.95
Others,Unknown Vendor,general misc service,856.31
Transportation,Lyft,taxi ride fuel,19.63
Shopping,Target,clothes shoes,286.64
Bills & Utilities,AT&T,monthly #4774,305.8
Bills & Utilities,AT&T,bill monthly utility,588.03
Healthcare,Walgreens,prescription medicine doctor,438.67
Entertainment,AMC Theaters,game entertainment streaming #2935,31.87
Bills & Utilities,Electric Company,monthly utility,184.52
Transportation,Shell,transportation,12.81
Healthcare,CVS,doctor prescription #2664,116.99
Bills & Utilities,AT&T,service monthly,114.06
Shopping,Best Buy,accessories shoes clothes #5300,267.21
Entertainment,Xbox,entertainment,30.43
Bills & Utilities,Water Service,utility service monthly #5917,938.86
Bills & Utilities,Electric Company,payment utility,311.77
Shopping,Best Buy,purchase,20.85
Healthcare,Local Clinic,health medicine,137.81
Food & Dining,Subway,lunch meal takeout #6402,637.89
Bills & Utilities,Verizon,monthly bill utility,143.87
Food & Dining,Local Restaurant,lunch delivery restaurant #5888,886.12
Groceries,Trader Joes,groceries bread,41.83
Entertainment,Netflix,entertainment music movie,22.57
Bills & Utilities,Verizon,utility payment service,759.95
Shopping,Target,shoes #8367,108.76
Healthcare,Walgreens,medicine,206.47
Others,Various Services,payment,510.36
Healthcare,Quest Diagnostics,health medicine prescription,225.74
Healthcare,Walgreens,prescription health medicine,99.69
Entertainment,Steam,music game entertainment,22.4
Entertainment,Netflix,game #8221,32.58
Transportation,Shell,transportation #8224,43.16
Bills & Utilities,Water Service,service,717.4
Groceries,Safeway,meat bread produce,71.48
Shopping,Amazon,clothes,293.23
Bills & Utilities,Verizon,payment bill utility,371.39
Others,Miscellaneous,other,158.16
Transportation,Metro,transportation,22.52
Food & Dining,Chipotle,restaurant takeout meal,196.56
Groceries,Walmart,food,61.77
Transportation,Shell,transit,53.72
Transportation,Metro,transit ride taxi #7660,13.56
Bills & Utilities,AT&T,payment utility,569.34
Food & Dining,Local Restaurant,delivery takeout,124.15
Food & Dining,Local Restaurant,meal takeout,474.11
Others,Unknown Vendor,general,414.97
Food & Dining,Pizza Hut,restaurant delivery lunch #5833,373.95
Healthcare,Quest Diagnostics,prescription medical #4255,244.93
Healthcare,Quest Diagnostics,doctor,347.54
Bills & Utilities,Water Service,monthly service,35.53
Bills & Utilities,Verizon,monthly,574.88
Shopping,Best Buy,purchase clothes accessories,275.47
Shopping,Best Buy,accessories clothes purchase,49.35
Entertainment,Steam,movie music,43.37
Healthcare,Quest Diagnostics,doctor health,155.19
Transportation,Shell,gas ride fuel #8665,55.47
Others,Miscellaneous,misc payment,374.22
Entertainment,Xbox,movie entertainment,37.67
Bills & Utilities,AT&T,monthly utility,213.86
Food & Dining,Subway,delivery dinner takeout #1454,343.53
Groceries,Safeway,groceries dairy,132.23
Others,Miscellaneous,general other misc,224.22
Entertainment,AMC Theaters,game,46.31
Food & Dining,Subway,delivery dinner,259.47
Others,Unknown Vendor,general other,704.09
Healthcare,CVS,medicine health,460.62
Transportation,BP,ride taxi,12.55
Transportation,Uber,gas transit,23.72
Healthcare,Walgreens,medical doctor,282.13
Bills & Utilities,AT&T,bill utility monthly,952.84
Entertainment,AMC Theaters,game #6128,43.69
Healthcare,Local Clinic,medical medicine doctor,200.52
Transportation,Lyft,transit taxi,45.11
Groceries,Whole Foods,bread produce food,197.15
Healthcare,CVS,medical doctor health #8424,274.12
Bills & Utilities,Water Service,service payment bill,525.95
Food & Dining,Chipotle,dinner lunch delivery,640.77
Others,Unknown Vendor,misc service other,60.01
Shopping,Amazon,clothes,270.23
Shopping,Target,accessories,186.97
Healthcare,CVS,medical health,387.06
Entertainment,Steam,music,33.42
Transportation,Lyft,taxi fuel #6889,27.09
Entertainment,Steam,streaming movie #7803,47.57
Entertainment,Spotify,streaming,20.15
Shopping,Nike,accessories clothes #2656,283.19
Entertainment,Steam,game,38.04
Shopping,Best Buy,electronics accessories shoes,33.9
Food & Dining,Subway,delivery lunch meal,256.29
Transportation,Metro,ride transportation gas #3136,15.48
Others,Miscellaneous,service general misc,318.25
Shopping,Best Buy,electronics accessories purchase,22.86
Groceries,Walmart,bread food meat #2693,112.09
Transportation,BP,taxi fuel,29.39
Entertainment,Netflix,music entertainment game,27.13
Healthcare,Walgreens,doctor,255.48
Transportation,Shell,fuel taxi #4782,69.57
Food & Dining,Local Restaurant,meal lunch dinner,783.45
Healthcare,CVS,medical prescription health #7036,461.03
Bills & Utilities,AT&T,bill service payment,216.82
Bills & Utilities,Water Service,payment monthly bill,519.3
Transportation,Shell,ride,16.52
Healthcare,Quest Diagnostics,doctor health,261.18
Groceries,Trader Joes,produce meat,23.69
Entertainment,AMC Theaters,streaming game entertainment #8258,43.82
Food & Dining,Subway,meal restaurant #1337,920.99
Shopping,Amazon,shoes accessories,206.18
Shopping,Amazon,accessories clothes,68.79
Others,Various Services,payment service other,342.31
Food & Dining,McDonalds,restaurant delivery #2638,372.64
Others,Miscellaneous,service #1427,284.65
Shopping,Best Buy,clothes,208.97
Healthcare,Quest Diagnostics,doctor medicine prescription,204.19
Healthcare,Quest Diagnostics,health doctor #3122,106.58
Entertainment,Xbox,music game,28.34
Others,Unknown Vendor,other,194.51
Others,Various Services,payment #5135,895.44
Bills & Utilities,Verizon,utility,520.46
Transportation,Uber,gas taxi,45.64
Groceries,Whole Foods,produce dairy bread,109.84
Healthcare,CVS,doctor,234.79
Groceries,Whole Foods,meat,57.84
Shopping,Target,shoes,253.04
Shopping,Best Buy,clothes #5887,230.14
Entertainment,Netflix,entertainment music #9168,25.45
Bills & Utilities,Verizon,utility,259.06
Shopping,Best Buy,clothes purchase electronics,211.79
Bills & Utilities,Water Service,bill,903.94
Healthcare,CVS,doctor prescription,343.6
Bills & Utilities,Electric Company,bill monthly,204.35
Healthcare,Local Clinic,medicine medical health,357.86
Bills & Utilities,Water Service,utility #5716,992.6
Others,Miscellaneous,misc #7718,297.58
Transportation,BP,transit,30.47
Healthcare,CVS,medical,254.83
Entertainment,Steam,music movie,23.6
Food & Dining,Subway,delivery,525.39
Food & Dining,McDonalds,restaurant delivery,251.63
Others,Various Services,other payment,897.58
Entertainment,Spotify,movie,27.51
Entertainment,Spotify,entertainment,19.11
Shopping,Nike,shoes #8135,115.45
Transportation,Uber,fuel taxi gas #1643,69.43
Groceries,Trader Joes,bread meat produce,90.21
Shopping,Target,shoes accessories clothes,39.96
Entertainment,Xbox,game streaming music,27.07
Healthcare,Quest Diagnostics,health medical prescription,157.42
Others,Miscellaneous,misc general service,211.13
Groceries,Walmart,produce bread dairy #9618,139.79
Transportation,Shell,ride,42.61
Shopping,Target,shoes,169.02
Healthcare,Walgreens,prescription doctor,425.31
Healthcare,Local Clinic,medical,425.01
Healthcare,Walgreens,medicine health,84.29
Others,Unknown Vendor,general,947.33
Entertainment,Steam,game,49.95
Bills & Utilities,Electric Company,monthly,460.6
Groceries,Walmart,bread food produce,123.4
Shopping,Nike,purchase,187.44
Healthcare,Walgreens,medicine,93.42
Others,Various Services,general service misc #8649,694.19
Groceries,Trader Joes,bread #1172,68.82
Shopping,Nike,purchase shoes accessories,217.07
Transportation,Uber,gas fuel transit,50.54
Others,Miscellaneous,general misc service,805.21
Transportation,Lyft,taxi transit #4890,21.3
Shopping,H&M,accessories clothes electronics,76.9
Groceries,Walmart,food produce meat,171.8
Healthcare,Local Clinic,prescription medical health,167.92
Food & Dining,Chipotle,restaurant takeout lunch #6642,947.13
Entertainment,Xbox,streaming music game,18.12
Others,Miscellaneous,misc service #3619,758.77
Shopping,Nike,electronics clothes,120.64
Groceries,Kroger,dairy food meat,20.7
Bills & Utilities,AT&T,monthly,973.05
Groceries,Safeway,groceries meat #3687,142.82
Shopping,Amazon,shoes accessories,128.78
Entertainment,Steam,entertainment streaming #1197,41.78
Shopping,Target,purchase electronics clothes #4349,234.38
Transportation,Lyft,transportation transit gas,63.1
Entertainment,Netflix,game movie music,26.52
Transportation,Metro,fuel transportation #6837,52.87
Entertainment,Netflix,streaming game #4957,31.17
Others,Miscellaneous,other payment service #6033,525.25
Healthcare,CVS,medicine prescription health,196.56
Healthcare,Local Clinic,health #5713,150.0
Bills & Utilities,Verizon,utility bill service,598.65
Transportation,BP,transit,65.68
Transportation,Shell,transportation taxi fuel #2592,25.23
Food & Dining,Chipotle,takeout restaurant,892.48
Bills & Utilities,Electric Company,utility bill payment,989.56
Shopping,Best Buy,accessories #8059,37.03
Entertainment,Spotify,entertainment streaming game,21.07
Bills & Utilities,AT&T,bill,786.23
Others,Various Services,misc service,623.08
Groceries,Whole Foods,food,127.44
Groceries,Whole Foods,groceries meat food #9331,163.66
Healthcare,Walgreens,health medical prescription #1076,399.43
Transportation,Lyft,fuel transportation taxi,51.39
Food & Dining,Subway,takeout restaurant,171.25
Food & Dining,Subway,dinner meal restaurant,544.59
Entertainment,Steam,movie game music #1081,13.74
Healthcare,Quest Diagnostics,medical doctor,448.66
Shopping,Amazon,shoes purchase clothes #2939,137.9
Transportation,Shell,ride #4302,55.29
Bills & Utilities,AT&T,utility payment,222.67
Transportation,Lyft,taxi,48.32
Others,Miscellaneous,misc general,631.29
Groceries,Trader Joes,groceries meat food,126.25
Groceries,Trader Joes,dairy produce,83.41
Entertainment,AMC Theaters,entertainment music streaming,30.46
Groceries,Kroger,bread produce food #1451,88.51
Shopping,Nike,shoes clothes purchase #4999,220.2
Bills & Utilities,AT&T,service monthly #3194,675.99
Food & Dining,Chipotle,meal restaurant lunch,480.31
Healthcare,Walgreens,health,440.73
Bills & Utilities,Electric Company,service utility monthly,990.83
Groceries,Whole Foods,bread meat groceries #6178,182.55
Healthcare,Quest Diagnostics,medical doctor,73.51
Groceries,Safeway,dairy meat,140.0
Shopping,H&M,shoes,153.28
Entertainment,Xbox,game entertainment movie,49.64
Others,Unknown Vendor,service other,992.67
Shopping,Nike,shoes,69.68
Transportation,Uber,ride gas,24.77
Healthcare,Walgreens,medical prescription health,467.9
Food & Dining,McDonalds,takeout,69.21
Transportation,BP,ride transit gas,44.21
Others,Various Services,misc service,416.5
Transportation,Uber,taxi transit,23.52
Others,Miscellaneous,payment other general #8879,933.03
Bills & Utilities,Water Service,bill utility,324.36
Bills & Utilities,Verizon,payment monthly service,974.42
Food & Dining,Local Restaurant,lunch meal,502.72
Groceries,Safeway,groceries food,163.98
Others,Miscellaneous,other general payment #7782,636.95
Entertainment,Netflix,movie streaming music,47.72
Healthcare,Local Clinic,prescription medical doctor,100.76
Others,Miscellaneous,service payment general,289.43
Shopping,Amazon,shoes,166.18
Food & Dining,Subway,lunch takeout #8194,577.0
Healthcare,Walgreens,medicine medical,384.87
Bills & Utilities,Electric Company,utility #2105,817.99
Bills & Utilities,Verizon,service payment monthly,331.51
Transportation,BP,fuel gas,23.36
Groceries,Safeway,groceries meat dairy,67.68
Transportation,BP,taxi #4466,25.33
Shopping,H&M,purchase clothes #1903,81.07
Food & Dining,Subway,dinner,129.74
Shopping,H&M,purchase electronics #3171,143.55
Healthcare,Walgreens,doctor medical medicine,395.84
Shopping,Target,clothes shoes purchase #9683,53.12
Entertainment,Steam,streaming music #8655,15.34
Food & Dining,McDonalds,takeout lunch dinner,435.74
Others,Miscellaneous,other misc service,780.37
Groceries,Safeway,produce,121.03
Groceries,Walmart,meat groceries,87.05
Entertainment,Steam,game,19.71
Groceries,Whole Foods,bread meat,134.41
Entertainment,Steam,entertainment,40.19
Shopping,Best Buy,electronics clothes shoes,125.78
Healthcare,Local Clinic,medical doctor prescription,105.33
Food & Dining,Subway,restaurant meal takeout,963.69
Shopping,H&M,purchase accessories clothes,229.89
Healthcare,Quest Diagnostics,doctor medical,435.16
Groceries,Whole Foods,groceries meat #6814,64.04
Others,Miscellaneous,payment other #8106,652.22
Others,Miscellaneous,other misc,769.35
Transportation,Metro,gas ride,10.81
Groceries,Kroger,produce bread dairy,154.44
Food & Dining,Pizza Hut,dinner takeout,645.11
Groceries,Whole Foods,groceries,59.92
Others,Unknown Vendor,payment,556.4
Shopping,H&M,clothes purchase,108.48
Shopping,Nike,clothes #3809,286.42
Others,Unknown Vendor,general other #2140,992.55
Food & Dining,Chipotle,delivery lunch,74.59
Food & Dining,Local Restaurant,dinner takeout #5839,473.23
Entertainment,Spotify,music streaming movie #1662,32.31
Healthcare,Local Clinic,prescription #9818,496.28
Groceries,Trader Joes,bread food produce,111.12
Entertainment,AMC Theaters,game #7212,40.37
Food & Dining,Chipotle,delivery #1128,11.18
Transportation,Shell,transit gas ride,17.22
Others,Miscellaneous,general #2006,717.74
Bills & Utilities,Verizon,bill #9502,433.94
Healthcare,Walgreens,health #7536,33.01
Transportation,Lyft,gas taxi transportation,64.87
Bills & Utilities,Verizon,payment monthly utility,764.24
Others,Miscellaneous,general service,685.36
Groceries,Whole Foods,meat,48.57
Groceries,Trader Joes,food meat bread #7847,47.21
Entertainment,Spotify,entertainment #3427,37.72
Transportation,Metro,taxi fuel,24.35
Others,Miscellaneous,payment service,868.61
Food & Dining,Subway,restaurant takeout dinner #4655,380.41
Bills & Utilities,Electric Company,payment service,118.54
Groceries,Walmart,groceries,171.17
Food & Dining,Pizza Hut,dinner delivery,566.9
Healthcare,CVS,medical #5092,320.3
Groceries,Safeway,groceries dairy produce,35.25
Shopping,Best Buy,accessories clothes,205.26
Entertainment,Spotify,movie entertainment,32.48
Transportation,Metro,fuel,49.65
Shopping,Nike,shoes accessories electronics #1364,165.05
Groceries,Walmart,food produce dairy,104.7
Bills & Utilities,Electric Company,bill service monthly,364.49
Healthcare,Quest Diagnostics,health prescription medical,413.59
Groceries,Kroger,produce dairy,68.24
Groceries,Trader Joes,meat dairy bread #9968,199.82
Others,Various Services,other misc service,820.89
Bills & Utilities,Electric Company,bill,93.8
Food & Dining,Local Restaurant,restaurant delivery,257.5
Bills & Utilities,Verizon,monthly,617.64
Transportation,Metro,fuel ride #4466,75.64
Shopping,Amazon,electronics,58.71
Bills & Utilities,Electric Company,payment,154.35
Shopping,H&M,purchase shoes,299.71
Groceries,Trader Joes,bread dairy produce #9620,102.77
Food & Dining,Subway,restaurant delivery,17.11
Entertainment,Netflix,game movie #7348,33.44
Shopping,Best Buy,accessories,191.6
Shopping,Amazon,shoes accessories,157.8
Others,Miscellaneous,service payment,242.7
Healthcare,Walgreens,medicine medical prescription,284.96
Entertainment,AMC Theaters,streaming,24.29
Shopping,H&M,electronics purchase clothes,16.35
Shopping,Amazon,clothes #3415,37.08
Shopping,Amazon,clothes electronics #8604,237.27
Food & Dining,Subway,dinner,961.38
Shopping,H&M,purchase shoes electronics,145.34
Entertainment,Xbox,music entertainment #1440,34.52
Food & Dining,McDonalds,dinner takeout meal,705.7
Bills & Utilities,Electric Company,monthly utility service #9949,254.79
Entertainment,Steam,entertainment streaming movie,20.1
Groceries,Walmart,groceries #9742,129.04
Transportation,Lyft,transportation fuel ride,43.0
Food & Dining,Pizza Hut,lunch delivery takeout,567.67
Others,Unknown Vendor,other,116.07
Transportation,BP,transportation taxi fuel,31.53
Food & Dining,Chipotle,delivery #1748,812.98
Transportation,BP,transit #1261,23.68
Food & Dining,Subway,restaurant lunch takeout #7785,461.66
Food & Dining,Chipotle,restaurant,748.78
Others,Unknown Vendor,general,627.87
Entertainment,Steam,music movie,12.85
Bills & Utilities,Electric Company,utility bill,264.27
Bills & Utilities,AT&T,monthly bill #9196,488.15
Food & Dining,Subway,delivery dinner lunch,899.22
Food & Dining,Local Restaurant,dinner,737.02
Groceries,Walmart,groceries,189.89
Transportation,Lyft,taxi ride gas,60.76
Groceries,Whole Foods,dairy #1423,99.0
Entertainment,AMC Theaters,movie game,43.35
Entertainment,AMC Theaters,entertainment streaming music,17.44
Shopping,Target,electronics,44.87
Transportation,Uber,ride gas,20.26
Shopping,Nike,clothes electronics accessories #4155,120.95
Healthcare,Local Clinic,doctor health medical,82.63
Healthcare,Local Clinic,doctor prescription medicine,225.68
Entertainment,AMC Theaters,game streaming movie,16.0
Bills & Utilities,AT&T,utility service bill #9940,225.0
Bills & Utilities,AT&T,service utility monthly #8665,97.83
Groceries,Safeway,food #8807,87.51
Groceries,Walmart,produce bread,31.14
Healthcare,CVS,medical health,33.72
Others,Various Services,other payment misc,739.39
Healthcare,Walgreens,medicine health,364.38
Shopping,Nike,electronics clothes,253.27
Transportation,Uber,taxi,27.57
Others,Miscellaneous,other service general,172.72
Entertainment,Xbox,streaming game #8979,39.27
Food & Dining,Local Restaurant,takeout delivery #6923,243.88
Bills & Utilities,Electric Company,payment,850.35
Food & Dining,Pizza Hut,meal #2762,847.31
Bills & Utilities,AT&T,utility,389.37
Transportation,BP,fuel,13.93
Transportation,Lyft,ride transportation taxi #4682,75.71
Entertainment,Spotify,entertainment,45.25
Food & Dining,McDonalds,takeout dinner,381.43
Others,Unknown Vendor,payment service general #5772,509.58
Groceries,Kroger,dairy food #6054,33.03
Food & Dining,Local Restaurant,dinner #2298,62.05
Others,Various Services,misc other general,469.6
Bills & Utilities,Verizon,utility service #8708,380.01
Others,Unknown Vendor,general #6228,628.42
Entertainment,Steam,movie streaming music #6759,44.43
Food & Dining,Subway,takeout #2846,294.27
Food & Dining,Chipotle,takeout,451.84
Entertainment,Netflix,music game movie,18.71
Others,Miscellaneous,payment,842.83
Transportation,Uber,transportation fuel ride,66.78
Others,Miscellaneous,misc #4370,182.27
Shopping,Best Buy,accessories shoes,23.49
Others,Unknown Vendor,service,500.25
Food & Dining,McDonalds,dinner delivery takeout,656.67
Shopping,Target,accessories purchase clothes #5689,212.88
Shopping,Nike,purchase,133.48
Entertainment,Xbox,music entertainment game,24.73
Shopping,Best Buy,purchase clothes #9037,173.25
Healthcare,Local Clinic,medicine,348.93
Food & Dining,Local Restaurant,takeout,49.44
Food & Dining,Chipotle,meal delivery,260.11
Bills & Utilities,Verizon,utility service,507.94
Transportation,Metro,ride,78.65
Food & Dining,Subway,meal dinner,526.0
Bills & Utilities,Electric Company,service utility,990.71
Entertainment,Steam,music game,32.94
Transportation,BP,transportation taxi,9.74
Food & Dining,McDonalds,takeout lunch restaurant,884.31
Healthcare,Local Clinic,doctor medical health #8818,323.37
Others,Miscellaneous,misc,465.01
Others,Unknown Vendor,payment misc,140.75
Entertainment,Netflix,streaming,38.39
Others,Various Services,payment #8870,856.22
Food & Dining,Subway,dinner meal,536.52
Healthcare,Local Clinic,medicine,210.18
Bills & Utilities,Verizon,monthly utility,649.58
Transportation,Metro,fuel,5.78
Bills & Utilities,Electric Company,payment bill service,471.07
Healthcare,Local Clinic,doctor #1636,169.69
Groceries,Walmart,bread meat #2307,62.37
Food & Dining,Subway,delivery takeout #5174,483.12
Transportation,Uber,transit gas fuel #3894,53.72
Food & Dining,Chipotle,lunch,866.84
Shopping,Nike,electronics accessories,298.36
Food & Dining,McDonalds,dinner meal delivery,882.76
Others,Various Services,other,703.77
Bills & Utilities,AT&T,bill monthly,490.85
Entertainment,AMC Theaters,streaming,16.34
Shopping,H&M,shoes,117.83
Food & Dining,Subway,takeout restaurant,125.47
Bills & Utilities,Verizon,monthly service bill #2340,677.76
Healthcare,Walgreens,medicine health #4962,122.38
Shopping,Target,electronics shoes,43.9
Healthcare,Walgreens,doctor medicine prescription,330.29
Transportation,BP,gas #2270,33.68
Bills & Utilities,Water Service,service utility payment #3617,936.86
Bills & Utilities,Verizon,monthly,684.27
Transportation,Shell,fuel transit,64.15
Bills & Utilities,Water Service,payment monthly service,531.44
Entertainment,Xbox,movie streaming game,47.7
Shopping,Best Buy,shoes purchase,291.2
Transportation,Shell,ride,29.26
Entertainment,Netflix,game music movie,44.03
Transportation,Metro,transit,42.12
Transportation,Metro,transportation,9.85
Healthcare,Local Clinic,health medical prescription #3768,248.51
Shopping,H&M,clothes shoes purchase,92.19
Transportation,Metro,gas ride,35.0
Transportation,Lyft,gas ride transportation,47.34
Food & Dining,Chipotle,delivery restaurant meal,282.81
Entertainment,Xbox,game #9561,16.55
Transportation,Uber,transit taxi #9268,51.24
Transportation,Lyft,taxi gas transit,12.31
Shopping,Best Buy,shoes accessories,229.9
Shopping,Best Buy,purchase shoes #6513,64.57
Transportation,Shell,fuel taxi ride #5766,76.49
Entertainment,Spotify,game streaming,26.65
Groceries,Trader Joes,food meat,128.15
Transportation,Lyft,transit #1722,11.86
Others,Unknown Vendor,other general #3355,410.05
Transportation,Lyft,taxi #8321,67.54
Shopping,Best Buy,purchase shoes,128.82
Healthcare,Walgreens,doctor,231.46
Groceries,Trader Joes,groceries bread meat,193.95
Transportation,BP,transit transportation,19.27
Groceries,Kroger,bread meat dairy #8134,49.14
Shopping,Best Buy,shoes accessories #3283,52.37
Others,Unknown Vendor,payment other misc,120.0
Others,Various Services,payment #1380,613.24
Transportation,BP,transportation #8871,18.23
Food & Dining,Subway,lunch meal takeout,561.4
Food & Dining,Chipotle,lunch restaurant delivery #1807,47.09
Others,Miscellaneous,other general,497.32
Transportation,BP,ride,66.32
Food & Dining,McDonalds,meal restaurant dinner,649.25
Entertainment,Steam,entertainment,29.18
Shopping,Best Buy,clothes accessories,235.81
Bills & Utilities,Water Service,utility bill,84.75
Food & Dining,Local Restaurant,dinner,981.82
Entertainment,AMC Theaters,movie entertainment,28.44
Healthcare,Local Clinic,health #7671,363.11
Bills & Utilities,Electric Company,payment,740.45
Others,Unknown Vendor,payment,741.85
Groceries,Walmart,meat food bread #4211,140.01
Transportation,Uber,gas taxi transit,32.63
Entertainment,Steam,music,27.63
Transportation,Metro,transportation transit,78.27
Others,Unknown Vendor,misc service payment,795.17
Shopping,Amazon,clothes #6753,209.46
Entertainment,Xbox,streaming,28.08
Shopping,Best Buy,clothes purchase accessories,170.58
Groceries,Trader Joes,dairy produce groceries,35.87
Transportation,BP,ride gas,76.95
Others,Unknown Vendor,misc general payment,696.92
Shopping,H&M,electronics accessories shoes,16.29
Transportation,Shell,transit taxi #4723,46.75
Transportation,Shell,transportation fuel #2950,13.72
Others,Unknown Vendor,service,383.02
Transportation,Lyft,fuel transportation #5077,72.05
Healthcare,CVS,prescription #3746,388.82
Transportation,BP,fuel ride transit #7497,49.68
Healthcare,Quest Diagnostics,health prescription medical,257.81
Groceries,Whole Foods,groceries,80.38
Others,Miscellaneous,other #6563,822.94
Transportation,BP,ride transit,66.47
Bills & Utilities,Verizon,utility service,433.71
Groceries,Walmart,bread food,122.94
Bills & Utilities,Electric Company,utility service,575.72
Others,Miscellaneous,payment other service,892.1
Transportation,Lyft,transportation fuel ride #8564,37.26
Groceries,Kroger,food bread,178.93
Bills & Utilities,AT&T,payment utility service,305.38
Transportation,Metro,fuel ride #8074,73.38
Food & Dining,Pizza Hut,lunch restaurant dinner,230.99
Bills & Utilities,Verizon,bill service,54.8
Bills & Utilities,Verizon,service payment bill #8796,369.34
Groceries,Walmart,bread,107.65
Bills & Utilities,Electric Company,monthly,839.63
Groceries,Safeway,meat groceries produce,188.23
Bills & Utilities,Water Service,utility service payment #8742,785.75
Healthcare,CVS,health medical #6700,94.02
Food & Dining,McDonalds,lunch delivery meal,159.19
Groceries,Safeway,produce bread,33.46
Entertainment,AMC Theaters,movie streaming,22.17
Shopping,Best Buy,shoes electronics #3547,68.23
Groceries,Whole Foods,dairy bread meat #9529,97.35
Food & Dining,Pizza Hut,takeout #8032,960.57
Groceries,Kroger,meat bread dairy,191.7
Others,Miscellaneous,general,785.46
Shopping,Amazon,electronics clothes accessories,297.79
Bills & Utilities,Verizon,monthly utility #5846,848.56
Shopping,Target,electronics accessories,197.24
Shopping,H&M,purchase electronics #3930,24.59
Shopping,Nike,electronics,55.0
Healthcare,Local Clinic,medical doctor health,268.37
Bills & Utilities,AT&T,payment service,752.49
Shopping,Amazon,accessories,83.91
Groceries,Safeway,food groceries #5042,173.62
Others,Unknown Vendor,misc other general,880.79
Bills & Utilities,Water Service,service monthly payment,899.83
Groceries,Kroger,dairy,28.04
Healthcare,Quest Diagnostics,medical health,353.94
Transportation,Lyft,fuel,12.1
Groceries,Walmart,food bread,149.87
Healthcare,Quest Diagnostics,medical medicine #4877,487.64
Entertainment,Xbox,entertainment streaming game #5905,27.93
Bills & Utilities,Water Service,service #7630,264.13
Food & Dining,Subway,dinner lunch #6936,808.3
Food & Dining,McDonalds,takeout meal restaurant #3925,605.11
Others,Miscellaneous,other #9125,260.2
Shopping,Amazon,shoes,237.49
Healthcare,CVS,health prescription medicine,459.27
Transportation,Lyft,ride taxi gas #7849,79.56
Bills & Utilities,Water Service,utility payment monthly,156.04
Entertainment,Spotify,game entertainment #2746,13.63
Food & Dining,McDonalds,takeout #2230,830.64
Others,Miscellaneous,payment service,164.08
Transportation,Shell,transit transportation #7071,64.4
Shopping,H&M,purchase,217.08
Groceries,Whole Foods,food bread,173.37
Transportation,Lyft,taxi #3173,54.58
Transportation,BP,transit taxi,48.72
Shopping,Amazon,purchase electronics,204.28
Food & Dining,Pizza Hut,delivery restaurant takeout #7754,523.09
Others,Miscellaneous,payment,424.71
Transportation,BP,fuel taxi transportation,61.71
Transportation,Metro,ride transit #5651,67.17
Groceries,Kroger,food #6723,100.66
Bills & Utilities,Water Service,payment,641.29
Entertainment,Steam,entertainment music game #2983,10.29
Others,Miscellaneous,service payment,664.69
Bills & Utilities,Electric Company,monthly,608.26
Healthcare,CVS,prescription medicine medical #6724,473.82
Groceries,Trader Joes,produce dairy food,145.37
Others,Various Services,misc payment general #3988,813.25
Bills & Utilities,Verizon,monthly service bill #5457,460.87
Transportation,Shell,gas,71.79
Others,Various Services,service,996.23
Others,Miscellaneous,misc payment general,415.37
Food & Dining,Local Restaurant,takeout restaurant,572.1
Transportation,Metro,ride,14.9
Shopping,Amazon,clothes shoes,116.35
Groceries,Walmart,groceries bread,79.04
Others,Various Services,other,151.08
Groceries,Whole Foods,produce meat,125.13
Groceries,Trader Joes,bread food,28.74
Entertainment,Steam,streaming entertainment,46.56
Shopping,H&M,electronics accessories,276.85
Healthcare,CVS,prescription medicine,303.99
Others,Miscellaneous,service general other,147.97
Food & Dining,Chipotle,dinner takeout #5062,717.64
Groceries,Trader Joes,dairy food groceries,166.33
Transportation,Shell,ride,60.95
Bills & Utilities,Electric Company,payment monthly,177.52
Transportation,Uber,transportation,36.59
Others,Miscellaneous,misc #7612,565.7
Transportation,Shell,taxi,58.51
Food & Dining,Pizza Hut,dinner restaurant #7365,777.26
Entertainment,Netflix,streaming,35.24
Bills & Utilities,Water Service,payment utility service,473.81
Shopping,Amazon,clothes electronics,125.93
Bills & Utilities,Water Service,utility service #9474,212.03
Bills & Utilities,Water Service,monthly payment service,279.81
Shopping,Target,purchase clothes #6154,56.93
Healthcare,Walgreens,prescription medical medicine,35.91
Others,Unknown Vendor,other misc service,431.54
Healthcare,Quest Diagnostics,doctor medicine prescription,53.27
Shopping,Amazon,accessories clothes purchase #7368,287.57
Shopping,H&M,clothes purchase electronics,21.47
Bills & Utilities,Water Service,monthly service,702.02
Healthcare,Local Clinic,medical,416.78
Food & Dining,McDonalds,takeout #8518,966.08
Others,Various Services,payment service general,517.82
Others,Miscellaneous,misc service other,487.97
Entertainment,Xbox,streaming,14.24
Food & Dining,McDonalds,meal restaurant,798.13
Shopping,Target,electronics,144.62
Groceries,Safeway,produce food,84.3
Groceries,Walmart,meat produce,83.52
Entertainment,AMC Theaters,movie streaming game #7031,32.78
Transportation,BP,transit taxi,41.9
Food & Dining,Chipotle,takeout lunch restaurant,872.96
Healthcare,Local Clinic,health,307.63
Others,Miscellaneous,misc,872.74
Others,Various Services,service,597.79
Groceries,Whole Foods,dairy #6033,59.38
Entertainment,Steam,movie #7058,28.09
Others,Miscellaneous,payment,870.45
Shopping,Nike,clothes #1744,51.27
Transportation,Uber,gas,21.96
Food & Dining,Subway,delivery,109.36
Bills & Utilities,Electric Company,utility,376.22
Healthcare,Local Clinic,medicine,267.74
Bills & Utilities,Water Service,monthly utility,277.18
Entertainment,Steam,movie music streaming,43.01
Groceries,Kroger,food groceries,118.98
Healthcare,CVS,doctor medicine,71.94
Food & Dining,McDonalds,restaurant takeout meal,974.88
Transportation,Metro,gas transit taxi,61.63
Others,Various Services,misc,267.95
Others,Miscellaneous,other #8511,864.59
Bills & Utilities,Verizon,monthly payment service,795.2
Transportation,Shell,taxi transportation fuel,53.31
Shopping,Nike,purchase #4873,207.1
Others,Unknown Vendor,service,575.84
Transportation,Lyft,transit ride,57.73
Entertainment,Xbox,music entertainment game,21.42
Bills & Utilities,AT&T,payment monthly,692.34
Transportation,BP,ride gas,59.78
Shopping,Amazon,electronics clothes shoes #3186,105.7
Food & Dining,Chipotle,restaurant meal delivery,544.03
Bills & Utilities,Verizon,bill monthly service,267.72
Food & Dining,Pizza Hut,meal,369.14
Food & Dining,Subway,restaurant meal dinner,872.72
Others,Miscellaneous,other service payment,55.01
Food & Dining,McDonalds,lunch takeout,397.12
Bills & Utilities,AT&T,monthly bill #6324,550.52
Healthcare,Quest Diagnostics,medicine health #1603,336.58
Food & Dining,Chipotle,takeout #1477,594.37
Healthcare,Local Clinic,medicine health doctor #6928,102.5
Others,Unknown Vendor,other,797.05
Food & Dining,Chipotle,lunch,960.76
Bills & Utilities,Verizon,utility #5202,653.7
Entertainment,Spotify,streaming entertainment game #6195,24.39
Healthcare,Walgreens,prescription doctor medical #5105,107.42
Groceries,Kroger,meat,191.52
Bills & Utilities,AT&T,monthly payment bill #2308,652.04
Shopping,Best Buy,shoes #6410,224.88
Transportation,Uber,taxi transportation transit,20.78
Entertainment,Netflix,music,40.48
Entertainment,Spotify,game movie,37.41
Groceries,Trader Joes,dairy bread food,21.37
Shopping,Target,accessories,137.63
Transportation,Uber,ride #8120,48.95
Shopping,Nike,accessories,218.44
Shopping,Best Buy,purchase accessories #8011,241.59
Others,Unknown Vendor,general payment misc,572.96
Entertainment,Steam,movie,46.34
Shopping,Nike,accessories electronics purchase,84.64
Food & Dining,Local Restaurant,meal #1756,778.74
Groceries,Whole Foods,meat #5930,182.81
Transportation,Metro,transportation,7.02
Others,Unknown Vendor,other #1804,38.93
Transportation,Metro,gas taxi,72.27
Groceries,Walmart,produce food groceries,44.68
Transportation,Uber,gas #4293,7.21
Others,Miscellaneous,payment misc,585.33
Food & Dining,Chipotle,meal,370.95
Food & Dining,Pizza Hut,takeout delivery meal,208.58
Healthcare,CVS,prescription,335.38
Entertainment,AMC Theaters,music streaming game #3758,35.17
Food & Dining,McDonalds,takeout,295.23
Bills & Utilities,Electric Company,payment service,748.83
Healthcare,Quest Diagnostics,medicine medical,255.12
Bills & Utilities,Water Service,service utility,928.12
Transportation,BP,taxi,60.95
Entertainment,Xbox,game movie,26.6
Groceries,Walmart,produce food,195.05
Healthcare,Quest Diagnostics,health medical doctor,453.31
Others,Various Services,misc other payment,423.02
Shopping,H&M,electronics clothes shoes,24.73
Others,Unknown Vendor,misc service,58.52
Bills & Utilities,Verizon,utility service,616.54
Transportation,Shell,transportation gas,26.39
Others,Unknown Vendor,general other service,368.23
Shopping,Nike,electronics clothes,61.54
Others,Miscellaneous,misc other service #3247,421.06
Entertainment,Steam,entertainment,12.52
Healthcare,Walgreens,medicine health doctor,496.51
Food & Dining,Subway,meal restaurant lunch,124.13
Healthcare,Walgreens,health medical,76.17
Transportation,Uber,transit,67.55
Groceries,Kroger,food bread meat,114.29
Others,Various Services,service misc general #4475,199.72
Shopping,H&M,shoes,279.99
Groceries,Safeway,produce #6707,195.85
Groceries,Safeway,bread food,188.87
Food & Dining,Pizza Hut,dinner lunch restaurant,920.33
Healthcare,Quest Diagnostics,doctor health medical,77.09
Shopping,Amazon,shoes purchase electronics #9560,296.77
Healthcare,Walgreens,medicine medical health,208.1
Groceries,Whole Foods,meat food,154.38
Entertainment,Netflix,entertainment,13.74
Transportation,Lyft,transportation transit,51.58
Groceries,Trader Joes,meat #7251,150.31
Bills & Utilities,AT&T,utility monthly payment,476.67
Entertainment,Netflix,entertainment,36.13
Groceries,Kroger,meat produce bread #9259,84.74
Shopping,H&M,accessories purchase shoes,241.96
Bills & Utilities,Verizon,bill,233.71
Shopping,Best Buy,accessories electronics,33.78
Healthcare,Walgreens,medical,63.97
Transportation,BP,gas,62.34
Healthcare,CVS,doctor medical health,271.86
Entertainment,Spotify,music game,35.39
Others,Various Services,other payment general,240.49
Healthcare,Local Clinic,doctor #2712,395.24
Shopping,H&M,shoes accessories clothes,285.25
Bills & Utilities,Verizon,utility,17.8
Food & Dining,Pizza Hut,delivery dinner,934.61
Groceries,Kroger,produce bread meat,190.5
Food & Dining,Chipotle,takeout,135.59
Groceries,Walmart,bread produce,34.98
Food & Dining,McDonalds,delivery lunch meal,84.78
Transportation,BP,transportation #5401,49.97
Entertainment,AMC Theaters,streaming game #5704,30.82
Healthcare,Walgreens,medical doctor #1956,31.57
Bills & Utilities,Verizon,monthly utility,607.42
Food & Dining,Pizza Hut,restaurant,416.62
Food & Dining,McDonalds,lunch takeout restaurant,118.95
Transportation,BP,transit #6720,11.15
Bills & Utilities,Verizon,utility monthly bill,481.02
Groceries,Trader Joes,bread,53.8
Others,Miscellaneous,misc general service #4783,103.05
Others,Miscellaneous,service,74.49
Bills & Utilities,Water Service,monthly payment service #1155,636.59
Entertainment,Netflix,game movie entertainment #2275,49.0
Bills & Utilities,Water Service,monthly bill payment #4734,582.44
Bills & Utilities,Verizon,monthly payment utility #8921,330.92
Groceries,Walmart,bread,104.7
Transportation,Shell,fuel ride gas,29.34
Food & Dining,Chipotle,restaurant,928.92
Bills & Utilities,Verizon,service bill,398.96
Food & Dining,Chipotle,lunch meal delivery,16.3
Entertainment,Steam,movie game,16.42
Entertainment,AMC Theaters,movie game,32.42
Shopping,Amazon,electronics,81.69
Healthcare,Quest Diagnostics,doctor health prescription #2124,353.4
Shopping,Amazon,purchase shoes electronics,148.94
Entertainment,AMC Theaters,music movie entertainment,37.65
Others,Unknown Vendor,other,652.88
Food & Dining,Local Restaurant,takeout,250.79
Shopping,Nike,electronics clothes shoes,198.91
Others,Unknown Vendor,payment #2108,716.54
Groceries,Walmart,dairy food,159.55
Shopping,Amazon,shoes,20.17
Entertainment,Spotify,streaming music #7809,48.91
Food & Dining,Pizza Hut,meal dinner lunch,546.14
Bills & Utilities,Electric Company,utility service,393.31
Transportation,BP,transit,19.39
Shopping,Target,purchase,202.21
Food & Dining,Subway,delivery,679.82
Shopping,Nike,clothes,51.03
Healthcare,CVS,doctor,417.94
Transportation,BP,ride transit,18.83
Healthcare,CVS,doctor health #5482,64.72
Transportation,Lyft,transportation taxi gas,39.26
Transportation,BP,fuel transportation,47.99
Food & Dining,Chipotle,delivery lunch dinner #1295,195.55
Food & Dining,McDonalds,delivery restaurant lunch,423.56
Food & Dining,Chipotle,dinner takeout meal #4142,851.24
Entertainment,Xbox,game streaming entertainment,22.8
Food & Dining,Chipotle,delivery takeout,780.83
Entertainment,Xbox,movie,28.99
Entertainment,Xbox,movie #3536,14.67
Healthcare,CVS,health medical,442.29
Bills & Utilities,AT&T,payment bill utility,316.72
Bills & Utilities,AT&T,bill utility,458.3
Healthcare,Local Clinic,prescription,251.84
Food & Dining,Subway,delivery takeout dinner #2190,327.3
Transportation,Metro,fuel ride #8448,44.81
Bills & Utilities,Electric Company,payment monthly service,745.31
Groceries,Safeway,produce dairy,94.73
Food & Dining,Local Restaurant,restaurant,633.03
Bills & Utilities,Water Service,monthly,458.02
Shopping,Amazon,shoes,242.6
Food & Dining,Chipotle,lunch meal,965.08
Entertainment,Steam,entertainment music game,33.5
Bills & Utilities,AT&T,payment bill,819.61
Healthcare,Quest Diagnostics,medical health medicine,261.45
Food & Dining,McDonalds,takeout meal,600.67
Others,Various Services,payment service,36.22
Groceries,Safeway,groceries bread #3120,114.09
Shopping,Best Buy,accessories purchase clothes #5699,190.58
Groceries,Whole Foods,meat #4499,157.31
Groceries,Safeway,bread meat food #9451,199.6
Food & Dining,Pizza Hut,takeout restaurant,217.13
Groceries,Kroger,food meat bread #9620,189.83
Shopping,Nike,accessories shoes electronics,275.18
Bills & Utilities,AT&T,monthly bill,966.73
Transportation,Metro,fuel ride transportation,57.79
Healthcare,Quest Diagnostics,prescription medicine health #1852,305.83
Others,Various Services,service general other,365.98
Shopping,Best Buy,clothes #7576,116.03
Groceries,Trader Joes,produce bread #8954,40.46
Food & Dining,Chipotle,delivery takeout,381.47
Bills & Utilities,AT&T,service bill,894.31
Entertainment,Spotify,movie music game #4716,10.21
Food & Dining,Pizza Hut,takeout dinner restaurant,949.55
Transportation,Lyft,gas,48.12
Food & Dining,Subway,delivery dinner #9795,662.66
Food & Dining,McDonalds,lunch,665.46
Transportation,Uber,fuel transportation transit,36.0
Others,Various Services,payment service misc,426.76
Others,Various Services,misc,533.54
Others,Unknown Vendor,service,588.98
Transportation,BP,transportation transit,16.22
Healthcare,Quest Diagnostics,prescription health,476.26
Groceries,Safeway,dairy groceries,101.31
Shopping,Target,electronics purchase shoes #8279,178.27
Food & Dining,Subway,delivery,415.21
Food & Dining,Pizza Hut,takeout,207.4
Shopping,Target,shoes #2470,61.47
Shopping,Amazon,electronics,167.51
Others,Various Services,misc payment,168.34
Shopping,Best Buy,shoes clothes electronics,142.94
Bills & Utilities,AT&T,monthly,765.45
Bills & Utilities,Water Service,bill monthly,305.19
Healthcare,Walgreens,medicine doctor prescription,143.34
Transportation,Uber,transportation,61.33
Shopping,Best Buy,shoes,42.95
Food & Dining,Pizza Hut,restaurant delivery,839.29
Groceries,Trader Joes,meat dairy #6938,147.84
Bills & Utilities,AT&T,payment monthly #4062,953.38
Entertainment,Steam,music movie,20.92
Entertainment,AMC Theaters,streaming,40.45
Groceries,Whole Foods,food #5962,191.68
Bills & Utilities,Electric Company,utility service bill #2596,903.93
Others,Miscellaneous,general,150.42
Groceries,Kroger,meat #3615,146.29
Bills & Utilities,Verizon,payment #2332,884.19
Healthcare,Quest Diagnostics,doctor,416.44
Entertainment,AMC Theaters,game movie music,34.14
Healthcare,Local Clinic,health medicine medical,466.41
Groceries,Whole Foods,food produce groceries #2912,152.43
Others,Various Services,other service,870.63
Healthcare,Walgreens,health,40.91
Healthcare,Quest Diagnostics,medical health medicine,22.66
Transportation,Lyft,fuel transportation transit #8663,48.9
Others,Various Services,general service misc #2533,66.05
Transportation,Metro,fuel #5866,71.58
Healthcare,CVS,prescription,355.55
Transportation,Uber,transportation transit,26.74
Shopping,Best Buy,accessories,219.89
Others,Miscellaneous,service misc,462.17
Others,Miscellaneous,general service other #6988,981.59
Healthcare,Walgreens,medicine health prescription,111.21
Shopping,Amazon,electronics clothes purchase,84.61
Bills & Utilities,Water Service,monthly utility bill,858.9
Bills & Utilities,AT&T,bill service #9008,396.31
Others,Various Services,other misc #4228,619.05
Bills & Utilities,Electric Company,bill #6359,141.38
Shopping,Target,electronics purchase clothes,126.49
Healthcare,Quest Diagnostics,doctor,391.11
Entertainment,Xbox,streaming #4375,39.29
Healthcare,Quest Diagnostics,health doctor,38.97
Groceries,Whole Foods,meat bread,168.98
Food & Dining,Local Restaurant,restaurant meal,217.58
Healthcare,Quest Diagnostics,medical medicine doctor,449.67
Food & Dining,Pizza Hut,lunch meal #5590,439.89
Food & Dining,Subway,restaurant delivery dinner,607.37
Others,Various Services,payment misc service,855.32
Groceries,Kroger,food,178.09
Others,Unknown Vendor,service other general,616.34
Transportation,Metro,transit #9148,51.49
Transportation,Shell,taxi ride #3072,6.03
Transportation,Lyft,gas transit fuel,59.63
Healthcare,Quest Diagnostics,medicine health prescription,134.73
Food & Dining,Local Restaurant,takeout #7991,713.68
Food & Dining,Chipotle,takeout delivery,996.49
Entertainment,Xbox,music game,13.75
Bills & Utilities,Electric Company,service #3073,190.95
Food & Dining,Local Restaurant,delivery restaurant #3680,299.02
Others,Unknown Vendor,misc service,609.32
Others,Unknown Vendor,other #6473,562.21
Bills & Utilities,Water Service,service bill,309.74
Shopping,H&M,accessories,229.67
Others,Various Services,other,34.0
Others,Unknown Vendor,other service,625.47
Entertainment,Steam,music entertainment movie #7257,42.54
Others,Miscellaneous,service other misc #5475,793.26
Shopping,Amazon,accessories electronics purchase,181.19
Entertainment,Xbox,game streaming,38.04
Shopping,H&M,clothes shoes,102.65
Shopping,Target,accessories shoes electronics,81.76
Food & Dining,McDonalds,lunch restaurant #5343,305.26
Healthcare,CVS,prescription #6842,63.8
Shopping,Target,accessories electronics,65.75
Others,Miscellaneous,payment,517.85
Others,Miscellaneous,misc payment service,665.7
Healthcare,Walgreens,medical health doctor #9664,227.51
Groceries,Walmart,groceries bread dairy,73.08
Groceries,Safeway,food,141.48
Others,Unknown Vendor,other service payment,261.69
Others,Various Services,payment misc,368.62
Transportation,Lyft,transit ride gas #2935,14.79
Groceries,Kroger,groceries,166.08
Entertainment,Steam,game streaming,13.09
Transportation,Uber,fuel transit gas,57.39
Transportation,Lyft,transit gas fuel,41.81
Food & Dining,Local Restaurant,takeout meal lunch,304.21
Healthcare,CVS,medical medicine prescription #4845,164.21
Shopping,H&M,shoes electronics #3839,249.96
Healthcare,Local Clinic,prescription medical #2917,484.62
Healthcare,CVS,medical #5686,25.75
Others,Unknown Vendor,misc,30.27
Transportation,Lyft,taxi #7426,34.37
Shopping,Target,shoes purchase accessories,32.48
Bills & Utilities,Electric Company,bill utility monthly #5818,766.91
Transportation,Shell,ride gas taxi,76.12
Healthcare,Local Clinic,doctor #7281,143.12
Entertainment,Steam,movie streaming game,11.76
Others,Unknown Vendor,payment service general,507.31
Healthcare,Walgreens,prescription health,365.48
Healthcare,Walgreens,doctor medical #8688,119.49
Healthcare,CVS,medicine,389.64
Food & Dining,Chipotle,restaurant,668.41
Bills & Utilities,Water Service,payment,750.45
Groceries,Whole Foods,food,170.45
Shopping,Target,shoes #6881,264.31
Entertainment,Steam,music,23.33
Shopping,Nike,clothes purchase #8200,297.0
Healthcare,CVS,prescription medical,306.1
Groceries,Kroger,produce bread,67.36
Entertainment,Netflix,game movie entertainment #8894,11.54
Healthcare,Quest Diagnostics,prescription doctor,199.8
Healthcare,Local Clinic,doctor health #4965,127.45
Healthcare,Quest Diagnostics,medicine,256.74
Entertainment,AMC Theaters,game,41.5
Others,Various Services,other payment,721.96
Others,Miscellaneous,service misc,19.72
Others,Miscellaneous,misc service general,960.81
Others,Various Services,other,678.24
Food & Dining,McDonalds,delivery restaurant #9832,832.31
Groceries,Safeway,bread,133.96
Bills & Utilities,AT&T,service payment,429.2
Groceries,Walmart,meat,185.93
Healthcare,CVS,health,316.52
Others,Unknown Vendor,service misc,241.0
Groceries,Kroger,produce food,30.51
Groceries,Safeway,produce meat,74.86
Bills & Utilities,Electric Company,payment,346.65
Bills & Utilities,Verizon,payment service #6300,738.09
Transportation,BP,transportation taxi,40.77
Healthcare,Local Clinic,health medical,79.15
Healthcare,Local Clinic,prescription medical doctor,459.34
Bills & Utilities,Water Service,payment bill utility,412.65
Others,Miscellaneous,payment service misc,995.72
Bills & Utilities,Verizon,service,219.72
Food & Dining,Local Restaurant,takeout,683.53
Others,Unknown Vendor,other service misc,634.39
Healthcare,Quest Diagnostics,doctor,372.02
Others,Miscellaneous,general service other #2656,975.83
Groceries,Safeway,produce #3384,33.11
Groceries,Kroger,food #4303,187.84
Entertainment,Netflix,music entertainment #6737,38.71
Others,Unknown Vendor,general payment,708.36
Shopping,Amazon,accessories electronics purchase,132.35
Transportation,Metro,ride,33.98
Healthcare,Local Clinic,medical #6994,488.6
Groceries,Whole Foods,dairy meat #6875,196.77
Groceries,Safeway,dairy food,145.34
Food & Dining,Chipotle,meal #4386,669.43
Transportation,Lyft,gas transit #9700,48.92
Groceries,Safeway,groceries food bread,199.54
Shopping,H&M,shoes electronics #3419,22.07
Entertainment,Xbox,entertainment music game,13.83
Healthcare,CVS,doctor,223.64
Food & Dining,McDonalds,restaurant meal,751.05
Entertainment,Spotify,game streaming music,20.32
Food & Dining,Pizza Hut,takeout #4452,63.35
Shopping,Amazon,clothes,104.64
Shopping,H&M,shoes electronics accessories,70.24
Groceries,Whole Foods,bread,175.84
Entertainment,Steam,entertainment movie #2251,20.26
Transportation,Metro,transportation taxi,30.34
Others,Unknown Vendor,service misc,984.33
Entertainment,Steam,movie music #6912,34.83
Food & Dining,Pizza Hut,dinner,738.87
Food & Dining,Pizza Hut,meal,311.6
Transportation,BP,transit fuel #2825,43.99
Entertainment,Netflix,movie streaming,33.96
Healthcare,Walgreens,doctor health prescription,292.81
Others,Unknown Vendor,misc payment general,354.4
Entertainment,Steam,movie streaming,46.22
Others,Unknown Vendor,misc other #9914,299.57
Transportation,Metro,taxi fuel #6061,61.06
Shopping,Best Buy,accessories,61.73
Others,Miscellaneous,general,113.79
Healthcare,CVS,health prescription,343.51
Food & Dining,Local Restaurant,dinner,649.46
Food & Dining,Subway,restaurant takeout meal,56.95
Healthcare,Walgreens,medical prescription,106.42
Food & Dining,McDonalds,dinner restaurant,970.78
Others,Unknown Vendor,other,90.48
Healthcare,CVS,medicine prescription #5756,430.98
Transportation,Metro,gas transit ride,33.62
Transportation,Lyft,transit fuel taxi,30.68
Transportation,Uber,fuel,79.62
Food & Dining,McDonalds,takeout,639.29
Entertainment,Xbox,entertainment,27.8
Transportation,BP,gas taxi,7.22
Food & Dining,Subway,lunch meal,347.55
Others,Unknown Vendor,payment other service,928.98
Bills & Utilities,AT&T,monthly service #6227,702.91
Shopping,Target,shoes,277.67
Entertainment,Netflix,game entertainment streaming #5638,39.6
Others,Various Services,misc service other,728.53
Shopping,Best Buy,clothes accessories,94.48
Bills & Utilities,AT&T,payment,254.54
Groceries,Walmart,dairy produce food #5051,66.09
Food & Dining,Chipotle,dinner restaurant delivery,496.93
Healthcare,Quest Diagnostics,medical #5771,67.54
Food & Dining,Chipotle,meal takeout,151.16
Transportation,Lyft,gas #9777,21.16
Others,Unknown Vendor,general,701.63
Shopping,H&M,accessories clothes,285.18
Transportation,BP,transit fuel,17.31
Transportation,BP,taxi,76.55
Food & Dining,Chipotle,lunch,765.45
Others,Unknown Vendor,general,268.08
Healthcare,Quest Diagnostics,medical,406.57
Others,Unknown Vendor,payment misc #6767,867.48
Bills & Utilities,Verizon,payment,794.98
Entertainment,Spotify,streaming entertainment game #4806,12.97
Food & Dining,Pizza Hut,takeout dinner meal #7198,912.18
Entertainment,AMC Theaters,music,26.03
Bills & Utilities,AT&T,utility #8412,24.32
Groceries,Kroger,dairy,104.27
Groceries,Whole Foods,groceries bread food,60.38
Shopping,Target,purchase clothes,298.34
Shopping,Target,purchase shoes accessories,268.24
Others,Various Services,general service,329.91
Entertainment,Steam,movie entertainment,46.84
Groceries,Whole Foods,produce #6805,61.23
Bills & Utilities,Electric Company,bill,591.42
Bills & Utilities,AT&T,monthly,388.82
Others,Unknown Vendor,service payment,38.93
Healthcare,CVS,doctor health medical,244.94
Food & Dining,McDonalds,dinner #4677,132.15
Bills & Utilities,Electric Company,bill monthly payment #8483,808.89
Groceries,Whole Foods,groceries,144.44
Bills & Utilities,AT&T,monthly,279.12
Groceries,Safeway,food produce #5638,155.94
Food & Dining,McDonalds,delivery restaurant dinner,318.4
Groceries,Trader Joes,dairy meat food #8794,191.5
Others,Various Services,misc,241.36
Groceries,Kroger,bread #7677,91.13
Food & Dining,Subway,takeout meal lunch,742.61
Food & Dining,Chipotle,meal restaurant delivery,543.78
Transportation,Lyft,transportation,30.74
Bills & Utilities,Electric Company,bill payment service #5314,351.48
Healthcare,Quest Diagnostics,medical medicine health,306.1
Shopping,H&M,clothes shoes electronics,144.89
Groceries,Trader Joes,dairy bread food #4207,114.87
Bills & Utilities,Electric Company,service,247.21
Shopping,Best Buy,purchase clothes electronics,212.38
Entertainment,Steam,entertainment streaming,13.68
Others,Unknown Vendor,misc payment other,106.99
Healthcare,CVS,doctor medicine,115.63
Shopping,Target,shoes electronics,139.43
Bills & Utilities,Water Service,payment monthly #6510,774.63
Bills & Utilities,Electric Company,monthly bill payment,843.04
Shopping,Best Buy,shoes #9596,35.86
Groceries,Kroger,meat food bread,42.97
Entertainment,Spotify,music game,15.39
Healthcare,CVS,health,111.59
Food & Dining,Subway,delivery restaurant,663.4
Transportation,Uber,fuel transportation transit,52.76
Healthcare,Walgreens,health doctor prescription #9705,134.49
Bills & Utilities,AT&T,service monthly,113.2
Shopping,Amazon,shoes accessories,111.83
Groceries,Kroger,meat,96.61
Bills & Utilities,Electric Company,bill monthly service #8552,273.43
Groceries,Kroger,bread #8588,54.63
Entertainment,Spotify,music streaming game,28.27
Shopping,Target,purchase shoes,129.12
Bills & Utilities,Water Service,service #5314,581.33
Transportation,Metro,transportation,36.02
Entertainment,Xbox,game streaming music,25.23
Others,Unknown Vendor,service,887.98
Shopping,Best Buy,purchase electronics #6462,93.27
Food & Dining,Pizza Hut,dinner restaurant meal,895.58
Healthcare,Walgreens,doctor prescription medical,59.97
Bills & Utilities,Water Service,payment bill,870.63
Healthcare,Quest Diagnostics,prescription doctor,233.56
Food & Dining,Chipotle,meal,633.79
Bills & Utilities,AT&T,bill payment monthly,676.84
Bills & Utilities,Electric Company,service bill,508.14
Food & Dining,Local Restaurant,takeout meal #8391,624.56
Others,Various Services,payment,736.8
Entertainment,Netflix,entertainment streaming,19.26
Food & Dining,Local Restaurant,takeout meal,175.09
Others,Unknown Vendor,other payment service #3882,41.33
Transportation,Metro,taxi fuel ride,49.42
Transportation,Metro,transportation ride,62.89
Groceries,Whole Foods,groceries #7405,148.56
Entertainment,Netflix,movie entertainment music,32.08
Others,Unknown Vendor,other general,372.64
Food & Dining,McDonalds,restaurant,732.93
Entertainment,Xbox,entertainment music #6369,25.16
Food & Dining,Chipotle,restaurant lunch #4929,458.87
Healthcare,CVS,doctor,128.12
Others,Various Services,general service misc #4860,316.15
Others,Various Services,payment,861.15
Shopping,Target,shoes clothes #2004,282.06
Groceries,Walmart,groceries produce,195.33
Healthcare,Quest Diagnostics,doctor health medical,447.31
Entertainment,AMC Theaters,music,11.58
Groceries,Whole Foods,produce dairy bread #5762,57.1
Food & Dining,Subway,meal,479.71
Bills & Utilities,Verizon,utility #8525,446.51
Food & Dining,Pizza Hut,lunch dinner,527.89
Transportation,Metro,transportation taxi fuel,35.59
Shopping,Nike,clothes electronics,20.41
Healthcare,Local Clinic,medical doctor,356.96
Shopping,Amazon,shoes purchase #9136,88.98
Bills & Utilities,Verizon,bill service monthly #2196,368.68
Entertainment,Netflix,music streaming game #7192,42.09
Groceries,Trader Joes,food #6533,180.47
Food & Dining,McDonalds,takeout #3586,161.4
Others,Miscellaneous,service general payment #8794,767.93
Others,Various Services,misc other,672.22
Bills & Utilities,Electric Company,payment,860.88
Transportation,Shell,ride,25.83
Transportation,Lyft,transit gas taxi,36.96
Food & Dining,Pizza Hut,delivery lunch restaurant,672.88
Transportation,Shell,taxi ride,68.95
Groceries,Trader Joes,produce groceries,181.69
Shopping,Target,purchase clothes,53.59
Bills & Utilities,Water Service,monthly service bill,751.63
Transportation,BP,gas #2010,70.12
Transportation,Uber,transportation fuel #6222,64.93
Food & Dining,Chipotle,dinner restaurant #3674,590.62
Transportation,BP,ride,47.9
Transportation,Shell,ride #9134,62.7
Healthcare,Local Clinic,medical medicine,339.01
Food & Dining,Local Restaurant,takeout dinner meal #9110,427.31
Others,Unknown Vendor,service general payment,146.32
Shopping,Amazon,clothes shoes #5319,286.37
Groceries,Safeway,groceries food meat,100.8
Transportation,Metro,transportation gas fuel,37.49
Transportation,BP,taxi transit,21.08
Bills & Utilities,Water Service,monthly bill #4105,551.45
Groceries,Safeway,groceries,182.59
Bills & Utilities,AT&T,utility,585.23
Groceries,Kroger,meat,173.93
Healthcare,Quest Diagnostics,medical medicine #1401,181.38
Shopping,Nike,purchase clothes,195.28
Shopping,Nike,shoes #4691,103.16
Shopping,Nike,clothes shoes,97.68
Healthcare,Walgreens,doctor health prescription,293.01
Bills & Utilities,AT&T,monthly #3545,393.73
Bills & Utilities,Verizon,payment service #6912,910.19
Food & Dining,McDonalds,dinner lunch meal #1438,994.68
Others,Miscellaneous,misc other payment,565.14
Shopping,H&M,electronics shoes,44.49
Shopping,Best Buy,electronics shoes #2144,40.23
Transportation,Uber,transit fuel transportation #2371,51.08
Others,Various Services,payment service misc,69.44
Food & Dining,Chipotle,dinner #9273,869.27
Transportation,BP,fuel gas transit,50.2
Shopping,H&M,accessories electronics,237.16
Groceries,Kroger,produce dairy,29.65
Healthcare,Quest Diagnostics,health #6092,479.35
Shopping,H&M,electronics #7609,121.97
Others,Unknown Vendor,other,99.58
Groceries,Whole Foods,dairy food #4898,88.89
Groceries,Safeway,bread food meat,117.7
Bills & Utilities,Water Service,payment #8954,756.25
Shopping,Nike,accessories,23.25
Entertainment,Netflix,entertainment #2607,33.74
Healthcare,CVS,health medical doctor,439.74
Bills & Utilities,AT&T,utility monthly,899.99
Transportation,Lyft,gas,27.97
Groceries,Safeway,groceries bread food #7631,179.53
Healthcare,Local Clinic,health prescription #9573,389.37
Bills & Utilities,Verizon,utility payment,455.2
Groceries,Whole Foods,dairy,117.3
Entertainment,AMC Theaters,entertainment streaming game #3207,49.11
Shopping,Best Buy,clothes accessories shoes,194.33
Bills & Utilities,Electric Company,service,908.75
Bills & Utilities,Water Service,service bill,843.59
Groceries,Walmart,food meat #9843,119.18
Bills & Utilities,AT&T,service utility,600.35
Others,Various Services,misc #5888,866.1
Shopping,Target,shoes purchase #2424,54.06
Others,Various Services,service general,818.26
Others,Miscellaneous,other #2348,974.78
Shopping,Nike,clothes shoes accessories #5190,73.14
Bills & Utilities,AT&T,service,352.36
Shopping,Best Buy,shoes electronics clothes,101.79
Entertainment,Spotify,game streaming music,11.26
Food & Dining,Pizza Hut,meal delivery lunch,918.85
Entertainment,AMC Theaters,music entertainment movie #8868,38.73
Bills & Utilities,Electric Company,payment service utility,531.71
Transportation,BP,fuel ride taxi #1341,34.16
Transportation,Metro,fuel ride taxi,5.54
Transportation,Metro,gas transportation fuel #1248,25.61
Entertainment,Spotify,movie game entertainment,27.24
Shopping,Nike,purchase shoes electronics,84.21
Entertainment,Steam,game movie,43.05
Groceries,Trader Joes,meat,134.22
Groceries,Walmart,produce groceries bread,87.89
Healthcare,Local Clinic,health prescription doctor,23.16
Food & Dining,Subway,delivery lunch dinner #6389,98.14
Transportation,Uber,gas,74.21
Bills & Utilities,Electric Company,service,284.77
Healthcare,Local Clinic,medicine,429.53
Entertainment,AMC Theaters,music game,41.17
Bills & Utilities,AT&T,bill payment,109.62
Groceries,Kroger,food bread,88.31
Groceries,Safeway,produce,137.69
Groceries,Walmart,meat dairy produce #4292,152.37
Groceries,Kroger,groceries dairy,141.69
Food & Dining,McDonalds,lunch restaurant,794.12
Others,Various Services,misc general other,728.78
Entertainment,Xbox,game music #6153,30.74
Bills & Utilities,Water Service,utility payment bill,352.44
Bills & Utilities,AT&T,monthly bill #8933,262.22
Shopping,Nike,accessories purchase #8812,265.11
Food & Dining,Pizza Hut,restaurant delivery #9916,98.27
Healthcare,CVS,prescription health doctor,268.3
Food & Dining,Pizza Hut,delivery restaurant,652.67
Shopping,Target,electronics clothes shoes,156.25
Food & Dining,Subway,delivery,377.0
Healthcare,Quest Diagnostics,medical prescription health,366.22
Bills & Utilities,Water Service,payment,141.14
Transportation,Lyft,transportation taxi,12.24
Shopping,Amazon,purchase,212.52
Food & Dining,Pizza Hut,restaurant meal lunch #6736,666.19
Bills & Utilities,Electric Company,utility payment service #3427,764.87
Transportation,BP,taxi transportation,44.92
Healthcare,Local Clinic,doctor,395.87
Others,Various Services,misc general,92.7
Food & Dining,Local Restaurant,lunch,757.09
Entertainment,Xbox,game movie streaming,40.86
Entertainment,Netflix,streaming,30.3
Healthcare,CVS,health doctor medical,320.73
Others,Various Services,service,574.88
Food & Dining,Subway,lunch delivery,160.41
Transportation,Shell,gas #6817,40.57
Others,Unknown Vendor,payment,703.24
Shopping,Best Buy,clothes electronics #9384,71.63
Bills & Utilities,Water Service,utility payment monthly #4379,861.52
Groceries,Trader Joes,produce food bread #6227,182.03
Healthcare,Quest Diagnostics,prescription medical doctor,300.57
Transportation,BP,taxi,56.23
Food & Dining,McDonalds,meal dinner lunch,505.31
Bills & Utilities,Water Service,monthly #9781,132.37
Others,Unknown Vendor,payment other,467.41
Others,Various Services,service misc other,241.84
Groceries,Whole Foods,dairy,89.45
Groceries,Safeway,dairy,190.46
Transportation,Shell,transit gas,5.52
Shopping,Target,purchase accessories,135.67
Shopping,Target,clothes electronics accessories,234.79
Bills & Utilities,Electric Company,monthly,480.93
Entertainment,Xbox,streaming,39.14
Bills & Utilities,Verizon,utility,957.99
Groceries,Trader Joes,groceries #3004,72.47
Groceries,Trader Joes,bread produce dairy,46.2
Others,Various Services,misc other general,116.98
Food & Dining,Local Restaurant,lunch #5611,539.34
Others,Various Services,service misc #9338,968.38
Others,Various Services,service misc #2905,306.21
Healthcare,Local Clinic,medical prescription,40.26
Transportation,Shell,ride taxi,45.04
Transportation,BP,transportation,44.45
Others,Unknown Vendor,payment,970.01
Others,Various Services,other #4887,703.95
Healthcare,CVS,health medicine prescription,173.03
Groceries,Walmart,food,198.18
Transportation,Uber,transit gas,36.66
Groceries,Kroger,food #8324,182.28
Others,Various Services,payment other service,817.7
Groceries,Safeway,food bread,24.21
Bills & Utilities,AT&T,payment bill utility #9105,145.22
Others,Unknown Vendor,misc,392.37
Groceries,Trader Joes,groceries dairy,120.02
Others,Various Services,misc general payment,613.37
Groceries,Safeway,bread,172.78
Entertainment,Xbox,game streaming music #8939,19.16
Entertainment,Steam,streaming,13.41
Bills & Utilities,Verizon,payment utility,122.36
Shopping,H&M,purchase #8236,125.22
Shopping,Nike,clothes #7576,126.2
Entertainment,Netflix,entertainment streaming movie #6340,32.34
Shopping,Target,purchase clothes shoes #5012,265.22
Others,Various Services,service general #1974,724.36
Bills & Utilities,Verizon,monthly #9759,956.11
Food & Dining,Local Restaurant,dinner,867.46
Bills & Utilities,Electric Company,monthly bill payment #3087,977.44
Bills & Utilities,Electric Company,payment #3334,536.45
Others,Unknown Vendor,payment service #3334,635.41
Bills & Utilities,Electric Company,payment monthly bill,996.59
Food & Dining,Subway,restaurant takeout,23.86
Healthcare,Quest Diagnostics,doctor,493.49
Transportation,Shell,transit ride,49.65
Bills & Utilities,Electric Company,service utility,375.13
Healthcare,CVS,health prescription medicine,60.14
Bills & Utilities,Water Service,bill monthly payment,926.96
Others,Various Services,payment,669.98
Food & Dining,Subway,delivery #6586,500.68
Groceries,Whole Foods,produce food bread #3394,56.94
Transportation,Metro,taxi #6567,29.34
Healthcare,Local Clinic,doctor prescription,203.82
Healthcare,CVS,health medical doctor,230.82
Transportation,BP,gas,26.46
Healthcare,CVS,medicine #1248,118.15
Bills & Utilities,Water Service,service monthly,66.58
Shopping,Target,clothes,286.42
Transportation,Uber,fuel transportation ride,67.48
Others,Various Services,payment general,54.23
Healthcare,Local Clinic,medical doctor medicine,462.41
Others,Miscellaneous,general service misc #5630,471.94
Food & Dining,McDonalds,dinner meal,276.71
Transportation,Lyft,taxi,42.43
Others,Various Services,other #5667,659.88
Others,Miscellaneous,general service misc,177.06
Shopping,Nike,purchase clothes #5490,84.76
Transportation,Uber,transportation ride gas #7029,21.81
Groceries,Trader Joes,groceries,76.85
Transportation,BP,ride transit gas,72.94
Entertainment,Xbox,game,13.1
Shopping,Target,shoes clothes,240.23
Food & Dining,Pizza Hut,lunch #2820,943.55
Bills & Utilities,Water Service,service utility,605.25
Food & Dining,Chipotle,dinner delivery lunch #9955,195.67
Food & Dining,Chipotle,takeout #4899,388.98
Groceries,Kroger,produce food,73.46
Bills & Utilities,Verizon,monthly,692.38
Shopping,Best Buy,accessories,153.59
Others,Miscellaneous,general #6387,849.55
Groceries,Kroger,food,178.41
Healthcare,Quest Diagnostics,prescription #8013,307.41
Healthcare,Walgreens,medicine,46.12
Groceries,Trader Joes,bread,53.94
Healthcare,Local Clinic,doctor health,93.85
Entertainment,Steam,streaming entertainment movie #6169,10.62
Bills & Utilities,Water Service,service,69.4
Shopping,Best Buy,clothes #6973,166.48
Groceries,Whole Foods,groceries food,42.14
Transportation,Uber,gas fuel ride #3504,43.68
Groceries,Whole Foods,bread food,144.07
Food & Dining,McDonalds,restaurant meal #2496,889.53
Groceries,Safeway,produce,165.84
Groceries,Whole Foods,produce food,63.22
Shopping,Nike,electronics shoes,285.67
Shopping,Best Buy,clothes accessories purchase,107.16
Entertainment,Xbox,game music entertainment,37.14
Healthcare,Walgreens,health,364.59
Shopping,Amazon,clothes #6342,34.32
Shopping,Amazon,clothes purchase electronics,159.37
Healthcare,Local Clinic,medicine #6970,146.09
Bills & Utilities,Electric Company,bill service payment,591.43
Bills & Utilities,Water Service,monthly,799.97
Transportation,Shell,ride transit,7.99
Bills & Utilities,Verizon,bill service #4412,673.62
Transportation,Uber,gas,12.04
Bills & Utilities,Verizon,bill monthly,523.15
Groceries,Walmart,dairy bread,82.58
Transportation,BP,ride transportation taxi,75.93
Others,Various Services,payment service,169.68
Entertainment,AMC Theaters,entertainment,14.93
Entertainment,Spotify,music entertainment,25.73
Entertainment,Xbox,game,31.93
Food & Dining,Pizza Hut,delivery restaurant lunch #9958,921.86
Shopping,Amazon,shoes electronics,266.66
Groceries,Whole Foods,produce #3907,158.49
Healthcare,CVS,prescription health,332.2
Bills & Utilities,Verizon,payment utility #6634,701.01
Healthcare,Quest Diagnostics,prescription health #3616,482.14
Food & Dining,Local Restaurant,dinner lunch takeout,714.86
Shopping,Amazon,clothes electronics accessories,119.08
Groceries,Kroger,meat groceries,63.8
Others,Miscellaneous,payment service misc #5129,834.52
Healthcare,CVS,health prescription,100.52
Entertainment,Xbox,movie streaming,43.05
Food & Dining,Subway,takeout delivery,991.87
Healthcare,Local Clinic,prescription,429.22
Healthcare,Quest Diagnostics,medicine medical #5313,164.09
Transportation,Uber,gas transportation fuel,73.1
Others,Various Services,general #5829,446.65
Bills & Utilities,Water Service,service bill,844.22
Healthcare,CVS,health medicine medical,382.14
Entertainment,Steam,entertainment,20.47
Shopping,Nike,shoes purchase,61.16
Groceries,Kroger,bread food #2804,65.65
Food & Dining,Local Restaurant,takeout lunch #1885,976.67
Groceries,Whole Foods,dairy groceries bread #1836,187.5
Transportation,BP,transit gas,64.72
Shopping,Best Buy,purchase,237.8
Transportation,Uber,taxi transportation fuel,38.19
Groceries,Whole Foods,groceries meat bread,149.74
Transportation,Uber,ride #9482,59.75
Food & Dining,McDonalds,takeout delivery lunch,468.46
Groceries,Whole Foods,produce groceries bread,108.05
Groceries,Safeway,produce food dairy,179.05
Shopping,H&M,shoes purchase,280.56
Entertainment,Xbox,entertainment music,39.52
Bills & Utilities,Electric Company,service bill monthly,897.52
Shopping,Target,shoes,213.63
Shopping,Amazon,accessories shoes clothes,99.78
Shopping,Target,purchase,82.02
Food & Dining,Local Restaurant,delivery dinner #4388,278.95
Groceries,Walmart,dairy groceries bread,110.18
Bills & Utilities,Water Service,monthly payment #9659,939.28
Healthcare,Walgreens,doctor,98.46
Shopping,Amazon,electronics purchase #5450,278.3
Bills & Utilities,AT&T,payment service bill #9243,294.34
Others,Unknown Vendor,misc other,683.28
Transportation,Shell,ride transportation transit,35.44
Groceries,Kroger,dairy,85.48
Food & Dining,Local Restaurant,restaurant dinner lunch #9388,340.21
Bills & Utilities,AT&T,service bill,479.96
Transportation,Lyft,gas ride #2068,5.53
Others,Miscellaneous,misc other service,420.62
Shopping,Best Buy,accessories shoes,220.68
Food & Dining,Subway,delivery restaurant lunch,616.89
Shopping,Target,clothes,140.89
Shopping,Best Buy,electronics purchase clothes,240.89
Entertainment,Netflix,music streaming,20.12
Healthcare,Local Clinic,prescription medical doctor #4508,38.15
Entertainment,Steam,entertainment #9237,42.03
Food & Dining,Chipotle,meal restaurant dinner,256.79
Healthcare,Local Clinic,doctor,85.55
Food & Dining,Subway,takeout meal #2463,730.77
Entertainment,Xbox,entertainment,40.26
Shopping,H&M,electronics shoes accessories,151.33
Entertainment,Netflix,entertainment game music,48.62
Groceries,Kroger,meat dairy,81.43
Bills & Utilities,AT&T,payment bill,970.05
Transportation,Shell,transit #9555,67.58
Transportation,Shell,transit fuel taxi,74.88
Others,Miscellaneous,general service #8850,616.81
Food & Dining,Subway,restaurant meal,240.63
Entertainment,AMC Theaters,entertainment,18.14
Shopping,Best Buy,shoes accessories,181.19
Shopping,Nike,shoes clothes,296.51
Entertainment,AMC Theaters,streaming music,29.26
Bills & Utilities,AT&T,utility service bill,367.11
Others,Various Services,other,271.52
Others,Various Services,service general misc,144.81
Shopping,Amazon,accessories purchase,74.95
Transportation,Lyft,fuel transportation gas,19.54
Others,Unknown Vendor,misc service payment,761.02
Shopping,Best Buy,purchase electronics,272.9
Shopping,H&M,accessories clothes electronics #6826,225.4
Transportation,Shell,ride fuel,51.4
Bills & Utilities,Electric Company,monthly payment #5126,454.67
Shopping,Best Buy,clothes,230.61
Transportation,Metro,taxi,73.67
Bills & Utilities,Water Service,utility payment #9698,590.54
Others,Various Services,misc #6375,813.31
Bills & Utilities,Electric Company,utility bill payment,699.3
Groceries,Kroger,bread meat groceries #5738,105.11
Entertainment,Xbox,game #9761,11.48
Others,Miscellaneous,other service general #3233,411.3
Bills & Utilities,Verizon,monthly payment #4424,697.25
Healthcare,Quest Diagnostics,health #2097,144.39
Entertainment,Spotify,music entertainment #1672,32.69
Healthcare,CVS,prescription medicine health,22.88
Others,Unknown Vendor,general service,392.26
Healthcare,Quest Diagnostics,doctor medicine health,40.34
Groceries,Walmart,bread dairy groceries #2328,58.48
Groceries,Walmart,food,82.02
Groceries,Trader Joes,dairy bread,103.91
Groceries,Trader Joes,dairy groceries #8696,150.86
Transportation,Metro,taxi transit #1606,78.52
Groceries,Walmart,produce #9478,30.8
Food & Dining,Pizza Hut,takeout dinner,783.13
Shopping,Nike,accessories,237.58
Shopping,Target,purchase,45.7
Food & Dining,Local Restaurant,meal takeout dinner #6304,11.89
Entertainment,Steam,entertainment game music,29.96
Food & Dining,Local Restaurant,takeout delivery meal,207.94
Food & Dining,Subway,meal lunch,758.84
Entertainment,Xbox,streaming,20.96
Groceries,Whole Foods,groceries bread meat,82.02
Groceries,Kroger,dairy groceries food,25.7
Groceries,Safeway,groceries #5826,80.95
Shopping,Best Buy,accessories,216.46
Bills & Utilities,Water Service,payment monthly,422.96
Entertainment,Netflix,movie game,33.96
Groceries,Walmart,dairy meat,102.4
Entertainment,Xbox,movie music #1241,34.97
Groceries,Whole Foods,dairy produce groceries,54.02
Bills & Utilities,Verizon,monthly service utility,865.59
Transportation,Uber,fuel #9302,11.83
Bills & Utilities,AT&T,service utility monthly,918.92
Healthcare,Local Clinic,medicine medical doctor,425.04
Healthcare,Walgreens,medicine doctor,102.18
Bills & Utilities,Electric Company,monthly bill utility #2910,422.09
Shopping,Amazon,shoes #2251,109.08
Others,Unknown Vendor,service,945.29
Food & Dining,Subway,restaurant #5672,753.3
Entertainment,Netflix,movie game,27.58
Healthcare,Walgreens,prescription medicine doctor,220.88
Healthcare,CVS,health,248.96
Groceries,Trader Joes,meat produce dairy,168.86
Shopping,Target,accessories electronics clothes,116.68
Healthcare,Walgreens,prescription health,190.33
Entertainment,Xbox,entertainment music,14.28
Bills & Utilities,Water Service,utility bill #8293,223.56
Healthcare,Quest Diagnostics,prescription,108.81
Shopping,Nike,purchase,228.73
Others,Miscellaneous,payment misc service,221.08
Transportation,Shell,fuel #9072,76.14
Bills & Utilities,Electric Company,payment monthly,508.4
Others,Miscellaneous,general payment #4068,902.5
Shopping,Target,purchase,256.54
Transportation,Metro,taxi gas,19.84
Shopping,H&M,purchase electronics,97.46
Others,Miscellaneous,service #9728,143.04
Entertainment,Steam,entertainment movie,17.54
Others,Unknown Vendor,payment other misc,911.86
Groceries,Whole Foods,produce #4620,72.82
Bills & Utilities,Electric Company,service utility monthly,655.98
Others,Various Services,misc payment #3279,777.63
Bills & Utilities,AT&T,monthly,914.47
Entertainment,Spotify,entertainment movie streaming,31.18
Shopping,Best Buy,purchase shoes clothes #5813,41.27
Food & Dining,Chipotle,dinner meal,88.66
Shopping,Nike,purchase electronics clothes #5045,228.73
Transportation,Uber,fuel,70.64
Transportation,Uber,gas,7.24
Bills & Utilities,Verizon,monthly,209.22
Others,Various Services,service other #5877,820.42
Food & Dining,Subway,delivery dinner takeout,730.54
Shopping,Amazon,accessories shoes,217.76
Shopping,Best Buy,purchase shoes clothes #6803,210.35
Others,Unknown Vendor,general,651.22
Food & Dining,Pizza Hut,takeout restaurant,803.6
Others,Various Services,general other payment #4596,562.16
Others,Miscellaneous,general misc other #5660,592.18
Transportation,Lyft,ride transportation taxi,21.73
Shopping,Target,electronics accessories,31.92
Shopping,Nike,clothes purchase accessories #2945,256.74
Healthcare,Walgreens,medical medicine health #4422,335.2
Transportation,Uber,transit fuel transportation,73.88
Shopping,Nike,clothes shoes accessories,137.28
Healthcare,Walgreens,prescription,273.98
Entertainment,Xbox,music game #5132,25.94
Bills & Utilities,Electric Company,bill service,703.25
Others,Unknown Vendor,general misc,648.09
Healthcare,Quest Diagnostics,prescription,244.84
Transportation,Metro,taxi transportation #3799,63.89
Transportation,BP,transit #1696,40.04
Shopping,Nike,clothes purchase #9778,187.2
Healthcare,Local Clinic,doctor,460.13
Healthcare,CVS,medicine medical #4133,122.76
Groceries,Walmart,meat produce groceries,152.46
Groceries,Whole Foods,bread produce,99.08
Others,Unknown Vendor,payment general other,958.98
Groceries,Safeway,dairy,69.23
Groceries,Trader Joes,groceries dairy #6963,97.45
Groceries,Walmart,produce meat,190.51
Bills & Utilities,Electric Company,utility monthly #9610,751.35
Healthcare,Local Clinic,doctor medical prescription #8039,356.6
Others,Miscellaneous,payment service other,199.61
Shopping,Best Buy,purchase clothes electronics #4273,205.15
Shopping,H&M,electronics accessories,102.58
Healthcare,Local Clinic,medicine prescription,428.14
Healthcare,CVS,medical #6854,391.72
Healthcare,Walgreens,doctor prescription,308.57
Entertainment,Steam,music #9235,27.45
Shopping,Nike,purchase,72.55
Bills & Utilities,AT&T,utility monthly bill,602.43
Transportation,Metro,transportation gas ride,75.51
Transportation,BP,gas,41.85
Shopping,H&M,electronics purchase,78.78
Transportation,Lyft,gas transit,56.09
Healthcare,Quest Diagnostics,prescription medicine,372.37
Transportation,Metro,ride,38.32
Groceries,Walmart,groceries dairy #7307,77.36
Healthcare,Quest Diagnostics,medicine medical,497.09
Entertainment,Steam,movie game #8462,39.76
Others,Various Services,general service other,121.67
Others,Various Services,payment,196.73
Healthcare,Walgreens,health medicine medical,34.24
Others,Miscellaneous,general misc payment,389.13
Bills & Utilities,AT&T,payment utility service,206.52
Healthcare,Quest Diagnostics,health doctor #8071,452.35
Bills & Utilities,AT&T,utility #9360,33.64
Bills & Utilities,Electric Company,service payment,580.45
Healthcare,CVS,prescription #4251,298.97
Others,Miscellaneous,misc general,737.78
Entertainment,Steam,game music streaming #6038,28.27
Bills & Utilities,Verizon,utility monthly payment #6248,238.87
Entertainment,Steam,game movie #5500,23.63
Shopping,Best Buy,clothes #9555,121.97
Others,Miscellaneous,other,190.78
Healthcare,Quest Diagnostics,doctor health medicine,82.4
Entertainment,Spotify,game streaming,46.86
Transportation,Lyft,fuel transit,11.68
Shopping,H&M,electronics purchase,212.06
Shopping,Target,electronics,239.61
Transportation,Metro,transit,29.91
Bills & Utilities,AT&T,utility bill payment #4109,964.49
Healthcare,Local Clinic,doctor medical,93.98
Bills & Utilities,Electric Company,payment utility,257.13
Entertainment,Xbox,game movie music #7615,12.36
Food & Dining,Chipotle,restaurant,752.43
Healthcare,Walgreens,health doctor medical #4965,65.83
Transportation,Shell,ride,43.15
Food & Dining,Subway,dinner meal delivery #4173,264.68
Healthcare,CVS,medical health doctor,418.08
Food & Dining,McDonalds,takeout lunch meal,183.8
Groceries,Walmart,bread #9021,133.95
Bills & Utilities,Electric Company,bill service,18.91
Bills & Utilities,AT&T,monthly,770.73
Healthcare,CVS,health prescription,280.06
Food & Dining,Chipotle,lunch takeout #3158,968.45
Food & Dining,Chipotle,takeout delivery #1556,504.17
Shopping,H&M,purchase clothes,70.04
Bills & Utilities,Verizon,payment,836.58
Transportation,Metro,transit taxi ride,19.46
Others,Unknown Vendor,other general,303.48
Others,Miscellaneous,other,250.41
Healthcare,Quest Diagnostics,doctor health medical,135.81
Entertainment,Steam,streaming entertainment #6121,46.04
Transportation,BP,transit gas transportation,17.69
Entertainment,Steam,movie,34.25
Bills & Utilities,Electric Company,service,638.43
Shopping,H&M,electronics #6685,74.87
Bills & Utilities,AT&T,monthly,585.14
Food & Dining,Local Restaurant,meal lunch dinner,149.53
Others,Various Services,service payment other,323.28
Healthcare,Walgreens,health medicine #3263,306.03
Bills & Utilities,Water Service,monthly utility #4160,822.96
Entertainment,Netflix,movie #4558,29.48
Others,Unknown Vendor,payment misc service,167.47
Entertainment,Netflix,entertainment streaming,31.03
Others,Unknown Vendor,misc payment service,688.43
Entertainment,AMC Theaters,music game streaming #2632,20.64
Shopping,Amazon,clothes purchase,48.67
Bills & Utilities,Verizon,monthly,186.94
Groceries,Safeway,groceries food #1112,122.55
Shopping,Amazon,shoes,30.43
Others,Various Services,general,393.7
Others,Miscellaneous,general misc,812.34
Food & Dining,McDonalds,dinner lunch,97.98
Entertainment,AMC Theaters,game #3765,37.52
Groceries,Safeway,dairy meat,146.79
Transportation,Metro,taxi transit #4200,24.71
Others,Miscellaneous,other service #1409,148.34
Transportation,Metro,gas ride transportation,22.7
Shopping,Target,purchase shoes #8893,272.35
Groceries,Trader Joes,meat dairy,129.73
Food & Dining,Local Restaurant,takeout,473.44
Healthcare,CVS,medical #5222,277.69
Food & Dining,Local Restaurant,delivery dinner,997.6
Bills & Utilities,Electric Company,service,488.77
Transportation,Lyft,transportation fuel,31.8
Entertainment,Steam,movie entertainment,18.32
Transportation,Shell,transit,14.92
Groceries,Kroger,dairy food,63.6
Others,Various Services,other,753.15
Bills & Utilities,AT&T,bill utility monthly #4152,329.62
Others,Various Services,payment,510.96
Others,Various Services,misc,211.08
Transportation,Lyft,fuel,72.43
Others,Miscellaneous,service general other #5022,947.07
Food & Dining,Subway,delivery takeout #9610,980.0
Entertainment,Steam,music streaming game #1387,14.03
Bills & Utilities,Electric Company,utility payment bill #2066,289.76
Shopping,Target,clothes,266.64
Shopping,Best Buy,clothes electronics,52.93
Healthcare,Walgreens,medicine prescription medical,429.89
Shopping,Amazon,electronics #9418,164.96
Entertainment,Spotify,entertainment,18.57
Transportation,Lyft,transportation transit ride,27.76
Bills & Utilities,Verizon,service bill,461.48
Bills & Utilities,Verizon,monthly payment #5699,68.0
Transportation,Uber,taxi gas,78.85
Groceries,Walmart,produce food dairy,56.54
Healthcare,Walgreens,medicine medical health,444.26
Transportation,Lyft,gas fuel ride,77.0
Shopping,Best Buy,clothes #8562,282.04
Food & Dining,Local Restaurant,restaurant takeout,11.88
Shopping,Amazon,accessories purchase,87.53
Food & Dining,Local Restaurant,lunch,216.12
Others,Unknown Vendor,other #5328,646.0
Shopping,Amazon,clothes,15.58
Shopping,Target,electronics accessories purchase,217.4
Food & Dining,Chipotle,lunch,312.94
Entertainment,Steam,entertainment music #4831,24.97
Food & Dining,Local Restaurant,dinner lunch,673.8
Transportation,Metro,ride fuel transit,53.25
Healthcare,Walgreens,health #8673,483.34
Shopping,Amazon,shoes,237.04
Entertainment,Spotify,game movie,46.76
Entertainment,Netflix,music movie game,35.88
Groceries,Whole Foods,groceries produce,84.81
Food & Dining,Pizza Hut,restaurant #1348,586.29
Transportation,Metro,transit,30.31
Others,Unknown Vendor,misc,498.82
Healthcare,CVS,health doctor,473.7
Transportation,Lyft,transportation,17.88
Entertainment,Spotify,movie,11.66
Entertainment,Netflix,movie streaming music,46.56
Shopping,Best Buy,purchase,246.56
Shopping,Nike,shoes purchase,235.2
Bills & Utilities,Verizon,service bill monthly,280.26
Transportation,Uber,fuel transit,34.95
Others,Various Services,other #7188,716.36
Entertainment,AMC Theaters,movie streaming entertainment,15.73
Bills & Utilities,Verizon,payment monthly #9477,946.37
Entertainment,Xbox,music entertainment streaming,29.53
Entertainment,AMC Theaters,streaming music movie,25.94
Bills & Utilities,Verizon,utility,158.57
Transportation,BP,transit gas taxi,20.49
Food & Dining,McDonalds,restaurant,435.6
Groceries,Whole Foods,produce bread,67.79
Others,Unknown Vendor,misc general other #6837,200.13
Healthcare,Walgreens,doctor medical,228.88
Healthcare,Quest Diagnostics,medicine medical doctor,434.43
Food & Dining,Subway,delivery dinner #6626,695.56
Food & Dining,Subway,dinner,904.88
Bills & Utilities,Verizon,monthly utility service,853.14
Food & Dining,Pizza Hut,restaurant,503.65
Healthcare,Walgreens,doctor medical medicine,359.06
Food & Dining,Subway,takeout,312.94
Bills & Utilities,Water Service,service,988.66
Groceries,Safeway,bread dairy groceries,174.74
Shopping,H&M,shoes,267.8
Healthcare,Local Clinic,doctor,261.63
Food & Dining,McDonalds,meal restaurant,122.62
Others,Various Services,general service misc #4011,979.0
Food & Dining,Subway,takeout dinner,87.65
Shopping,Nike,purchase electronics #9187,88.77
Food & Dining,Chipotle,delivery restaurant takeout,278.34
Transportation,Lyft,taxi,9.34
Food & Dining,Pizza Hut,delivery dinner #3928,910.09
Shopping,Best Buy,accessories purchase clothes,167.93
Shopping,Best Buy,accessories purchase shoes,188.52
Bills & Utilities,AT&T,utility service bill,422.88
Others,Unknown Vendor,general misc other,553.77
Healthcare,Quest Diagnostics,health medical prescription,297.27
Transportation,BP,gas fuel transit,69.13
Groceries,Kroger,produce food meat,100.77
Food & Dining,Local Restaurant,takeout,398.17
Others,Various Services,general #4201,336.33
Others,Miscellaneous,misc payment service #2434,721.45
Food & Dining,Local Restaurant,restaurant takeout,951.53
Food & Dining,Chipotle,dinner,72.97
Entertainment,AMC Theaters,movie game,18.8
Entertainment,Spotify,movie game #3036,49.58
Transportation,Uber,taxi #8453,58.06
Healthcare,CVS,prescription medicine #8038,51.47
Bills & Utilities,Electric Company,service,824.97
Groceries,Whole Foods,groceries,67.63
Groceries,Safeway,food bread groceries,20.92
Groceries,Safeway,food groceries dairy,120.53
Food & Dining,Local Restaurant,takeout,817.68
Shopping,H&M,shoes clothes #4865,175.05
Bills & Utilities,Verizon,monthly,975.62
Groceries,Kroger,meat produce,87.67
Food & Dining,Local Restaurant,dinner,559.99
Food & Dining,Pizza Hut,takeout lunch,241.19
Entertainment,Netflix,music,23.78
Healthcare,CVS,doctor #2942,181.84
Shopping,Amazon,accessories shoes clothes #6436,34.08
Groceries,Safeway,produce food #1549,125.36
Shopping,Best Buy,clothes shoes,33.59
Food & Dining,Local Restaurant,delivery meal restaurant #8461,931.52
Groceries,Safeway,food meat dairy,67.76
Transportation,Shell,gas fuel ride #3685,12.47
Others,Unknown Vendor,other general #8040,915.21
Others,Miscellaneous,general payment,824.9
Groceries,Kroger,produce dairy meat,22.13
Entertainment,Netflix,game movie,33.09
Healthcare,CVS,medical doctor #8247,389.27
Healthcare,Quest Diagnostics,medicine health prescription,485.47
Shopping,Nike,purchase accessories #5516,207.39
Food & Dining,Chipotle,lunch,221.29
Shopping,Amazon,electronics,91.22
Transportation,BP,taxi gas ride #9564,36.0
Others,Various Services,general other,799.25
Entertainment,Spotify,streaming music #8877,12.94
Bills & Utilities,AT&T,utility service monthly,280.36
Shopping,Nike,electronics purchase shoes,203.98
Healthcare,Walgreens,medicine prescription health #8290,309.13
Food & Dining,McDonalds,delivery,704.54
Transportation,Uber,transit #1228,7.27
Shopping,Amazon,clothes,173.29
Bills & Utilities,AT&T,payment bill,774.65
Healthcare,Quest Diagnostics,doctor,264.9
Groceries,Trader Joes,bread #2902,118.09
Healthcare,Quest Diagnostics,doctor medicine medical,444.97
Bills & Utilities,Verizon,bill utility,288.93
Entertainment,Steam,streaming game music,34.84
Entertainment,Spotify,game streaming movie,16.08
Food & Dining,Subway,meal restaurant #6404,702.7
Bills & Utilities,Verizon,bill service,401.5
Shopping,Amazon,purchase,59.77
Shopping,Nike,electronics,129.39
Groceries,Safeway,dairy #7967,122.42
Healthcare,Walgreens,doctor #9083,364.04
Others,Miscellaneous,payment misc general,595.65
Bills & Utilities,Electric Company,payment monthly service,325.62
Bills & Utilities,Electric Company,utility,548.51
Groceries,Whole Foods,dairy bread meat #5382,187.74
Entertainment,AMC Theaters,game movie,21.09
Groceries,Safeway,bread meat groceries #8465,169.0
Transportation,Uber,transit,14.41
Healthcare,Quest Diagnostics,health doctor medical #1759,86.76
Others,Various Services,general #1203,828.73
Entertainment,Spotify,game music streaming,41.83
Healthcare,Local Clinic,medical health,273.31
Food & Dining,Pizza Hut,lunch,184.08
Healthcare,Walgreens,medical prescription doctor,413.55
Food & Dining,Chipotle,delivery restaurant takeout #3006,707.16
Food & Dining,Local Restaurant,meal,258.44
Others,Unknown Vendor,payment other service,878.14
Food & Dining,McDonalds,meal delivery takeout #7459,894.26
Food & Dining,McDonalds,restaurant #1202,368.54
Food & Dining,Subway,delivery lunch,250.31
Healthcare,Quest Diagnostics,doctor,48.27
Bills & Utilities,Verizon,payment monthly utility,737.32
Bills & Utilities,Verizon,monthly utility bill #1008,988.49
Food & Dining,Chipotle,meal lunch delivery #4098,593.26
Food & Dining,Chipotle,dinner meal restaurant #7329,657.22
Food & Dining,Local Restaurant,dinner,119.63
Bills & Utilities,Electric Company,bill #3564,509.49
Transportation,BP,gas fuel transit #2402,42.65
Bills & Utilities,Water Service,monthly service,635.48
Shopping,Amazon,shoes #1164,111.71
Transportation,BP,ride #9607,39.67
Transportation,BP,fuel taxi,28.15
Entertainment,Netflix,game music entertainment #5692,15.07
Entertainment,Netflix,streaming music,33.91
Entertainment,Xbox,streaming music,38.93
Shopping,Amazon,accessories,129.53
Entertainment,AMC Theaters,entertainment music #3796,29.26
Transportation,Uber,transit,72.37
Transportation,Lyft,transit,38.23
Bills & Utilities,AT&T,utility payment monthly,887.35
Transportation,Shell,transit gas ride,6.61
Groceries,Whole Foods,meat #4609,183.96
Shopping,H&M,clothes,29.7
Healthcare,Quest Diagnostics,doctor prescription medicine,357.12
Transportation,Lyft,gas fuel transit,30.57
Shopping,Best Buy,purchase accessories shoes #5407,56.22
Others,Miscellaneous,payment other service,209.64
Groceries,Safeway,groceries food meat,120.45
Groceries,Walmart,produce food bread,177.83
Healthcare,Quest Diagnostics,medical,433.92
Entertainment,Spotify,music game,20.77
Shopping,H&M,accessories,110.11
Food & Dining,Local Restaurant,meal,528.06
Entertainment,Steam,music,36.85
Groceries,Whole Foods,dairy groceries produce,44.55
Transportation,BP,transit gas,48.8
Others,Miscellaneous,general other,250.07
Healthcare,Walgreens,doctor medicine,380.86
Bills & Utilities,Water Service,service utility payment,257.85
Food & Dining,Subway,meal lunch,351.45
Others,Unknown Vendor,misc other,205.49
Transportation,Uber,transportation,28.07
Healthcare,CVS,prescription medicine health,441.6
Groceries,Walmart,produce dairy bread,141.38
Food & Dining,McDonalds,restaurant meal,516.83
Shopping,H&M,purchase shoes,289.26
Transportation,Lyft,ride fuel,43.68
Entertainment,Spotify,game #3356,39.74
Others,Unknown Vendor,service,645.51
Groceries,Safeway,meat produce bread,155.86
Entertainment,Spotify,streaming #4141,36.27
Transportation,Shell,ride fuel transportation,67.11
Transportation,Metro,taxi gas fuel,30.85
Bills & Utilities,AT&T,payment utility,947.39
Food & Dining,Subway,delivery takeout restaurant,611.76
Transportation,Uber,fuel gas,49.91
Bills & Utilities,AT&T,utility service,993.9
Others,Various Services,payment,69.94
Others,Various Services,payment general,164.82
Groceries,Walmart,dairy #7770,88.9
Entertainment,Xbox,streaming music,26.41
Food & Dining,McDonalds,takeout meal delivery,236.69
Transportation,Metro,taxi transit,57.16
Entertainment,Netflix,music game entertainment #9231,24.72
Groceries,Trader Joes,groceries #8728,138.95
Entertainment,Netflix,movie,48.39
Bills & Utilities,Verizon,bill monthly utility,779.37
Healthcare,Local Clinic,health prescription,293.11
Transportation,BP,transportation #7645,50.26
Shopping,Best Buy,accessories shoes,167.0
Healthcare,Walgreens,medicine,383.1
Bills & Utilities,Electric Company,payment,918.99
Healthcare,CVS,medical medicine doctor,222.99
Bills & Utilities,Electric Company,bill utility payment #7149,460.24
Transportation,Lyft,taxi,54.92
Shopping,Nike,clothes shoes #7467,222.78
Healthcare,CVS,prescription,438.08
Transportation,Lyft,ride transit fuel,68.88
Others,Unknown Vendor,payment service misc,89.52
Bills & Utilities,Electric Company,payment #9875,380.55
Others,Various Services,general #3827,580.62
Groceries,Trader Joes,produce,177.43
Healthcare,Walgreens,doctor #2265,331.86
Groceries,Safeway,groceries,22.96
Groceries,Walmart,meat food #8946,110.16
Bills & Utilities,Water Service,bill payment utility #3762,403.43
Transportation,Metro,transportation fuel,17.81
Food & Dining,Local Restaurant,delivery #6923,711.41
Others,Various Services,service general #9431,523.33
Transportation,Uber,transit,5.15
Food & Dining,Subway,delivery restaurant takeout,766.92
Entertainment,Spotify,streaming entertainment,34.5
Shopping,Best Buy,accessories clothes #7173,217.51
Transportation,Lyft,gas fuel transportation,70.79
Groceries,Whole Foods,produce #6694,156.72
Shopping,Amazon,accessories shoes,250.72
Shopping,H&M,clothes #2959,103.43
Others,Various Services,other,372.83
Entertainment,Spotify,movie streaming,38.85
Groceries,Safeway,dairy groceries meat #8431,33.24
Transportation,Shell,ride fuel #2231,68.45
Food & Dining,McDonalds,dinner meal restaurant #6149,475.25
Food & Dining,McDonalds,restaurant,737.48
Groceries,Walmart,dairy produce bread #3028,55.86
Others,Miscellaneous,other general payment,83.08
Groceries,Trader Joes,bread dairy food #6137,187.9
Healthcare,CVS,health medicine,128.1
Transportation,Metro,fuel,43.89
Bills & Utilities,Water Service,bill,904.52
Transportation,Lyft,transportation,70.89
Others,Miscellaneous,other service,243.49
Shopping,Best Buy,electronics purchase accessories,239.0
Entertainment,Steam,streaming,26.33
Food & Dining,McDonalds,takeout lunch,583.34
Healthcare,Walgreens,medical medicine prescription,386.82
Others,Various Services,general #2154,97.58
Entertainment,AMC Theaters,game entertainment streaming #1574,35.46
Shopping,Amazon,shoes clothes electronics,159.1
Transportation,Lyft,transportation #3458,27.89
Transportation,Uber,transportation transit #5590,28.36
Food & Dining,Local Restaurant,restaurant takeout,145.45
Groceries,Trader Joes,produce,163.53
Others,Miscellaneous,payment other,521.52
Food & Dining,McDonalds,meal takeout dinner,265.99
Bills & Utilities,Electric Company,payment,679.2
Food & Dining,Chipotle,meal delivery takeout,342.92
Transportation,Shell,transportation #3112,36.26
Others,Miscellaneous,general,919.28
Entertainment,Spotify,streaming,41.78
Others,Miscellaneous,service misc #4974,491.4
Healthcare,Quest Diagnostics,prescription #5203,365.79
Others,Various Services,general misc,37.94
Shopping,Amazon,clothes electronics shoes,157.8
Groceries,Walmart,groceries,151.07
Bills & Utilities,Water Service,service bill,729.38
Others,Various Services,service,537.23
Shopping,Amazon,clothes purchase accessories,70.15
Healthcare,Quest Diagnostics,health prescription #6063,139.39
Groceries,Trader Joes,bread groceries meat,104.17
Transportation,Metro,taxi fuel transportation,28.4
Bills & Utilities,Water Service,bill monthly payment,524.55
Others,Unknown Vendor,payment misc,251.8
Bills & Utilities,Verizon,monthly utility,11.61
Healthcare,Walgreens,medical medicine prescription,478.67
Shopping,Best Buy,purchase clothes shoes #6636,282.38
Entertainment,AMC Theaters,movie game,14.11
Transportation,BP,transportation fuel ride,76.96
Others,Unknown Vendor,service #3397,395.62
Food & Dining,Pizza Hut,meal restaurant,690.74
Entertainment,Xbox,music entertainment,25.06
Bills & Utilities,Verizon,payment #1539,243.23
Others,Various Services,service general misc,284.1
Shopping,Best Buy,clothes shoes purchase,124.33
Entertainment,Spotify,game,24.28
Shopping,H&M,clothes purchase #1027,83.16
Entertainment,Netflix,entertainment game #8838,10.06
Food & Dining,Subway,delivery,194.16
Entertainment,Steam,entertainment movie,14.94
Shopping,Nike,purchase electronics,145.45
Bills & Utilities,Water Service,service payment utility,123.04
Food & Dining,Local Restaurant,lunch,414.37
Healthcare,Local Clinic,medical health prescription #3844,333.19
Entertainment,AMC Theaters,game streaming,47.77
Bills & Utilities,Water Service,bill,540.94
Shopping,Target,accessories electronics #4231,158.86
Groceries,Trader Joes,produce bread dairy #7616,189.76
Others,Various Services,other,580.37
Bills & Utilities,Verizon,utility bill #9092,670.62
Others,Miscellaneous,general misc service,546.6
Bills & Utilities,Electric Company,monthly utility service,795.66
Groceries,Kroger,dairy #5108,168.0
Groceries,Kroger,dairy groceries,179.66
Entertainment,Spotify,streaming,20.75
Entertainment,Netflix,streaming game music,40.55
Food & Dining,McDonalds,dinner,80.21
Others,Various Services,misc general,747.68
Bills & Utilities,Electric Company,payment #8171,777.96
Others,Various Services,misc,194.24
Bills & Utilities,AT&T,monthly #9278,288.21
Groceries,Whole Foods,produce dairy groceries,107.2
Entertainment,Xbox,game music #1745,40.35
Entertainment,Spotify,game music,35.73
Entertainment,Netflix,entertainment #3586,13.34
Transportation,Lyft,gas taxi #6100,22.73
Shopping,Best Buy,clothes electronics accessories #7721,32.99
Shopping,Amazon,shoes electronics accessories,102.04
Healthcare,Walgreens,health medical,182.56
Shopping,Amazon,electronics clothes,294.09
Food & Dining,Pizza Hut,restaurant lunch #9651,469.78
Others,Miscellaneous,general misc other,898.6
Transportation,Uber,transit fuel,40.37
Shopping,Target,shoes #3054,94.27
Healthcare,Walgreens,medical medicine,129.25
Entertainment,Netflix,game movie streaming,48.32
Shopping,Best Buy,purchase accessories,180.78
Others,Unknown Vendor,payment other,586.7
Bills & Utilities,AT&T,payment,159.11
Entertainment,Steam,music,41.97
Groceries,Safeway,bread meat #9801,124.42
Transportation,BP,transportation gas,26.12
Food & Dining,Pizza Hut,delivery lunch,75.38
Bills & Utilities,Electric Company,utility,577.63
Transportation,BP,gas ride #2934,75.06
Shopping,Target,accessories,107.68
Bills & Utilities,AT&T,payment service #2387,324.85
Transportation,BP,gas #1793,59.21
Healthcare,CVS,health,374.46
Healthcare,Local Clinic,medical doctor prescription,88.5
Healthcare,CVS,medical,65.71
Bills & Utilities,AT&T,monthly payment service,74.26
Food & Dining,Subway,meal restaurant #9761,172.17
Bills & Utilities,Electric Company,bill,782.9
Bills & Utilities,AT&T,payment,962.5
Groceries,Walmart,produce groceries,166.58
Bills & Utilities,Verizon,utility monthly bill #5746,562.18
Shopping,Nike,accessories electronics,26.31
Others,Miscellaneous,general service,317.53
Transportation,Lyft,ride,55.15
Groceries,Trader Joes,meat dairy produce #1633,106.34
Transportation,Shell,ride fuel transportation,60.87
Shopping,Nike,accessories clothes shoes,225.2
Others,Miscellaneous,service #7729,276.89
Transportation,BP,fuel gas transportation #8334,30.21
Others,Unknown Vendor,general misc,751.58
Food & Dining,Pizza Hut,delivery restaurant lunch,85.09
Entertainment,Steam,music movie,39.16
Shopping,Nike,purchase clothes electronics,164.6
Bills & Utilities,Water Service,utility service,733.94
Transportation,BP,taxi,75.0
Entertainment,Spotify,movie entertainment,28.22
Others,Unknown Vendor,misc payment general #5181,799.74
Food & Dining,McDonalds,delivery dinner restaurant,514.98
Bills & Utilities,AT&T,payment bill #9062,922.38
Others,Miscellaneous,other service,173.2
Groceries,Trader Joes,dairy,42.78
Groceries,Kroger,bread produce,21.43
Entertainment,Steam,music entertainment game,43.74
Entertainment,AMC Theaters,entertainment music streaming,34.68
Transportation,Uber,gas fuel,9.31
Groceries,Whole Foods,food groceries #5419,42.15
Others,Miscellaneous,payment service other,435.85
Shopping,Amazon,clothes shoes electronics,280.97
Healthcare,CVS,prescription medicine health,309.55
Groceries,Safeway,dairy food bread #1414,110.21
Groceries,Trader Joes,produce groceries,28.17
Groceries,Whole Foods,bread,47.21
Transportation,Metro,ride gas fuel,74.7
Transportation,Lyft,taxi #8619,55.71
Healthcare,Walgreens,health medicine medical,345.94
Bills & Utilities,Verizon,bill utility monthly,735.43
Healthcare,Walgreens,medicine health doctor,276.51
Entertainment,Steam,movie entertainment music,13.75
Others,Unknown Vendor,other misc general,963.32
Transportation,Shell,transit ride fuel,13.16
Food & Dining,Pizza Hut,dinner,563.61
Bills & Utilities,Water Service,monthly service payment,503.23
Shopping,H&M,accessories purchase clothes,125.23
Transportation,BP,ride #9474,67.31
Shopping,Nike,purchase clothes #4931,215.96
Bills & Utilities,Water Service,monthly payment service,851.69
Healthcare,Quest Diagnostics,prescription medical #3700,345.37
Food & Dining,Chipotle,restaurant delivery #4030,323.16
Groceries,Trader Joes,meat bread,63.68
Bills & Utilities,AT&T,monthly service #1724,401.45
Others,Miscellaneous,general payment,726.79
Shopping,H&M,clothes electronics shoes,23.34
Groceries,Trader Joes,bread,162.88
Food & Dining,Chipotle,restaurant,280.04
Shopping,H&M,shoes purchase clothes #8545,133.06
Groceries,Kroger,bread #5351,36.21
Bills & Utilities,Verizon,monthly service,304.99
Transportation,Shell,ride,6.19
Groceries,Kroger,meat bread #3325,194.43
Transportation,BP,gas fuel taxi #5961,67.08
Transportation,BP,gas transit taxi #7736,72.43
Food & Dining,Pizza Hut,lunch meal delivery #7470,444.04
Food & Dining,Chipotle,delivery dinner lunch,545.91
Bills & Utilities,Verizon,utility,877.93
Others,Miscellaneous,other misc service,599.05
Bills & Utilities,AT&T,payment #7935,522.67
Bills & Utilities,AT&T,payment bill utility,543.7
Entertainment,AMC Theaters,game movie,44.64
Entertainment,AMC Theaters,streaming game,48.0
Transportation,Shell,gas ride fuel #4387,71.24
Food & Dining,McDonalds,restaurant takeout,896.63
Others,Miscellaneous,other #7639,153.43
Healthcare,Quest Diagnostics,medicine #3129,220.12
Others,Miscellaneous,misc,721.12
Healthcare,Walgreens,health prescription,498.58
Food & Dining,Local Restaurant,takeout,27.56
Transportation,Shell,ride fuel,25.43
Healthcare,CVS,health medicine,412.78
Transportation,Metro,transit transportation #2981,68.9
Healthcare,Walgreens,prescription,246.13
Others,Unknown Vendor,other #2573,291.51
Entertainment,Xbox,movie music entertainment #7712,45.32
Entertainment,Xbox,music streaming entertainment,11.53
Bills & Utilities,Water Service,payment bill,660.92
Healthcare,Walgreens,prescription medical,252.23
Transportation,Shell,taxi ride fuel,32.16
Entertainment,Netflix,game entertainment movie #4085,34.74
Entertainment,Netflix,movie,10.61
Food & Dining,Subway,delivery #6087,113.6
Food & Dining,McDonalds,takeout restaurant dinner #1903,325.77
Bills & Utilities,Electric Company,payment #1031,926.53
Others,Unknown Vendor,misc payment other,974.69
Healthcare,CVS,prescription health,367.87
Entertainment,Netflix,streaming music,15.31
Bills & Utilities,Electric Company,payment monthly service,230.01
Healthcare,CVS,health medical medicine,244.86
Entertainment,AMC Theaters,music entertainment game #4305,30.17
Transportation,Shell,ride transit,67.07
Bills & Utilities,Electric Company,monthly service,487.79
Groceries,Trader Joes,bread produce,171.48
Shopping,H&M,electronics #7658,53.29
Food & Dining,Pizza Hut,lunch,501.88
Groceries,Kroger,produce bread,61.98
Food & Dining,Pizza Hut,takeout restaurant #6527,563.73
Bills & Utilities,Water Service,utility payment,734.0
Healthcare,Local Clinic,medicine health,465.53
Entertainment,Steam,entertainment game,12.09
Groceries,Kroger,groceries dairy meat,180.88
Others,Miscellaneous,payment service other,877.44
Groceries,Whole Foods,meat groceries produce #6817,47.07
Food & Dining,Chipotle,takeout dinner,278.84
Others,Miscellaneous,service,328.35
Bills & Utilities,AT&T,monthly utility,912.73
Food & Dining,Subway,meal delivery,889.0
Entertainment,AMC Theaters,game entertainment music #1023,13.76
Groceries,Walmart,groceries dairy #6690,130.18
Entertainment,Steam,game streaming entertainment #4881,10.25
Food & Dining,Pizza Hut,takeout dinner #1525,536.57
Groceries,Safeway,dairy #8070,133.17
Food & Dining,Subway,lunch #6738,725.18
Others,Various Services,misc other general #6319,440.81
Transportation,Lyft,taxi gas,17.72
Bills & Utilities,AT&T,bill,925.06
Healthcare,Walgreens,prescription doctor medical,229.36
Food & Dining,Pizza Hut,restaurant lunch,513.52
Shopping,Nike,shoes electronics #3783,53.04
Groceries,Trader Joes,bread meat,128.69
Entertainment,Xbox,streaming #3707,23.94
Bills & Utilities,Water Service,utility monthly,319.19
Bills & Utilities,Electric Company,utility payment service,507.86
Healthcare,CVS,health medicine,460.93
Food & Dining,Chipotle,takeout lunch restaurant,667.41
Groceries,Safeway,dairy,187.65
Food & Dining,Local Restaurant,delivery restaurant,708.04
Groceries,Trader Joes,produce food,190.13
Healthcare,Walgreens,doctor health medicine,166.85
Transportation,Shell,transportation ride,50.74
Food & Dining,McDonalds,meal delivery lunch,141.45
Shopping,Best Buy,purchase,209.35
Food & Dining,Local Restaurant,lunch restaurant,566.03
Shopping,Amazon,shoes purchase electronics,209.88
Others,Various Services,other service,158.34
Food & Dining,McDonalds,restaurant #2723,696.77
Bills & Utilities,AT&T,bill monthly #7711,89.25
Healthcare,Walgreens,medicine prescription #4140,332.89
Healthcare,Local Clinic,medicine prescription,294.18
Entertainment,Spotify,entertainment streaming music #9649,47.91
Bills & Utilities,Verizon,bill,638.19
Shopping,H&M,electronics clothes purchase,232.61
Food & Dining,McDonalds,meal restaurant #1159,617.8
Transportation,Shell,transit transportation,34.37
Bills & Utilities,Verizon,payment service bill,926.51
Entertainment,Xbox,streaming movie entertainment #8772,28.57
Food & Dining,McDonalds,delivery #1898,956.93
Entertainment,Steam,entertainment game movie #5921,19.91
Shopping,Best Buy,shoes clothes accessories #3596,101.52
Bills & Utilities,Water Service,utility bill #8100,956.14
Others,Miscellaneous,other #5926,563.61
Groceries,Kroger,bread produce,143.76
Food & Dining,McDonalds,lunch takeout #2968,510.65
Healthcare,Local Clinic,medical health medicine,413.38
Shopping,Best Buy,purchase #9672,215.87
Others,Miscellaneous,payment other,679.52
Entertainment,Spotify,streaming entertainment,46.62
Transportation,Metro,ride #1884,70.54
Healthcare,Walgreens,prescription,273.39
Shopping,Target,purchase shoes,82.02
Groceries,Trader Joes,meat bread,34.3
Healthcare,Walgreens,prescription doctor,309.78
Transportation,Metro,ride transit #1700,79.26
Entertainment,Xbox,movie streaming music,19.36
Entertainment,Xbox,music entertainment,48.15
Food & Dining,Pizza Hut,meal dinner,243.19
Entertainment,Netflix,music streaming game #6924,24.61
Shopping,H&M,shoes clothes purchase,213.06
Entertainment,AMC Theaters,music,21.38
Others,Unknown Vendor,payment general misc,504.43
Entertainment,Steam,music movie,13.58
Transportation,Metro,gas #4391,26.21
Food & Dining,Local Restaurant,dinner takeout #1120,220.43
Entertainment,Spotify,music movie,36.99
Shopping,Best Buy,electronics shoes clothes,259.98
Bills & Utilities,Verizon,monthly utility payment,21.0
Entertainment,AMC Theaters,music movie,16.69
Others,Various Services,misc service,325.25
Shopping,Nike,purchase #5481,235.45
Others,Various Services,service other payment,478.33
Others,Unknown Vendor,service general payment,301.41
Shopping,Amazon,purchase #1370,35.38
Food & Dining,Chipotle,lunch dinner #9840,495.58
Bills & Utilities,Water Service,bill service,601.74
Shopping,Best Buy,accessories clothes purchase,258.39
Healthcare,Local Clinic,medical medicine,478.02
Transportation,Uber,transportation taxi gas,24.85
Food & Dining,Subway,dinner meal takeout,152.79
Transportation,Lyft,taxi transit ride #2433,9.61
Bills & Utilities,Electric Company,utility,109.28
Shopping,Nike,accessories shoes purchase,207.31
Entertainment,Xbox,entertainment,11.12
Healthcare,CVS,medicine,257.32
Transportation,Uber,transit,43.95
Others,Various Services,general service,445.12
Entertainment,Netflix,game music streaming,37.47
Transportation,Uber,transit transportation fuel #9350,10.21
Transportation,Metro,gas,62.05
Healthcare,Walgreens,health prescription doctor,94.52
Bills & Utilities,Verizon,utility service #8274,954.66
Healthcare,Quest Diagnostics,prescription health medicine,467.56
Food & Dining,McDonalds,restaurant meal,122.46
Entertainment,Spotify,movie music,20.34
Others,Miscellaneous,payment #4995,322.92
Bills & Utilities,Electric Company,monthly service payment,236.07
Entertainment,Spotify,entertainment #4562,46.64
Shopping,Best Buy,electronics accessories purchase,168.8
Shopping,Amazon,shoes #7782,285.07
Transportation,Shell,transportation fuel transit,45.24
Transportation,Uber,transportation #5485,45.14
Bills & Utilities,AT&T,utility payment bill #7127,349.94
Healthcare,Walgreens,health prescription #8500,120.26
Others,Miscellaneous,general,350.86
Groceries,Whole Foods,produce food groceries,134.74
Bills & Utilities,Verizon,service utility,918.07
Groceries,Kroger,meat food groceries,105.02
Bills & Utilities,Water Service,monthly #2732,490.11
Bills & Utilities,Verizon,monthly service bill,55.62
Shopping,Best Buy,purchase accessories,169.79
Food & Dining,Local Restaurant,dinner,945.45
Bills & Utilities,Water Service,utility monthly #5472,948.04
Groceries,Kroger,produce bread,123.53
Bills & Utilities,AT&T,monthly #6272,121.9
Others,Unknown Vendor,other misc,788.32
Transportation,Lyft,fuel taxi,61.46
Transportation,BP,transit #8205,10.46
Food & Dining,Local Restaurant,restaurant takeout delivery #4251,115.83
Transportation,Lyft,transit ride,55.82
Entertainment,Xbox,streaming movie,26.37
Bills & Utilities,Electric Company,payment monthly bill,60.1
Transportation,Shell,transit taxi fuel,66.72
Others,Miscellaneous,service other general #2522,425.48
Groceries,Safeway,dairy,71.75
Entertainment,AMC Theaters,movie game,21.03
Bills & Utilities,AT&T,monthly utility,813.66
Bills & Utilities,Electric Company,monthly utility bill,936.12
Transportation,Metro,taxi ride #7980,15.24
Healthcare,Quest Diagnostics,prescription,471.01
Groceries,Whole Foods,food groceries dairy,85.21
Shopping,Nike,shoes #7118,48.03
Entertainment,AMC Theaters,music entertainment streaming #2828,47.27
Shopping,Amazon,purchase accessories shoes,198.76
Entertainment,AMC Theaters,movie game entertainment #1668,48.79
Shopping,Amazon,purchase,295.21
Food & Dining,Chipotle,delivery meal lunch,512.9
Healthcare,Walgreens,doctor medical prescription,282.76
Others,Miscellaneous,other misc,777.27
Healthcare,Local Clinic,doctor medicine,56.82
Bills & Utilities,Electric Company,payment,748.99
Transportation,Uber,transit transportation fuel,62.47
Entertainment,AMC Theaters,game movie entertainment #7402,20.1
Healthcare,Local Clinic,doctor health prescription,323.51
Healthcare,Quest Diagnostics,prescription,372.29
Shopping,H&M,accessories electronics,106.23
Shopping,Nike,shoes purchase accessories,244.12
Others,Unknown Vendor,payment misc,641.59
Healthcare,CVS,medicine health prescription #2969,302.33
Healthcare,Quest Diagnostics,medical doctor,374.46
Transportation,Uber,ride fuel transportation,52.85
Groceries,Kroger,food dairy bread,184.27
Others,Unknown Vendor,service,824.25
Food & Dining,Subway,restaurant,552.22
Transportation,Lyft,ride transit gas #1638,46.72
Bills & Utilities,Verizon,bill #2890,984.18
Shopping,Amazon,electronics accessories shoes #9680,87.34
Transportation,Shell,ride fuel transportation,62.14
Food & Dining,Chipotle,lunch takeout meal #6704,57.37
Entertainment,Steam,entertainment streaming,25.57
Others,Miscellaneous,other,506.36
Bills & Utilities,AT&T,monthly service,442.44
Food & Dining,Chipotle,delivery dinner lunch,445.02
Healthcare,Local Clinic,medical,322.74
Bills & Utilities,Electric Company,monthly utility payment,602.4
Entertainment,Xbox,entertainment,14.56
Entertainment,Spotify,music entertainment,25.41
Food & Dining,Local Restaurant,takeout,240.17
Shopping,Nike,accessories shoes clothes #4684,298.66
Shopping,Best Buy,electronics,253.51
Transportation,Shell,transit #8078,51.97
Entertainment,Steam,streaming movie music,46.29
Transportation,Metro,taxi fuel transit,70.93
Bills & Utilities,Water Service,payment utility,325.15
Entertainment,Spotify,game entertainment streaming,42.25
Food & Dining,Subway,delivery lunch,979.4
Shopping,Target,electronics purchase,115.07
Transportation,Uber,transit fuel #7581,44.45
Bills & Utilities,AT&T,service utility monthly #6017,163.41
Others,Miscellaneous,service general,196.55
Others,Various Services,misc payment,268.44
Transportation,Uber,transit transportation fuel,59.2
Transportation,Shell,transportation fuel,75.24
Healthcare,Local Clinic,prescription medicine,266.68
Entertainment,AMC Theaters,streaming entertainment game,11.35
Groceries,Walmart,groceries meat bread,144.45
Others,Unknown Vendor,other general payment,516.6
Transportation,BP,fuel #7346,41.07
Bills & Utilities,Electric Company,bill,507.23
Others,Miscellaneous,payment general other,809.9
Transportation,Uber,fuel taxi gas,23.89
Entertainment,Netflix,entertainment,38.87
Others,Various Services,misc,709.14
Entertainment,Netflix,entertainment streaming game,13.06
Food & Dining,Pizza Hut,takeout meal lunch #5057,326.09
Entertainment,Spotify,movie streaming #4761,14.97
Entertainment,Steam,streaming music entertainment,22.83
Shopping,Nike,accessories #8812,177.39
Bills & Utilities,Water Service,service,844.76
Shopping,Amazon,accessories,15.38
Entertainment,Steam,game #7442,18.34
Transportation,Uber,ride taxi transportation,69.19
Food & Dining,McDonalds,takeout lunch meal,561.56
Food & Dining,Chipotle,takeout dinner delivery #2002,521.39
Bills & Utilities,Electric Company,payment bill monthly,771.78
Groceries,Kroger,dairy #6339,159.78
Groceries,Safeway,bread,178.85
Others,Various Services,payment,435.65
Entertainment,AMC Theaters,game,21.37
Food & Dining,Chipotle,delivery takeout restaurant,167.8
Groceries,Walmart,food #9328,29.52
Transportation,BP,taxi transportation transit,79.64
Shopping,Amazon,clothes electronics #2573,181.13
Transportation,BP,gas,44.61
Food & Dining,Local Restaurant,lunch delivery meal,956.93
Transportation,Shell,fuel #9897,51.23
Healthcare,Local Clinic,medicine,47.14
Food & Dining,Pizza Hut,takeout delivery restaurant,31.26
Food & Dining,Chipotle,lunch meal,81.77
Healthcare,Local Clinic,medicine prescription medical #3710,328.02
Shopping,Amazon,clothes shoes,25.86
Food & Dining,Local Restaurant,restaurant,331.51
Transportation,Shell,fuel,20.59
Healthcare,Quest Diagnostics,doctor health prescription #9520,55.61
Healthcare,Local Clinic,health medical medicine,215.5
Healthcare,Quest Diagnostics,prescription doctor,160.19
Bills & Utilities,Electric Company,monthly #7665,185.84
Transportation,Metro,fuel transit,5.96
Others,Miscellaneous,misc payment,502.86
Bills & Utilities,Electric Company,bill monthly service,739.71
Shopping,Nike,shoes accessories #1455,211.0
Others,Various Services,other service general,981.18
Transportation,Uber,fuel transportation,28.71
Groceries,Trader Joes,dairy produce food,171.04
Shopping,H&M,electronics,143.03
Entertainment,Netflix,entertainment #4002,27.4
Food & Dining,Pizza Hut,meal takeout,541.66
Entertainment,AMC Theaters,game,13.31
Food & Dining,Subway,restaurant meal,74.54
Shopping,H&M,purchase electronics #9974,213.47
Entertainment,Steam,game #7990,16.2
Bills & Utilities,Electric Company,monthly service,511.02
Shopping,Amazon,accessories,57.95
Groceries,Walmart,meat,94.82
Bills & Utilities,AT&T,monthly bill service,236.5
Bills & Utilities,AT&T,payment utility monthly,883.52
Entertainment,Steam,streaming,13.85
Groceries,Kroger,produce bread,149.16
Shopping,Nike,shoes clothes,119.11
Healthcare,Walgreens,doctor #1950,259.05
Food & Dining,Subway,dinner lunch restaurant #6436,804.47
Food & Dining,Local Restaurant,restaurant dinner meal #8730,348.39
Transportation,Metro,transportation transit #6881,11.38
Shopping,Target,clothes,242.04
Shopping,Best Buy,clothes #1050,110.21
Transportation,Lyft,transportation ride,65.76
Others,Unknown Vendor,service general,891.43
Bills & Utilities,Water Service,bill utility monthly,317.86
Entertainment,AMC Theaters,movie,40.53
Bills & Utilities,Verizon,payment bill,152.29
Shopping,Best Buy,shoes electronics,154.18
Entertainment,Spotify,entertainment,26.5
Bills & Utilities,AT&T,monthly,245.35
Groceries,Walmart,bread meat #8680,182.29
Others,Miscellaneous,payment,305.16
Groceries,Trader Joes,dairy groceries food,21.07
Transportation,Lyft,gas fuel,44.31
Entertainment,Steam,streaming movie,36.56
Bills & Utilities,Electric Company,monthly,163.36
Groceries,Kroger,food meat,182.78
Others,Unknown Vendor,misc,460.66
Healthcare,Quest Diagnostics,medical health,471.89
Transportation,Metro,gas ride,16.53
Healthcare,Walgreens,prescription,416.43
Food & Dining,Subway,lunch meal dinner,605.99
Groceries,Whole Foods,food dairy produce,70.7
Healthcare,Quest Diagnostics,prescription #6237,89.85
Food & Dining,Local Restaurant,restaurant lunch,365.08
Shopping,Amazon,purchase electronics clothes #5662,256.64
Others,Unknown Vendor,payment,71.03
Shopping,Target,shoes accessories,251.12
Bills & Utilities,Water Service,utility monthly,191.9
Food & Dining,Chipotle,takeout dinner,566.86
Shopping,Amazon,electronics,236.5
Shopping,Target,shoes purchase,48.59
Healthcare,CVS,doctor medicine prescription,229.09
Bills & Utilities,Electric Company,bill,715.73
Groceries,Safeway,meat,113.32
Healthcare,CVS,medical doctor prescription,357.84
Others,Unknown Vendor,other,628.0
Food & Dining,Subway,delivery #4072,73.35
Food & Dining,Chipotle,lunch takeout restaurant,447.3
Bills & Utilities,Water Service,utility monthly payment,281.93
Entertainment,Steam,entertainment movie game,33.32
Healthcare,Walgreens,health,112.49
Food & Dining,Chipotle,meal #2083,427.04
Healthcare,Local Clinic,health doctor,147.03
Groceries,Walmart,dairy #3321,168.1
Food & Dining,McDonalds,delivery lunch,730.44
Others,Miscellaneous,general #9298,320.15
Transportation,Uber,transit,71.77
Bills & Utilities,Verizon,payment utility,992.97
Food & Dining,Local Restaurant,takeout,684.35
Shopping,Amazon,clothes shoes accessories,106.28
Food & Dining,McDonalds,dinner #5457,652.12
Food & Dining,Chipotle,restaurant,362.05
Entertainment,Xbox,streaming movie music,24.39
Groceries,Safeway,groceries #5509,124.11
Others,Various Services,other general,776.45
Transportation,Lyft,taxi fuel,78.73
Bills & Utilities,AT&T,service utility #8639,743.57
Others,Miscellaneous,misc payment,600.06
Others,Miscellaneous,service misc other,708.11
Transportation,BP,gas,58.93
Groceries,Safeway,dairy food bread #4874,130.22
Groceries,Kroger,meat,199.37
Shopping,Amazon,purchase clothes shoes #1069,258.32
Food & Dining,McDonalds,delivery lunch dinner,944.37
Healthcare,Quest Diagnostics,medical health medicine,128.13
Groceries,Whole Foods,bread food dairy,191.65
Others,Miscellaneous,general service other,147.14
Healthcare,Quest Diagnostics,medical,249.95
Groceries,Whole Foods,food bread meat,51.51
Food & Dining,Pizza Hut,dinner takeout restaurant,436.9
Healthcare,Local Clinic,medical,472.2
Others,Miscellaneous,misc,320.59
Healthcare,CVS,prescription doctor medical,349.15
Bills & Utilities,AT&T,payment utility,426.34
Groceries,Safeway,meat bread groceries,183.7
Food & Dining,Pizza Hut,dinner lunch,945.86
Bills & Utilities,Verizon,service #3068,720.65
Groceries,Kroger,bread,128.68
Shopping,Amazon,purchase shoes electronics,115.28
Groceries,Safeway,meat,199.33
Groceries,Walmart,produce dairy,155.52
Groceries,Trader Joes,produce meat,122.18
Groceries,Kroger,meat,96.48
Bills & Utilities,AT&T,utility service payment,617.9
Shopping,H&M,shoes clothes #9890,167.72
Entertainment,AMC Theaters,movie,26.47
Transportation,Uber,transit ride,67.27
Food & Dining,Local Restaurant,dinner #2714,944.56
Entertainment,Netflix,streaming,12.52
Shopping,Target,electronics accessories,174.95
Transportation,Metro,gas fuel taxi,43.11
Food & Dining,Subway,lunch restaurant,129.63
Food & Dining,Pizza Hut,takeout delivery dinner,977.11
Others,Miscellaneous,other service,189.77
Transportation,Metro,taxi transit,65.9
Healthcare,Local Clinic,medicine medical health,83.47
Shopping,Nike,clothes purchase #2791,283.83
Bills & Utilities,Water Service,bill #8956,630.92
Shopping,Nike,clothes electronics #5399,211.02
Healthcare,Local Clinic,doctor medical #9588,376.22
Healthcare,Local Clinic,doctor medicine prescription,109.0
Healthcare,Quest Diagnostics,medical,345.69
Others,Unknown Vendor,payment misc general,252.21
Others,Unknown Vendor,payment misc general #8732,477.43
Food & Dining,McDonalds,dinner delivery #7815,524.39
Food & Dining,Pizza Hut,lunch takeout #2191,864.59
Bills & Utilities,Verizon,service monthly bill,319.69
Food & Dining,Pizza Hut,lunch delivery dinner,487.7
Others,Unknown Vendor,general payment,43.91
Healthcare,Local Clinic,health prescription,220.87
Bills & Utilities,AT&T,monthly,331.08
Healthcare,Local Clinic,health medical #2273,40.77
Bills & Utilities,Verizon,utility,804.59
Entertainment,Steam,entertainment game streaming #4068,24.92
Groceries,Safeway,dairy groceries produce,87.24
Transportation,Uber,fuel ride transportation #6559,34.58
Groceries,Safeway,food produce #3392,74.99
Shopping,H&M,shoes purchase clothes,228.6
Healthcare,Local Clinic,doctor,103.79
Food & Dining,McDonalds,restaurant meal,472.59
Groceries,Kroger,groceries meat,86.06
Others,Unknown Vendor,general service,963.84
Healthcare,Quest Diagnostics,prescription medicine doctor #8926,401.14
Groceries,Walmart,meat,116.84
Food & Dining,McDonalds,restaurant delivery,103.34
Groceries,Whole Foods,meat food,30.17
Others,Various Services,other misc,607.76
Groceries,Walmart,food dairy #1642,51.79
Entertainment,Spotify,music movie,11.44
Transportation,Uber,gas fuel ride,17.73
Bills & Utilities,Water Service,monthly #3468,104.58
Transportation,Lyft,gas transit #7085,75.06
Groceries,Whole Foods,produce groceries,125.97
Bills & Utilities,Verizon,monthly service,640.1
Shopping,Best Buy,shoes electronics #1962,142.82
Groceries,Trader Joes,food groceries #2178,133.47
Others,Miscellaneous,misc,130.29
Entertainment,Spotify,game movie #4168,42.44
Others,Unknown Vendor,other,625.7
Groceries,Whole Foods,groceries #4193,160.48
Transportation,Metro,transportation #3658,10.67
Others,Unknown Vendor,payment service,257.99
Shopping,Nike,electronics shoes,138.53
Groceries,Trader Joes,groceries,175.42
Healthcare,CVS,medicine #9952,284.65
Entertainment,Spotify,streaming entertainment,31.98
Entertainment,Netflix,music streaming #8744,15.19
Food & Dining,McDonalds,takeout #3724,632.28
Groceries,Safeway,produce meat #6499,141.36
Bills & Utilities,Water Service,payment utility,205.28
Food & Dining,McDonalds,restaurant lunch,683.92
Groceries,Walmart,dairy produce bread #3348,98.3
Bills & Utilities,Verizon,payment service utility,145.47
Food & Dining,Pizza Hut,delivery dinner meal,626.28
Transportation,Lyft,taxi,16.23
Healthcare,Local Clinic,health medicine,269.72
Entertainment,Xbox,entertainment game,18.59
Transportation,Shell,gas taxi fuel,56.66
Entertainment,Steam,music streaming movie,39.88
Entertainment,Steam,streaming entertainment music,16.88
Shopping,Nike,purchase clothes #8853,57.3
Bills & Utilities,Electric Company,service,735.29
Bills & Utilities,Water Service,bill payment,591.93
Shopping,H&M,shoes,29.05
Others,Miscellaneous,service #4706,56.85
Transportation,Lyft,transportation,18.95
Others,Miscellaneous,other #6146,891.41
Others,Miscellaneous,misc general,19.82
Food & Dining,Chipotle,restaurant meal,921.02
Entertainment,Steam,game music,25.64
Food & Dining,McDonalds,delivery meal #8630,229.85
Transportation,Uber,transportation fuel ride,5.04
Shopping,H&M,shoes accessories #9999,246.84
Transportation,BP,gas transportation ride,78.99
Healthcare,Local Clinic,prescription #5515,46.45
Others,Unknown Vendor,payment #5848,967.69
Food & Dining,Subway,restaurant dinner meal,639.97
Food & Dining,Local Restaurant,takeout #9613,829.09
Shopping,H&M,purchase electronics,130.5
Food & Dining,Chipotle,lunch dinner delivery #3845,996.68
Groceries,Kroger,produce bread,163.0
Food & Dining,Pizza Hut,delivery,768.1
Healthcare,Walgreens,medical,57.36
Shopping,Best Buy,purchase,186.1
Shopping,H&M,accessories shoes,222.11
Others,Miscellaneous,misc other,752.62
Food & Dining,Subway,dinner lunch meal,676.01
Transportation,Uber,gas transit #2080,48.5
Groceries,Trader Joes,produce meat,41.34
Shopping,Amazon,purchase electronics clothes,218.71
Groceries,Whole Foods,produce #8048,26.31
Others,Miscellaneous,other misc #5529,42.01
Entertainment,Xbox,entertainment movie,18.08
Food & Dining,McDonalds,meal dinner,391.11
Others,Miscellaneous,service general #4798,301.27
Food & Dining,Subway,restaurant lunch dinner,37.1
Groceries,Safeway,produce meat groceries,174.84
Entertainment,Xbox,movie #2476,20.02
Transportation,Metro,taxi,63.74
Transportation,Metro,transit #7382,39.55
Food & Dining,Subway,restaurant dinner #4348,393.21
Transportation,Lyft,fuel taxi,51.73
Entertainment,Spotify,music game entertainment #7666,11.92
Healthcare,CVS,health medical #8948,450.92
Transportation,BP,fuel,21.75
Transportation,Shell,taxi ride fuel,44.23
Shopping,Target,accessories shoes,124.54
Bills & Utilities,Verizon,payment monthly service #5728,168.7
Shopping,Nike,shoes clothes,162.73
Shopping,Amazon,shoes purchase clothes,20.78
Transportation,BP,taxi transportation gas #3662,8.83
Transportation,BP,gas #8068,21.04
Entertainment,AMC Theaters,movie streaming #6567,47.21
Transportation,Shell,transit,7.01
Groceries,Safeway,groceries,75.86
Transportation,Uber,transit ride,51.48
Bills & Utilities,Verizon,utility bill,264.78
Shopping,Nike,shoes accessories,213.82
Food & Dining,Local Restaurant,restaurant meal dinner,824.58
Transportation,Lyft,taxi transit,57.82
Healthcare,Walgreens,doctor health,390.31
Shopping,Nike,electronics purchase,144.49
Groceries,Whole Foods,groceries food,73.27
Entertainment,AMC Theaters,game #5436,16.93
Transportation,Metro,taxi transit ride,68.36
Others,Miscellaneous,other,287.64
Healthcare,Quest Diagnostics,medicine,54.56
Groceries,Kroger,dairy,110.3
Entertainment,Xbox,movie #6926,20.31
Others,Unknown Vendor,misc,367.54
Groceries,Kroger,dairy produce bread,54.59
Food & Dining,Subway,meal dinner,508.01
Shopping,Target,clothes electronics #3727,15.75
Entertainment,Steam,music,47.83
Groceries,Kroger,bread food,63.34
Food & Dining,Pizza Hut,delivery,823.17
Bills & Utilities,Water Service,payment #3738,604.12
Shopping,Nike,electronics,80.37
Transportation,Lyft,taxi transportation transit,36.24
Food & Dining,Chipotle,lunch,234.18
Food & Dining,Subway,delivery lunch restaurant,17.91
Entertainment,AMC Theaters,game #7747,48.28
Bills & Utilities,Verizon,bill,37.22
Transportation,BP,transportation,35.43
Bills & Utilities,Water Service,monthly utility payment #4332,412.11
Others,Miscellaneous,payment,737.36
Bills & Utilities,Verizon,utility,500.97
Food & Dining,McDonalds,dinner,779.25
Shopping,Nike,shoes,30.03
Others,Unknown Vendor,service other general #4116,411.9
Transportation,Lyft,taxi transportation transit,39.53
Food & Dining,Subway,restaurant takeout,347.25
Groceries,Safeway,meat bread dairy #1991,184.83
Groceries,Walmart,dairy produce #6732,91.36
Others,Unknown Vendor,misc,325.82
Entertainment,Spotify,streaming #2821,27.69
Shopping,Amazon,shoes purchase #7007,276.17
Groceries,Trader Joes,bread #7326,73.09
Entertainment,Spotify,entertainment,19.57
Transportation,Shell,transit,63.97
Transportation,Lyft,taxi fuel,78.38
Transportation,BP,transportation,6.84
Others,Various Services,payment #4984,807.73
Bills & Utilities,Verizon,bill monthly #5257,111.46
Shopping,Target,clothes shoes #2970,210.87
Groceries,Safeway,groceries #6354,147.34
Entertainment,Spotify,music game movie,44.47
Healthcare,Quest Diagnostics,medical health medicine,41.38
Groceries,Trader Joes,meat #7846,45.43
Bills & Utilities,Verizon,monthly bill payment,903.62
Others,Miscellaneous,service general,506.44
Groceries,Whole Foods,groceries,162.09
Food & Dining,Subway,takeout dinner,29.23
Entertainment,Netflix,game movie entertainment,35.09
Others,Miscellaneous,service payment misc,535.43
Transportation,Shell,taxi fuel ride,56.7
Others,Unknown Vendor,payment,436.62
Transportation,Metro,transit transportation fuel,38.39
Food & Dining,Subway,delivery lunch meal,703.37
Groceries,Trader Joes,produce bread dairy,79.0
Others,Unknown Vendor,general #9046,563.66
Others,Miscellaneous,payment #2297,265.48
Healthcare,Local Clinic,prescription medicine #8558,212.76
Healthcare,Walgreens,medicine prescription health,279.06
Groceries,Kroger,bread,122.97
Bills & Utilities,AT&T,payment monthly,791.66
Food & Dining,Subway,takeout,603.93
Groceries,Trader Joes,meat produce food,130.12
Groceries,Safeway,produce food #4238,93.36
Others,Various Services,service general,294.81
Transportation,Shell,fuel #1902,55.98
Bills & Utilities,AT&T,utility monthly service,65.28
Others,Various Services,general,910.06
Shopping,Best Buy,shoes electronics clothes,235.32
Transportation,BP,taxi,76.79
Shopping,Target,shoes,254.76
Healthcare,Walgreens,doctor,485.33
Others,Miscellaneous,misc payment,990.39
Others,Unknown Vendor,payment service misc,534.95
Groceries,Walmart,meat,89.14
Others,Miscellaneous,other payment,713.26
Transportation,Shell,fuel taxi,11.24
Groceries,Safeway,produce groceries meat #1576,38.34
Transportation,Shell,fuel transportation taxi,75.16
Entertainment,Steam,music,17.55
Shopping,Amazon,clothes accessories purchase,298.0
Food & Dining,Chipotle,restaurant,650.24
Food & Dining,Local Restaurant,dinner takeout meal,97.74
Bills & Utilities,Electric Company,service payment utility,727.68
Food & Dining,McDonalds,meal,371.37
Healthcare,Local Clinic,health,410.88
Others,Unknown Vendor,payment other general,253.48
Shopping,Best Buy,accessories #9435,85.88
Food & Dining,Subway,dinner lunch delivery #7081,555.95
Groceries,Kroger,groceries bread,29.04
Food & Dining,Chipotle,meal restaurant,524.05
Groceries,Trader Joes,food meat groceries #5849,128.5
Bills & Utilities,Electric Company,service monthly,199.71
Food & Dining,Pizza Hut,delivery #6564,564.62
Shopping,Best Buy,electronics,297.09
Entertainment,Steam,music streaming entertainment,34.17
Groceries,Whole Foods,groceries,162.49
Entertainment,Steam,movie entertainment game,31.6
Entertainment,AMC Theaters,entertainment #6913,36.39
Entertainment,Spotify,movie #7651,16.7
Groceries,Safeway,dairy groceries produce,34.94
Healthcare,Local Clinic,health medical prescription #7236,22.52
Food & Dining,McDonalds,delivery takeout,891.5
Others,Various Services,other,213.83
Others,Unknown Vendor,service other #8165,423.79
Healthcare,CVS,medicine medical #1573,120.25
Groceries,Kroger,bread produce food,64.72
Others,Unknown Vendor,service other misc,793.96
Healthcare,CVS,medicine health medical #2799,332.88
Transportation,Lyft,taxi transit transportation,61.23
Bills & Utilities,Water Service,service payment,335.55
Healthcare,Local Clinic,medical medicine,496.03
Entertainment,Spotify,game,25.47
Others,Miscellaneous,misc general,718.26
Others,Miscellaneous,payment #2676,548.82
Bills & Utilities,Electric Company,monthly,906.45
Healthcare,Walgreens,medicine,484.56
Shopping,H&M,accessories,24.75
Transportation,BP,transportation,73.2
Bills & Utilities,AT&T,service payment bill,762.11
Transportation,BP,ride transportation,74.08
Entertainment,AMC Theaters,streaming movie music,20.34
Shopping,Target,purchase electronics,197.03
Bills & Utilities,Verizon,utility,738.74
Healthcare,CVS,health doctor medical,114.03
Shopping,Target,shoes purchase,215.63
Transportation,Uber,gas transit #2643,72.03
Groceries,Whole Foods,groceries bread meat,123.91
Healthcare,Quest Diagnostics,medicine health #1547,229.84
Shopping,Best Buy,purchase accessories #7089,108.61
Bills & Utilities,Water Service,utility service monthly,294.36
Bills & Utilities,Verizon,bill monthly utility #3311,420.73
Entertainment,Spotify,movie game,25.29
Entertainment,Steam,streaming music #5198,48.44
Others,Miscellaneous,other,992.99
Entertainment,AMC Theaters,movie game,20.73
Bills & Utilities,Water Service,payment utility service #2189,983.28
Groceries,Safeway,meat food #8035,109.71
Entertainment,Steam,entertainment,34.78
Bills & Utilities,AT&T,monthly bill utility #4259,458.94
Others,Unknown Vendor,other misc general,411.13
Groceries,Whole Foods,produce food #6218,177.24
Others,Various Services,payment other misc,929.76
Bills & Utilities,Water Service,monthly,23.23
Groceries,Kroger,bread,190.71
Entertainment,Spotify,movie music streaming #5877,29.23
Transportation,BP,fuel #8899,34.28
Bills & Utilities,Electric Company,payment,883.96
Food & Dining,Local Restaurant,meal,360.27
Others,Miscellaneous,service misc general #8661,355.73
Food & Dining,Subway,lunch,339.62
Shopping,Target,purchase accessories,15.8
Groceries,Safeway,produce meat #2368,197.31
Entertainment,Steam,streaming music movie,38.41
Shopping,H&M,accessories clothes,101.79
Bills & Utilities,AT&T,monthly #7082,25.52
Healthcare,Walgreens,medicine #5191,53.64
Healthcare,CVS,doctor,102.27
Entertainment,Steam,music streaming movie,18.12
Shopping,H&M,accessories clothes purchase,67.57
Groceries,Trader Joes,dairy food,85.71
Healthcare,Quest Diagnostics,medical health,296.77
Transportation,Lyft,ride gas,54.42
Food & Dining,Chipotle,dinner takeout restaurant #7380,577.5
Others,Various Services,service misc,34.18
Bills & Utilities,Water Service,service utility,27.48
Groceries,Whole Foods,groceries,190.78
Entertainment,Xbox,movie streaming,32.6
Healthcare,Local Clinic,medical,319.09
Transportation,BP,fuel taxi #9900,20.8
Food & Dining,McDonalds,takeout lunch restaurant #4007,335.75
Transportation,Lyft,transit taxi gas,36.33
Food & Dining,Local Restaurant,lunch #5925,103.33
Transportation,BP,transit,23.87
Entertainment,AMC Theaters,streaming entertainment,21.88
Entertainment,Spotify,music entertainment movie,14.37
Food & Dining,Pizza Hut,meal #2487,143.93
Bills & Utilities,Verizon,utility,801.6
Healthcare,CVS,prescription medicine doctor,378.25
Groceries,Kroger,produce bread meat #2858,87.65
Healthcare,CVS,doctor health,473.98
Bills & Utilities,Verizon,monthly,269.03
Transportation,Metro,taxi,50.4
Groceries,Kroger,bread meat produce,183.78
Entertainment,Netflix,game music,43.78
Transportation,Metro,transit gas ride #2575,8.81
Groceries,Whole Foods,bread #6901,27.07
Entertainment,Spotify,movie game entertainment,26.76
Food & Dining,Pizza Hut,dinner,679.71
Bills & Utilities,AT&T,service monthly payment #6144,107.9
Others,Miscellaneous,service #2173,248.93
Groceries,Kroger,food produce dairy,45.81
Shopping,Target,electronics,295.29
Shopping,Target,clothes shoes electronics,271.84
Shopping,Amazon,electronics shoes #7854,188.25
Others,Miscellaneous,general payment,123.69
Groceries,Walmart,dairy bread,85.91
Groceries,Kroger,meat,53.03
Food & Dining,Pizza Hut,dinner takeout restaurant #3605,176.73
Groceries,Safeway,food #7547,172.01
Food & Dining,Local Restaurant,takeout #6504,208.11
Shopping,H&M,accessories clothes #7585,278.1
Groceries,Walmart,produce dairy meat #1933,111.41
Shopping,Amazon,clothes,80.88
Bills & Utilities,AT&T,service bill #1349,886.54
Others,Unknown Vendor,misc,844.55
Entertainment,Xbox,music game movie #4265,17.54
Healthcare,Local Clinic,medicine doctor prescription #4737,277.73
Others,Unknown Vendor,misc payment #5029,189.9
Others,Miscellaneous,payment #2240,468.81
Bills & Utilities,Electric Company,utility,72.56
Healthcare,Walgreens,prescription #4483,410.86
Transportation,Lyft,transportation taxi fuel,69.87
Bills & Utilities,Electric Company,utility,846.27
Food & Dining,McDonalds,delivery dinner #9441,764.23
Entertainment,AMC Theaters,music streaming,29.67
Shopping,H&M,clothes electronics accessories,248.81
Healthcare,Walgreens,medicine,435.02
Groceries,Walmart,meat #5899,71.2
Transportation,Shell,transportation transit #2347,60.94
Transportation,Uber,taxi gas,76.88
Transportation,Uber,transit #2808,6.85
Shopping,Nike,purchase clothes electronics,227.61
Bills & Utilities,Verizon,monthly utility #2172,88.7
Shopping,Target,clothes accessories shoes,136.53
Entertainment,Xbox,game movie,36.72
Shopping,Target,purchase,169.65
Bills & Utilities,Electric Company,bill service,488.0
Groceries,Walmart,bread,108.15
Groceries,Whole Foods,groceries,114.32
Bills & Utilities,Water Service,payment service #8423,977.86
Entertainment,Steam,streaming #6180,33.49
Transportation,BP,fuel #9874,67.63
Entertainment,Netflix,streaming,33.19
Entertainment,Xbox,game streaming entertainment,38.66
Transportation,BP,transportation ride,29.96
Food & Dining,Pizza Hut,takeout restaurant delivery,800.78
Entertainment,AMC Theaters,entertainment movie,21.65
Bills & Utilities,Water Service,service,549.64
Entertainment,AMC Theaters,streaming music game,15.93
Entertainment,AMC Theaters,music,11.78
Others,Unknown Vendor,general payment #9703,876.43
Food & Dining,Chipotle,restaurant meal,518.52
Food & Dining,McDonalds,delivery takeout restaurant #4889,713.63
Food & Dining,Pizza Hut,restaurant meal,26.18
Others,Unknown Vendor,service,52.88
Others,Unknown Vendor,general #2539,14.56
Transportation,Shell,transportation fuel taxi #7291,26.05
Entertainment,AMC Theaters,entertainment movie game,12.74
Healthcare,Quest Diagnostics,health,359.74
Food & Dining,Chipotle,restaurant delivery,230.2
Food & Dining,Pizza Hut,delivery meal,955.1
Groceries,Kroger,food groceries,70.97
Others,Unknown Vendor,other payment,290.83
Food & Dining,McDonalds,restaurant delivery takeout #7740,27.4
Healthcare,CVS,doctor,164.7
Entertainment,Steam,streaming,21.13
Transportation,BP,transit taxi gas,25.36
Groceries,Safeway,bread dairy food #1645,171.55
Transportation,Uber,taxi,17.57
Shopping,H&M,purchase electronics shoes #2790,234.47
Bills & Utilities,Electric Company,service #1544,76.65
Groceries,Kroger,groceries produce,35.45
Shopping,Amazon,shoes purchase accessories #5324,32.07
Food & Dining,Subway,restaurant takeout delivery #2456,255.92
Groceries,Kroger,produce dairy meat #3327,87.35
Groceries,Whole Foods,meat,106.54
Shopping,Amazon,purchase clothes electronics #9695,23.48
Shopping,H&M,purchase clothes #7171,179.87
Bills & Utilities,Water Service,bill service payment,562.13
Food & Dining,Subway,delivery dinner,81.18
Others,Various Services,service payment misc #4576,764.48
Others,Various Services,other general service #2370,260.66
Bills & Utilities,AT&T,utility bill #2841,600.55
Healthcare,CVS,doctor health,176.29
Others,Unknown Vendor,service #3839,517.88
Transportation,BP,gas transit,42.37
Groceries,Kroger,produce food #6790,117.15
Bills & Utilities,AT&T,payment service,661.82
Bills & Utilities,Water Service,utility monthly payment,911.01
Shopping,Nike,electronics,16.87
Groceries,Safeway,produce,118.72
Transportation,Metro,gas #5521,69.3
Bills & Utilities,Electric Company,payment monthly utility,221.74
Groceries,Trader Joes,produce #1227,147.47
Entertainment,Spotify,movie entertainment game #3686,12.23
Entertainment,AMC Theaters,movie entertainment streaming,27.2
Food & Dining,Subway,lunch,425.03
Transportation,Uber,fuel,25.4
Entertainment,Steam,music streaming #5628,35.41
Bills & Utilities,Water Service,monthly bill,71.0
Shopping,Target,accessories clothes purchase,19.46
Food & Dining,Subway,delivery,990.65
Healthcare,CVS,doctor,127.58
Food & Dining,Chipotle,restaurant #4034,121.36
Others,Unknown Vendor,misc,939.98
Others,Unknown Vendor,general payment service,366.03
Healthcare,Quest Diagnostics,health prescription medical,450.97
Shopping,Amazon,clothes shoes accessories,19.14
Groceries,Safeway,bread,150.96
Transportation,Lyft,fuel,42.46
Bills & Utilities,Water Service,monthly payment,62.64
Others,Miscellaneous,misc,624.03
Shopping,Best Buy,accessories purchase electronics #4652,185.5
Others,Various Services,general misc payment,17.84
Entertainment,Spotify,movie,21.83
Food & Dining,Subway,delivery,93.15
Groceries,Whole Foods,food dairy #9423,106.47
Others,Unknown Vendor,misc service,264.28
Bills & Utilities,Water Service,monthly service,911.54
Food & Dining,Local Restaurant,delivery dinner,958.49
Entertainment,Steam,streaming,28.3
Entertainment,Spotify,entertainment game music,21.37
Food & Dining,Chipotle,takeout meal restaurant,912.07
Healthcare,CVS,doctor medicine,408.3
Groceries,Walmart,meat bread,104.59
Shopping,Best Buy,purchase accessories,166.7
Bills & Utilities,AT&T,payment monthly,116.93
Shopping,Nike,shoes,113.22
Entertainment,Xbox,movie,44.71
Entertainment,Steam,music streaming #9175,18.94
Transportation,Uber,transit gas taxi #9949,73.63
Others,Unknown Vendor,general other,229.1
Bills & Utilities,Water Service,payment bill #8708,994.57
Groceries,Trader Joes,produce groceries,167.32
Food & Dining,Pizza Hut,delivery takeout meal,370.21
Groceries,Trader Joes,meat food,29.38
Bills & Utilities,Electric Company,utility payment service #1219,254.18
Healthcare,Quest Diagnostics,medicine health #2609,161.6
Transportation,Uber,transit fuel,58.67
Bills & Utilities,Verizon,service monthly,371.06
Groceries,Walmart,groceries,68.62
Bills & Utilities,Verizon,monthly payment service,367.76
Groceries,Trader Joes,dairy food #8819,93.61
Groceries,Whole Foods,dairy food bread,111.33
Others,Miscellaneous,service #3194,127.22
Others,Unknown Vendor,payment #6448,541.13
Healthcare,Walgreens,medical #7243,223.75
Groceries,Safeway,bread meat,188.04
Food & Dining,Subway,dinner takeout meal,255.58
Entertainment,AMC Theaters,streaming music game #1178,17.91
Bills & Utilities,Verizon,utility,531.9
Shopping,Nike,shoes purchase clothes,80.12
Others,Unknown Vendor,payment service,356.06
Entertainment,Spotify,streaming movie,30.83
Healthcare,CVS,medicine prescription #4999,61.26
Shopping,Nike,clothes accessories #9055,176.29
Groceries,Trader Joes,dairy meat food,60.29
Transportation,Metro,gas taxi,20.84
Food & Dining,Subway,lunch delivery takeout #4744,694.14
Transportation,Shell,ride #7448,20.94
Healthcare,CVS,prescription #9093,133.79
Others,Various Services,payment other #9516,54.37
Bills & Utilities,Water Service,service utility,705.2
Transportation,Shell,fuel transportation,25.02
Transportation,Metro,taxi transportation fuel,11.65
Others,Various Services,other service #3833,67.91
Shopping,H&M,clothes,71.94
Entertainment,Steam,streaming music game #8841,33.27
Others,Various Services,payment misc #9209,317.57
Food & Dining,Local Restaurant,restaurant delivery takeout #7516,106.53
Shopping,Best Buy,accessories shoes electronics,46.32
Food & Dining,Pizza Hut,lunch restaurant #1445,729.78
Bills & Utilities,Electric Company,payment,399.08
Food & Dining,Subway,lunch dinner meal #8588,417.06
Bills & Utilities,Electric Company,payment service bill,520.87
Groceries,Safeway,dairy meat,80.6
Healthcare,Local Clinic,health doctor #3825,94.33
Shopping,Amazon,clothes,141.3
Healthcare,Quest Diagnostics,medicine prescription,362.91
Bills & Utilities,AT&T,monthly,627.43
Bills & Utilities,Electric Company,monthly payment service #9184,167.98
Shopping,Target,electronics clothes shoes,245.17
Food & Dining,McDonalds,restaurant meal,214.17
Transportation,Uber,taxi #3611,33.85
Groceries,Kroger,bread food produce,35.12
Transportation,Metro,gas transportation taxi,18.67
Others,Miscellaneous,payment,302.42
Groceries,Whole Foods,groceries bread food,142.02
Food & Dining,Chipotle,dinner restaurant,925.9
Shopping,Amazon,shoes,146.48
Food & Dining,Local Restaurant,restaurant dinner meal,897.63
Groceries,Whole Foods,dairy bread #5062,87.15
Entertainment,Steam,music,14.22
Food & Dining,Chipotle,restaurant,92.83
Food & Dining,Local Restaurant,meal lunch delivery #1353,693.4
Transportation,BP,taxi #4729,21.86
Others,Various Services,misc payment #7488,404.24
Food & Dining,McDonalds,lunch restaurant takeout,312.14
Shopping,Best Buy,shoes #1377,185.93
Transportation,Uber,transit,32.62
Shopping,Target,accessories,94.82
Groceries,Whole Foods,meat food,99.93
Groceries,Kroger,food produce,74.05
Shopping,Best Buy,electronics accessories purchase,82.31
Healthcare,Quest Diagnostics,medicine #4295,261.7
Shopping,Target,purchase clothes shoes,295.9
Entertainment,Steam,entertainment movie music,17.2
Entertainment,Netflix,streaming music,11.59
Food & Dining,Pizza Hut,dinner #2506,564.29
Groceries,Walmart,bread food,87.9
Food & Dining,Subway,delivery,420.87
Entertainment,Steam,streaming music entertainment #5099,40.38
Healthcare,CVS,prescription doctor health,115.6
Bills & Utilities,AT&T,utility payment service,221.56
Groceries,Whole Foods,produce groceries,36.9
Healthcare,Quest Diagnostics,prescription medicine doctor,418.51
Healthcare,Quest Diagnostics,medical medicine doctor,256.81
Transportation,BP,ride fuel transit,68.98
Others,Unknown Vendor,general #3431,962.61
Healthcare,Quest Diagnostics,prescription medicine,463.56
Transportation,Shell,transportation,70.5
Others,Various Services,other service general,545.82
Healthcare,CVS,prescription health,57.05
Entertainment,AMC Theaters,movie entertainment music,15.18
Bills & Utilities,Water Service,monthly,819.13
Entertainment,AMC Theaters,movie music entertainment,44.22
Bills & Utilities,Verizon,service bill,968.64
Food & Dining,Chipotle,lunch,194.01
Healthcare,Local Clinic,doctor medical,146.82
Healthcare,CVS,doctor medicine medical #5357,88.9
Transportation,Shell,transportation #3814,65.96
Groceries,Whole Foods,groceries food #3783,94.26
Groceries,Trader Joes,food dairy meat,126.05
Healthcare,Local Clinic,health doctor #3453,397.29
Transportation,Metro,gas #8784,77.13
Others,Unknown Vendor,general service other #1591,980.84
Groceries,Whole Foods,food produce #5948,85.65
Healthcare,CVS,prescription medicine medical,80.9
Food & Dining,Local Restaurant,restaurant lunch takeout #4735,387.66
Bills & Utilities,Water Service,bill,744.6
Shopping,H&M,electronics clothes,298.76
Healthcare,CVS,medical medicine prescription,35.74
Transportation,Lyft,taxi transit #7347,21.43
Entertainment,AMC Theaters,movie #3627,37.1
Transportation,Uber,taxi,28.57
Groceries,Safeway,dairy,192.5
Healthcare,Quest Diagnostics,doctor medicine prescription,48.31
Others,Miscellaneous,payment,943.09
Entertainment,AMC Theaters,game movie,46.4
Food & Dining,Chipotle,meal,41.03
Groceries,Trader Joes,dairy produce groceries #5873,104.62
Groceries,Whole Foods,meat,150.05
Healthcare,Local Clinic,health #4239,64.09
Others,Various Services,general payment #1315,206.04
Bills & Utilities,Water Service,payment,436.72
Others,Various Services,service payment misc,950.02
Healthcare,Quest Diagnostics,medical medicine #6409,199.72
Others,Various Services,general payment service,218.01
Shopping,Nike,accessories purchase,50.64
Entertainment,Xbox,streaming entertainment game,32.32
Bills & Utilities,AT&T,bill service,381.45
Bills & Utilities,Verizon,utility bill #6976,79.93
Healthcare,Local Clinic,prescription health medicine,21.18
Shopping,Nike,shoes,142.14
Others,Miscellaneous,general other misc #6038,902.64
Bills & Utilities,Electric Company,utility #4214,560.99
Food & Dining,Subway,takeout meal dinner #3240,163.0
Transportation,Uber,ride taxi gas #6193,34.54
Healthcare,Walgreens,health medical medicine,495.13
Transportation,BP,ride gas transit,49.7
Groceries,Safeway,meat,58.65
Shopping,H&M,accessories shoes,166.66
Groceries,Safeway,groceries dairy,192.25
Groceries,Whole Foods,bread groceries produce,21.73
Shopping,Nike,clothes shoes accessories,34.62
Others,Unknown Vendor,service #4098,680.37
Healthcare,Quest Diagnostics,doctor health,338.92
Transportation,BP,fuel,50.93
Groceries,Trader Joes,produce,24.89
Food & Dining,McDonalds,takeout,196.82
Shopping,Nike,electronics #5738,152.39
Transportation,Uber,ride,60.95
Transportation,Metro,gas transit ride,26.08
Transportation,Metro,taxi,59.82
Bills & Utilities,Verizon,utility #2017,342.87
Food & Dining,McDonalds,dinner,317.84
Transportation,BP,transportation transit gas,10.11
Others,Various Services,other general #9908,426.9
Groceries,Safeway,bread,60.86
Others,Miscellaneous,general service,396.59
Healthcare,Quest Diagnostics,health #6974,361.04
Entertainment,Spotify,streaming music entertainment #9817,23.22
Shopping,Best Buy,purchase,140.91
Healthcare,Walgreens,medical health doctor,305.08
Entertainment,AMC Theaters,game movie #6059,24.86
Others,Various Services,misc general,540.11
Shopping,Target,shoes purchase,129.88
Food & Dining,McDonalds,takeout,511.7
Healthcare,Local Clinic,health medical prescription,278.88
Groceries,Kroger,produce,188.19
Transportation,BP,gas fuel #8244,9.28
Bills & Utilities,AT&T,service #1671,69.81
Transportation,Metro,taxi transportation,56.72
Shopping,Nike,clothes purchase shoes #3606,134.3
Healthcare,Quest Diagnostics,medicine,261.78
Groceries,Kroger,dairy,165.25
Entertainment,Netflix,music #6091,28.51
Others,Various Services,service other,824.92
Shopping,Target,purchase,163.07
Bills & Utilities,Water Service,utility bill payment,123.05
Transportation,Metro,taxi gas,30.1
Bills & Utilities,AT&T,service #3649,672.98
Others,Miscellaneous,other,560.34
Shopping,Best Buy,clothes purchase electronics,243.66
Entertainment,Xbox,movie,30.83
Transportation,Shell,gas ride transit #5813,8.58
Bills & Utilities,AT&T,service utility,857.37
Bills & Utilities,Water Service,utility,36.38
Food & Dining,Chipotle,lunch restaurant #1338,301.33
Healthcare,Quest Diagnostics,health,64.73
Shopping,Nike,clothes accessories purchase,80.06
Healthcare,Walgreens,health doctor,74.63
Others,Various Services,payment,644.74
Entertainment,Steam,game #4578,28.15
Entertainment,Xbox,game entertainment #2744,12.27
Entertainment,Xbox,entertainment music,15.82
Food & Dining,Chipotle,lunch restaurant,836.95
Healthcare,Quest Diagnostics,doctor,258.2
Others,Various Services,other,96.19
Bills & Utilities,AT&T,bill payment #1336,23.8
Bills & Utilities,Verizon,utility #8483,168.33
Bills & Utilities,Water Service,service,890.82
Others,Unknown Vendor,service payment,368.44
Food & Dining,Subway,delivery lunch,360.47
Groceries,Kroger,groceries,54.42
Others,Unknown Vendor,payment misc,256.03
Food & Dining,McDonalds,delivery meal,110.24
Entertainment,Spotify,entertainment,31.88
Entertainment,AMC Theaters,entertainment streaming game,27.43
Shopping,H&M,electronics shoes #5399,188.62
Entertainment,Steam,movie streaming entertainment #4723,44.46
Shopping,Best Buy,electronics accessories #5492,32.55
Shopping,Target,accessories #8648,24.6
Food & Dining,McDonalds,meal #5865,40.22
Groceries,Kroger,bread meat,150.11
Food & Dining,Local Restaurant,restaurant delivery,714.28
Food & Dining,Pizza Hut,dinner takeout #2353,933.58
Healthcare,Walgreens,health,383.01
Groceries,Whole Foods,dairy,108.07
Food & Dining,McDonalds,restaurant delivery #3688,862.27
Bills & Utilities,Verizon,utility payment,914.26
Groceries,Safeway,meat bread groceries #1874,154.31
Entertainment,Steam,music,26.26
Healthcare,Walgreens,medical medicine,34.68
Entertainment,AMC Theaters,entertainment game streaming,42.19
Transportation,Metro,taxi ride fuel,14.89
Food & Dining,McDonalds,dinner #9786,647.82
Entertainment,Steam,streaming game,43.68
Entertainment,Spotify,streaming entertainment game,23.49
Healthcare,Walgreens,medical health prescription #4596,293.68
Shopping,Amazon,accessories,243.12
Others,Unknown Vendor,other,943.39
Others,Various Services,misc payment,247.08
Healthcare,Walgreens,prescription,434.78
Healthcare,Local Clinic,medical health doctor,152.95
Entertainment,Spotify,entertainment streaming,18.52
Transportation,Lyft,transit gas taxi,59.4
Transportation,Lyft,taxi fuel,31.7
Transportation,BP,transportation ride taxi,64.99
Food & Dining,Subway,restaurant #2199,751.37
Entertainment,Netflix,game movie,20.22
Food & Dining,Subway,takeout dinner,486.84
Shopping,Amazon,clothes accessories,47.1
Transportation,BP,transit ride,69.4
Entertainment,AMC Theaters,entertainment music,19.28
Groceries,Trader Joes,groceries food,35.5
Groceries,Whole Foods,bread dairy,191.24
Shopping,H&M,purchase #7089,273.42
Transportation,Shell,transit fuel transportation,61.23
Others,Various Services,general payment,319.19
Groceries,Safeway,bread,128.01
Transportation,Shell,ride,58.0
Entertainment,Xbox,music,29.53
Entertainment,Steam,movie entertainment streaming,41.55
Shopping,Best Buy,electronics shoes,159.31
Shopping,H&M,electronics clothes shoes,284.03
Bills & Utilities,Verizon,payment service utility #6008,889.15
Shopping,Amazon,accessories clothes shoes,57.2
Entertainment,AMC Theaters,music movie,24.67
Groceries,Safeway,food,108.81
Bills & Utilities,Electric Company,monthly service payment,895.45
Bills & Utilities,Water Service,bill,300.4
Entertainment,AMC Theaters,streaming,38.48
Food & Dining,Pizza Hut,restaurant dinner #5396,426.35
Bills & Utilities,AT&T,payment,914.75
Food & Dining,Chipotle,meal,599.36
Food & Dining,McDonalds,restaurant lunch,468.06
Food & Dining,Subway,delivery takeout restaurant,685.62
Groceries,Whole Foods,meat #5401,61.6
Groceries,Trader Joes,dairy bread #2483,163.76
Entertainment,AMC Theaters,music,16.7
Food & Dining,Pizza Hut,dinner #9336,115.16
Entertainment,Xbox,music #3299,45.77
Healthcare,Local Clinic,medical doctor health #2633,106.69
Healthcare,Walgreens,health medical medicine,167.82
Entertainment,Steam,game #1648,20.47
Others,Unknown Vendor,other,46.84
Shopping,Amazon,purchase accessories electronics #3842,234.27
Transportation,Uber,fuel,33.98
Bills & Utilities,Water Service,payment #8271,400.67
Groceries,Kroger,bread produce #2148,169.77
Shopping,Amazon,purchase accessories,82.12
Bills & Utilities,Electric Company,payment monthly,264.52
Healthcare,Quest Diagnostics,health doctor,101.78
Transportation,Metro,transit,52.79
Healthcare,Local Clinic,prescription health,126.76
Others,Unknown Vendor,misc,45.76
Shopping,Best Buy,shoes clothes purchase,101.18
Entertainment,Xbox,entertainment streaming movie,29.07
Food & Dining,Pizza Hut,lunch meal takeout #5964,462.0
Transportation,Lyft,gas,79.14
Shopping,Nike,purchase clothes,105.29
Transportation,Metro,fuel gas transportation #4853,38.73
Shopping,Amazon,shoes,69.14
Shopping,Best Buy,purchase,241.18
Entertainment,Xbox,entertainment streaming,46.47
Groceries,Whole Foods,dairy #4334,20.64
Bills & Utilities,Electric Company,payment service,679.63
Food & Dining,Subway,dinner lunch restaurant,268.15
Shopping,Amazon,clothes purchase shoes,51.67
Shopping,H&M,clothes shoes #6970,128.32
Bills & Utilities,Electric Company,service monthly utility,924.84
Food & Dining,McDonalds,takeout restaurant delivery,234.04
Groceries,Walmart,meat groceries produce #3667,52.39
Food & Dining,Subway,delivery dinner lunch,440.85
Healthcare,Quest Diagnostics,health medicine prescription,401.98
Others,Unknown Vendor,service payment,757.04
Healthcare,Walgreens,medical doctor,357.16
Transportation,Shell,ride,35.91
Healthcare,Walgreens,doctor,393.24
Food & Dining,Local Restaurant,meal takeout,909.41
Groceries,Kroger,produce meat groceries,83.62
Others,Various Services,payment service other,572.82
Shopping,Target,clothes electronics shoes,116.2
Food & Dining,Chipotle,lunch meal,600.43
Groceries,Whole Foods,dairy bread,41.38
Shopping,H&M,clothes shoes,164.97
Healthcare,CVS,medicine doctor health,393.42
Groceries,Walmart,food,82.7
Transportation,Metro,gas transportation transit,72.23
Others,Various Services,other #2814,526.08
Healthcare,CVS,medicine doctor,456.27
Healthcare,Local Clinic,health,369.68
Shopping,Target,shoes,133.08
Groceries,Whole Foods,meat groceries produce #1131,173.92
Entertainment,Steam,streaming #6795,35.2
Shopping,Best Buy,shoes accessories purchase,295.11
Food & Dining,McDonalds,dinner,151.76
Groceries,Trader Joes,meat food,113.67
Bills & Utilities,Electric Company,monthly bill payment,850.49
Entertainment,Steam,streaming music game,21.47
Transportation,Shell,fuel,16.55
Transportation,BP,taxi fuel gas,28.71
Bills & Utilities,Verizon,payment,854.44
Healthcare,Local Clinic,prescription medical,232.44
Shopping,Best Buy,clothes shoes,163.12
Transportation,Shell,gas fuel taxi,73.58
Shopping,Nike,shoes purchase electronics #9852,278.77
Others,Unknown Vendor,other misc general #2361,848.02
Bills & Utilities,Water Service,bill #5861,823.34
Others,Miscellaneous,misc payment,743.44
Shopping,Best Buy,clothes,251.28
Bills & Utilities,Electric Company,payment service,950.24
Food & Dining,Pizza Hut,dinner #5114,595.03
Shopping,Amazon,clothes shoes #1818,108.4
Bills & Utilities,Electric Company,payment,727.46
Shopping,Nike,electronics clothes purchase,111.14
Healthcare,CVS,medicine prescription doctor,38.33
Healthcare,CVS,medical medicine,362.14
Food & Dining,Pizza Hut,lunch meal takeout,609.46
Entertainment,Steam,music streaming,26.13
Groceries,Safeway,meat produce #9773,143.73
Others,Various Services,other service general,934.06
Food & Dining,Pizza Hut,restaurant lunch meal,879.18
Transportation,Shell,gas fuel transportation #8291,61.83
Entertainment,Spotify,game music #9810,26.06
Transportation,BP,gas,62.65
Groceries,Walmart,meat,67.01
Entertainment,AMC Theaters,music,16.56
Entertainment,Xbox,game music #9728,43.22
Healthcare,Walgreens,medical health prescription #5108,93.2
Food & Dining,McDonalds,dinner delivery lunch,352.31
Entertainment,Netflix,music #6967,30.07
Others,Various Services,payment misc,341.53
Transportation,BP,ride #1708,28.76
Food & Dining,Pizza Hut,meal dinner,624.89
Bills & Utilities,AT&T,utility payment bill #6434,418.87
Transportation,Shell,fuel transportation ride,23.64
Entertainment,Xbox,entertainment music movie,45.6
Entertainment,Steam,entertainment,13.87
Others,Unknown Vendor,general,902.29
Entertainment,Netflix,entertainment movie,47.25
Healthcare,Local Clinic,health medical,353.14
Others,Various Services,general #5288,917.99
Others,Miscellaneous,general service payment,690.66
Shopping,Target,accessories shoes electronics #2247,79.93
Entertainment,Steam,streaming music entertainment,29.43
Shopping,H&M,purchase electronics shoes #9551,145.71
Bills & Utilities,Electric Company,payment service utility,565.35
Transportation,BP,gas #7133,66.81
Healthcare,Local Clinic,prescription health,131.08
Groceries,Walmart,bread produce groceries,38.41
Bills & Utilities,Water Service,bill utility,686.81
Bills & Utilities,AT&T,bill monthly service,615.22
Entertainment,Spotify,game #2410,31.65
Entertainment,Netflix,movie entertainment streaming #1029,12.32
Food & Dining,Subway,meal lunch restaurant,193.88
Others,Miscellaneous,payment service #5438,765.65
Shopping,Best Buy,clothes accessories purchase #9672,25.66
Bills & Utilities,Verizon,payment bill utility,335.32
Entertainment,Steam,music,11.49
Healthcare,Quest Diagnostics,health medical prescription,482.95
Groceries,Walmart,meat bread,61.75
Others,Unknown Vendor,misc #9668,637.24
Groceries,Kroger,meat,65.14
Food & Dining,Pizza Hut,takeout dinner,870.23
Food & Dining,McDonalds,meal delivery,768.3
Transportation,Metro,fuel ride,42.78
Others,Various Services,general,109.35
Shopping,H&M,shoes electronics accessories #4326,123.85
Bills & Utilities,Water Service,monthly #9410,199.13
Bills & Utilities,Water Service,utility payment #1976,361.81
Others,Miscellaneous,service misc payment,375.67
Bills & Utilities,Verizon,payment monthly #4189,768.56
Shopping,Best Buy,electronics shoes clothes,96.12
Others,Unknown Vendor,service misc payment,751.5
Others,Various Services,misc other,35.72
Bills & Utilities,Verizon,utility service,794.85
Shopping,Amazon,electronics purchase,101.28
Shopping,Best Buy,purchase,70.95
Entertainment,Xbox,music game,15.0
Shopping,Best Buy,shoes,68.96
Food & Dining,Subway,takeout lunch meal #4906,668.64
Groceries,Walmart,meat groceries food #1562,163.82
Healthcare,CVS,medicine,469.68
Shopping,Amazon,shoes accessories electronics,142.6
Food & Dining,Local Restaurant,delivery lunch meal #4791,424.98
Transportation,Metro,transportation,36.76
Bills & Utilities,Electric Company,utility service monthly,606.26
Food & Dining,McDonalds,meal #3735,27.1
Transportation,Lyft,fuel #2621,79.85
Shopping,H&M,clothes,128.38
Healthcare,Local Clinic,medicine,447.31
Shopping,Nike,shoes purchase,25.67
Bills & Utilities,Verizon,service payment,596.15
Bills & Utilities,Verizon,service monthly,231.4
Bills & Utilities,Water Service,bill,63.65
Healthcare,CVS,health medicine,209.54
Entertainment,Spotify,music,12.49
Healthcare,Walgreens,health medical doctor,170.1
Food & Dining,Subway,dinner meal,684.4
Entertainment,AMC Theaters,streaming music,22.74
Transportation,Shell,fuel #3331,14.89
Groceries,Trader Joes,food dairy #7171,82.32
Shopping,Nike,shoes accessories #8813,54.42
Transportation,Uber,taxi ride transit #1790,44.52
Food & Dining,Pizza Hut,dinner delivery lunch #3353,169.81
Transportation,BP,transit transportation ride,50.37
Transportation,BP,transit taxi ride,55.14
Transportation,BP,transportation,63.94
Entertainment,AMC Theaters,music streaming movie #6188,45.49
Groceries,Kroger,groceries,47.44
Food & Dining,McDonalds,meal dinner restaurant #6508,663.34
Groceries,Trader Joes,meat,27.33
Healthcare,CVS,medical medicine #7056,232.64
Groceries,Kroger,meat #3558,130.48
Bills & Utilities,Verizon,monthly service,181.71
Food & Dining,Chipotle,restaurant lunch,28.2
Shopping,Nike,shoes electronics clothes,121.33
Others,Unknown Vendor,service general other,809.28
Food & Dining,Pizza Hut,meal delivery takeout #2209,628.76
Groceries,Walmart,produce #1984,134.88
Transportation,Shell,fuel transportation,15.96
Food & Dining,Pizza Hut,meal restaurant dinner #9643,802.16
Entertainment,Netflix,streaming entertainment,34.79
Healthcare,Walgreens,prescription #7993,156.11
Others,Miscellaneous,payment misc,890.31
Others,Various Services,service,787.26
Bills & Utilities,AT&T,service,742.5
Transportation,Shell,gas,17.07
Entertainment,Xbox,music entertainment,10.34
Healthcare,Local Clinic,health medicine,182.38
Shopping,H&M,purchase shoes,52.04
Healthcare,Walgreens,prescription,460.19
Transportation,Shell,taxi #4791,31.73
Transportation,BP,fuel transit ride,17.42
Food & Dining,Pizza Hut,takeout meal dinner,82.54
Food & Dining,Pizza Hut,takeout dinner,28.76
Shopping,Amazon,accessories shoes #1530,65.49
Bills & Utilities,Water Service,monthly utility,672.99
Transportation,Shell,ride,77.9
Transportation,Shell,gas ride,48.46
Groceries,Kroger,bread,187.05
Healthcare,Quest Diagnostics,medicine doctor medical #1162,437.74
Food & Dining,Local Restaurant,restaurant dinner,116.96
Healthcare,CVS,doctor prescription health,477.7
Bills & Utilities,Water Service,bill,524.43
Transportation,BP,taxi,24.63
Healthcare,Quest Diagnostics,medicine medical,317.04
Bills & Utilities,AT&T,bill service #6220,96.89
Healthcare,CVS,prescription medical,287.09
Others,Miscellaneous,payment general other,593.96
Healthcare,CVS,medical doctor #2136,228.37
Food & Dining,Chipotle,meal lunch dinner #3408,648.32
Others,Various Services,misc,105.44
Others,Various Services,misc general other,698.07
Shopping,H&M,purchase shoes clothes,233.95
Entertainment,Xbox,streaming game,46.27
Transportation,Shell,taxi #4135,19.64
Healthcare,Walgreens,medical,128.06
Bills & Utilities,Electric Company,payment bill monthly,566.69
Others,Unknown Vendor,general payment service,810.21
Shopping,Nike,clothes electronics shoes #7802,271.56
Shopping,Amazon,clothes purchase shoes,179.12
Groceries,Kroger,food produce meat,127.94
Entertainment,Netflix,music entertainment,22.08
Others,Unknown Vendor,payment service other,693.02
Healthcare,Walgreens,doctor medicine,214.4
Healthcare,Walgreens,doctor medicine #2234,346.81
Food & Dining,Chipotle,meal #3972,455.0
Transportation,Uber,gas,7.45
Others,Various Services,general misc,784.89
Shopping,Nike,purchase accessories,265.19
Entertainment,Steam,streaming game #2468,10.44
Bills & Utilities,Electric Company,bill,428.53
Food & Dining,Local Restaurant,dinner meal #8888,395.77
Food & Dining,Chipotle,lunch restaurant #5489,126.53
Groceries,Walmart,meat dairy,79.3
Shopping,Best Buy,clothes accessories purchase #1762,200.12
Bills & Utilities,AT&T,service,478.97
Others,Miscellaneous,payment general,17.1
Others,Unknown Vendor,misc payment,850.95
Bills & Utilities,Water Service,payment #1714,16.51
Shopping,Target,accessories purchase shoes,230.64
Bills & Utilities,Water Service,bill service,347.2
Bills & Utilities,AT&T,utility service payment,17.12
Others,Unknown Vendor,service general,448.61
Food & Dining,Local Restaurant,restaurant dinner lunch #8507,269.67
Groceries,Whole Foods,produce food bread,137.67
Others,Various Services,misc #4200,700.45
Groceries,Whole Foods,dairy food #6691,88.68
Transportation,Lyft,transit,46.27
Others,Miscellaneous,service payment,135.22
Others,Miscellaneous,payment other,849.41
Transportation,Shell,transit fuel gas,76.93
Transportation,Metro,transit #5855,35.9
Bills & Utilities,AT&T,service,75.11
Healthcare,CVS,health doctor,50.63
Food & Dining,Subway,takeout,313.98
Shopping,H&M,clothes electronics accessories,112.43
Transportation,Metro,fuel transit taxi #7406,14.18
Shopping,Amazon,shoes accessories clothes #3194,79.74
Transportation,Lyft,gas ride,31.76
Bills & Utilities,Water Service,payment service,91.5
Transportation,BP,transit fuel,27.56
Others,Miscellaneous,other general,185.71
Healthcare,CVS,prescription health,145.21
Healthcare,Local Clinic,prescription,88.28
Healthcare,CVS,health #2089,224.31
Bills & Utilities,AT&T,monthly #8645,810.43
Healthcare,Walgreens,doctor #9361,184.88
Entertainment,Spotify,game movie streaming #4314,21.94
Others,Unknown Vendor,service,613.47
Shopping,Best Buy,accessories,42.39
Transportation,BP,ride,41.18
Shopping,H&M,electronics purchase clothes,228.55
Others,Various Services,other payment,93.19
Bills & Utilities,AT&T,service #3236,51.04
Food & Dining,McDonalds,lunch,725.9
Bills & Utilities,Water Service,bill monthly utility,868.51
Transportation,Uber,fuel transit #7545,6.45
Groceries,Whole Foods,meat dairy produce,105.61
Bills & Utilities,AT&T,utility bill monthly,477.95
Groceries,Walmart,groceries #5751,156.46
Groceries,Whole Foods,food,55.92
Entertainment,AMC Theaters,entertainment,33.76
Healthcare,Walgreens,prescription,58.0
Transportation,Lyft,gas #5059,10.36
Shopping,Nike,electronics purchase accessories,278.58
Transportation,Metro,fuel transit taxi,66.2
Shopping,Amazon,accessories shoes electronics,182.36
Shopping,Target,accessories #5875,238.39
Food & Dining,Subway,meal,311.59
Entertainment,Steam,movie streaming #7950,14.58
Shopping,Best Buy,purchase electronics shoes #3541,96.43
Food & Dining,Chipotle,takeout,705.57
Food & Dining,Subway,restaurant dinner delivery,728.31
Healthcare,Walgreens,health,425.06
Healthcare,Quest Diagnostics,health prescription,206.6
Food & Dining,Subway,restaurant lunch dinner #8135,421.92
Groceries,Walmart,dairy produce #3661,165.43
Bills & Utilities,AT&T,payment,256.42
Shopping,Amazon,electronics,147.39
Groceries,Trader Joes,produce bread,143.12
Others,Unknown Vendor,general misc other,93.15
Transportation,BP,ride transit,26.76
Healthcare,CVS,prescription doctor,474.74
Food & Dining,Chipotle,meal restaurant lunch,506.17
Shopping,Nike,accessories electronics purchase,149.22
Transportation,Uber,taxi,74.97
Others,Unknown Vendor,general other service,68.03
Groceries,Trader Joes,bread food,106.79
Groceries,Kroger,produce,46.58
Shopping,Target,shoes,86.52
Others,Miscellaneous,other general misc #3405,960.38
Entertainment,Spotify,music,24.37
Food & Dining,Local Restaurant,meal dinner #9080,783.22
Healthcare,Local Clinic,doctor prescription medical,375.35
Shopping,Amazon,purchase accessories #1952,286.35
Transportation,Metro,transportation,13.87
Groceries,Safeway,groceries #9398,176.25
Healthcare,Walgreens,doctor,116.6
Healthcare,Quest Diagnostics,prescription,165.05
Groceries,Safeway,groceries food #4838,169.66
Entertainment,Spotify,streaming game #5110,42.11
Healthcare,CVS,doctor medical health,277.94
Others,Miscellaneous,other payment,911.33
Shopping,H&M,purchase electronics #8294,125.46
Healthcare,Walgreens,medicine prescription medical #2325,198.68
Food & Dining,Subway,takeout,910.24
Groceries,Trader Joes,produce,151.36
Transportation,Lyft,transportation,8.44
Transportation,Shell,ride taxi transportation,53.24
Transportation,Shell,taxi,79.37
Transportation,Lyft,taxi transportation #8321,74.24
Others,Various Services,other payment general #1360,948.91
Others,Unknown Vendor,misc general,854.25
Healthcare,Quest Diagnostics,prescription doctor,487.65
Bills & Utilities,Electric Company,monthly utility,922.59
Healthcare,Quest Diagnostics,doctor,28.89
Healthcare,Local Clinic,medicine prescription,59.26
Shopping,Best Buy,purchase,241.9
Groceries,Kroger,groceries dairy food,130.89
Healthcare,Walgreens,prescription #5334,66.08
Bills & Utilities,AT&T,monthly,203.88
Food & Dining,Pizza Hut,meal takeout #7925,167.37
Groceries,Walmart,dairy meat groceries,43.85
Shopping,H&M,clothes,234.57
Shopping,Best Buy,clothes accessories electronics #2869,240.55
Others,Various Services,service,126.82
Groceries,Safeway,food meat,44.1
Bills & Utilities,Water Service,utility payment service,765.74
Shopping,Target,purchase clothes shoes #2931,218.06
Entertainment,Netflix,music,31.12
Entertainment,Spotify,music movie game #5573,34.14
Transportation,Shell,fuel #6745,56.21
Shopping,H&M,shoes purchase accessories,95.81
Shopping,H&M,accessories,121.21
Healthcare,Local Clinic,doctor medical medicine #2709,311.22
Shopping,Nike,accessories,52.37
Entertainment,Steam,streaming game movie #6049,33.03
Shopping,H&M,electronics clothes,232.91
Shopping,Nike,purchase clothes electronics #8002,278.88
Bills & Utilities,Verizon,service utility #9803,693.04
Bills & Utilities,AT&T,bill utility,617.39
Bills & Utilities,Verizon,payment #5387,552.31
Shopping,Best Buy,shoes clothes electronics,103.89
Food & Dining,McDonalds,meal,791.2
Food & Dining,McDonalds,delivery,213.83
Healthcare,Local Clinic,prescription #3400,450.51
Bills & Utilities,Water Service,utility #5074,961.53
Groceries,Whole Foods,bread food,126.2
Groceries,Kroger,food,94.99
Bills & Utilities,Verizon,monthly,615.37
Bills & Utilities,Water Service,utility,345.02
Bills & Utilities,AT&T,bill,687.07
Groceries,Whole Foods,groceries food,163.6
Entertainment,Spotify,movie #1540,47.51
Food & Dining,Pizza Hut,dinner,405.01
Groceries,Walmart,bread dairy groceries,36.93
Transportation,Uber,gas #1834,56.55
Healthcare,CVS,medicine prescription doctor,263.19
Transportation,Lyft,gas #1466,73.47
Transportation,Lyft,ride taxi transit,65.34
Shopping,Amazon,electronics clothes #1829,86.11
Food & Dining,Pizza Hut,takeout lunch,988.54
Entertainment,Xbox,music movie,45.06
Entertainment,Spotify,entertainment,22.08
Groceries,Trader Joes,bread,100.24
Bills & Utilities,AT&T,bill payment,700.98
Healthcare,Local Clinic,doctor medical #5767,30.05
Shopping,H&M,clothes electronics #1684,233.75
Food & Dining,Pizza Hut,meal,707.48
Transportation,Shell,taxi #9266,47.66
Groceries,Whole Foods,meat food bread #1984,183.31
Entertainment,Steam,movie streaming entertainment,31.7
Transportation,Uber,transit,16.07
Bills & Utilities,Water Service,payment utility,717.48
Groceries,Walmart,produce groceries bread,110.52
Groceries,Whole Foods,bread,46.61
Food & Dining,Local Restaurant,takeout restaurant #5009,502.45
Food & Dining,McDonalds,delivery dinner lunch,636.64
Entertainment,Netflix,game #8377,16.45
Others,Various Services,general #2554,598.7
Entertainment,Netflix,movie,40.44
Bills & Utilities,Water Service,service bill,431.0
Bills & Utilities,Verizon,utility monthly,991.93
Groceries,Kroger,dairy food groceries,86.96
Shopping,Best Buy,shoes #2304,225.25
Healthcare,CVS,medical health doctor,335.27
Entertainment,Steam,music movie,30.5
Others,Various Services,other misc,911.3
Healthcare,CVS,medicine medical,275.31
Transportation,Metro,transportation gas ride #5293,40.64
Entertainment,Steam,music entertainment,36.8
Healthcare,Walgreens,prescription doctor medicine,358.11
Groceries,Trader Joes,food dairy #3970,125.54
Entertainment,Netflix,game entertainment,13.07
Shopping,Amazon,accessories clothes #9460,200.94
Healthcare,CVS,doctor health medicine,143.66
Groceries,Trader Joes,groceries,188.73
Entertainment,AMC Theaters,entertainment,33.73
Others,Various Services,other #2926,546.11
Shopping,Target,clothes,182.74
Groceries,Walmart,meat produce bread #4539,56.41
Healthcare,CVS,prescription,423.94
Others,Miscellaneous,service general payment #1454,79.68
Healthcare,Quest Diagnostics,prescription medicine medical,363.9
Others,Miscellaneous,misc payment service,821.41
Food & Dining,McDonalds,lunch delivery #5956,586.74
Shopping,Best Buy,electronics #4907,283.0
Shopping,Best Buy,electronics accessories,22.65
Groceries,Walmart,produce dairy food #7839,90.73
Entertainment,Netflix,game movie streaming #2193,20.3
Healthcare,Quest Diagnostics,medical health doctor,456.56
Entertainment,Spotify,game,14.57
Bills & Utilities,AT&T,bill utility,690.65
Healthcare,Walgreens,doctor medicine health,315.7
Food & Dining,McDonalds,lunch #8030,705.09
Others,Miscellaneous,misc general,470.54
Bills & Utilities,Water Service,service,863.34
Groceries,Kroger,produce food groceries #9470,23.19
Food & Dining,McDonalds,lunch takeout,521.21
Bills & Utilities,Electric Company,monthly,90.81
Healthcare,Quest Diagnostics,doctor,83.23
Healthcare,Local Clinic,medicine prescription,447.16
Groceries,Whole Foods,dairy food groceries #1869,146.19
Others,Various Services,misc other,452.64
Healthcare,Quest Diagnostics,medical #6839,200.77
Groceries,Whole Foods,food groceries bread,46.51
Entertainment,Spotify,streaming music game #1790,28.46
Others,Miscellaneous,general service,616.75
Others,Various Services,misc,151.1
Food & Dining,Subway,lunch restaurant delivery,502.27
Food & Dining,Subway,lunch delivery,828.07
Healthcare,Local Clinic,health doctor,106.18
Entertainment,Steam,streaming movie,40.09
Shopping,H&M,purchase electronics,43.8
Food & Dining,Chipotle,takeout,599.15
Entertainment,Xbox,music movie,27.73
Groceries,Safeway,meat food #2063,91.52
Others,Unknown Vendor,payment service,926.44
Healthcare,Walgreens,prescription,116.27
Healthcare,Local Clinic,prescription medicine,302.56
Groceries,Walmart,meat #8046,128.02
Shopping,Amazon,purchase electronics accessories #1025,266.92
Entertainment,AMC Theaters,entertainment,19.26
Food & Dining,McDonalds,lunch dinner restaurant #2259,672.6
Entertainment,Spotify,entertainment game,28.29
Bills & Utilities,AT&T,bill monthly,844.3
Shopping,Nike,accessories,61.65
Food & Dining,Pizza Hut,takeout meal #3711,712.24
Entertainment,Netflix,music game movie,31.2
Shopping,H&M,accessories shoes purchase,179.22
Groceries,Safeway,dairy food #5452,144.49
Transportation,Shell,transportation transit taxi,18.08
Bills & Utilities,Verizon,monthly service bill,140.79
Groceries,Safeway,produce bread dairy,61.62
Others,Miscellaneous,misc #9667,852.96
Others,Various Services,service,228.83
Transportation,Shell,transit fuel transportation,9.55
Entertainment,Xbox,streaming entertainment movie #2671,47.1
Entertainment,Spotify,movie music,32.74
Groceries,Trader Joes,groceries bread meat,144.37
Food & Dining,Subway,delivery lunch,856.66
Healthcare,CVS,prescription health #5141,294.31
Bills & Utilities,Water Service,monthly payment #1662,115.09
Healthcare,Quest Diagnostics,health prescription medical,396.78
Food & Dining,Pizza Hut,restaurant dinner meal,427.52
Healthcare,Quest Diagnostics,health medicine #9335,496.99
Others,Miscellaneous,other payment,113.11
Transportation,Uber,taxi fuel gas,55.91
Transportation,Metro,fuel transit,22.75
Healthcare,Walgreens,medicine medical doctor,177.41
Bills & Utilities,AT&T,utility payment monthly #9440,368.01
Healthcare,Local Clinic,medical medicine,340.84
Bills & Utilities,Water Service,bill monthly payment,920.87
Groceries,Trader Joes,bread food produce #8569,112.45
Food & Dining,McDonalds,restaurant delivery dinner,350.45
Food & Dining,Pizza Hut,lunch #3666,622.41
Healthcare,Walgreens,medical health medicine,316.98
Transportation,BP,fuel #2740,40.12
Food & Dining,Chipotle,restaurant delivery takeout #7502,903.83
Food & Dining,McDonalds,takeout dinner meal,888.82
Bills & Utilities,Verizon,payment service bill #7557,202.65
Groceries,Kroger,bread,179.95
Groceries,Trader Joes,produce,20.93
Healthcare,CVS,health medicine,103.83
Healthcare,CVS,medical,297.18
Transportation,BP,transit,20.5
Entertainment,Xbox,movie streaming game,26.31
Bills & Utilities,Water Service,payment bill,408.83
Bills & Utilities,AT&T,monthly utility,240.18
Transportation,Lyft,ride,53.66
Others,Miscellaneous,misc,203.82
Healthcare,Walgreens,prescription medical health,302.76
Healthcare,Local Clinic,prescription medical,342.16
Entertainment,Netflix,game streaming,32.02
Others,Miscellaneous,other #6904,655.13
Entertainment,AMC Theaters,music,15.88
Others,Various Services,general other #8122,872.7
Shopping,Nike,purchase #4865,84.27
Healthcare,Walgreens,prescription #8102,397.31
Shopping,Best Buy,purchase accessories shoes #9148,223.2
Bills & Utilities,Verizon,payment #4399,619.76
Bills & Utilities,Water Service,monthly payment service #3541,436.85
Shopping,Target,accessories,110.39
Transportation,Shell,gas,47.9
Transportation,Lyft,ride,77.24
Groceries,Walmart,meat groceries #9405,154.88
Transportation,Lyft,fuel taxi,58.66
Entertainment,Netflix,streaming #1160,28.03
Shopping,Amazon,shoes,26.77
Shopping,Amazon,clothes shoes electronics #2313,27.27
Shopping,Best Buy,purchase clothes,158.85
Entertainment,AMC Theaters,game streaming,38.89
Transportation,Metro,transit taxi #4880,56.56
Transportation,Shell,transit,34.67
Healthcare,Quest Diagnostics,doctor medical health #2552,392.73
Others,Unknown Vendor,service #3971,66.32
Food & Dining,Subway,dinner meal,87.93
Shopping,Target,electronics clothes,152.89
Transportation,Uber,taxi,52.4
Entertainment,Steam,music game movie #2551,31.07
Others,Miscellaneous,service misc general,447.39
Transportation,BP,ride #7805,13.19
Shopping,Nike,shoes purchase #2701,108.67
Groceries,Safeway,dairy groceries #5831,76.92
Entertainment,Steam,entertainment game music #7257,11.08
Groceries,Whole Foods,food,167.67
Healthcare,Quest Diagnostics,prescription doctor health,140.29
Others,Miscellaneous,general,830.27
Transportation,Shell,fuel taxi,6.77
Groceries,Safeway,bread,195.61
Transportation,BP,transit fuel ride,29.61
Bills & Utilities,Verizon,monthly utility service,288.68
Healthcare,Quest Diagnostics,prescription medical,226.94
Transportation,BP,fuel taxi gas #6636,60.52
Entertainment,Spotify,entertainment,43.97
Shopping,Best Buy,electronics #1728,138.8
Food & Dining,Local Restaurant,restaurant delivery dinner #8857,902.66
Entertainment,AMC Theaters,music entertainment game,35.01
Shopping,Amazon,accessories shoes,33.51
Bills & Utilities,AT&T,utility payment,108.49
Food & Dining,Subway,dinner,861.22
Transportation,Lyft,fuel taxi,72.5
Healthcare,Local Clinic,medicine,265.44
Entertainment,Netflix,entertainment game,10.25
Entertainment,Xbox,entertainment streaming movie,23.44
Healthcare,Walgreens,health #1801,46.2
Food & Dining,Pizza Hut,dinner,314.48
Entertainment,Netflix,streaming,32.18
Others,Unknown Vendor,service other general,990.06
Food & Dining,McDonalds,restaurant lunch meal,158.15
Bills & Utilities,AT&T,monthly payment bill,364.17
Entertainment,Spotify,streaming music,15.47
Shopping,Amazon,purchase accessories shoes,223.32
Healthcare,Walgreens,health medical,337.41
Shopping,Nike,purchase electronics clothes #9834,289.68
Groceries,Kroger,food meat,162.84
Healthcare,Walgreens,medicine #4377,230.68
Groceries,Safeway,groceries produce #5260,190.79
Others,Unknown Vendor,misc service #3924,33.75
Others,Miscellaneous,misc service,496.89
Groceries,Walmart,produce,173.78
Shopping,H&M,electronics purchase,202.23
Bills & Utilities,Verizon,monthly service utility #4099,837.48
Transportation,Metro,taxi transit transportation #5263,56.1
Shopping,Amazon,shoes,186.49
Groceries,Whole Foods,groceries dairy bread #5474,131.44
Transportation,Uber,taxi ride,22.51
Food & Dining,Pizza Hut,meal lunch restaurant,979.86
Transportation,Shell,transportation gas,57.7
Entertainment,Xbox,movie music streaming,27.27
Entertainment,Netflix,movie streaming game,37.06
Groceries,Walmart,food #5148,43.23
Shopping,H&M,accessories #8790,67.66
Groceries,Trader Joes,food meat,164.71
Groceries,Whole Foods,food #2524,180.17
Bills & Utilities,Electric Company,payment #3063,755.29
Others,Miscellaneous,other service payment #8777,286.71
Bills & Utilities,Water Service,service bill #3235,956.7
Healthcare,Walgreens,prescription medical doctor,49.28
Shopping,Best Buy,accessories #9326,252.73
Shopping,H&M,purchase electronics #4978,72.9
Healthcare,Quest Diagnostics,medicine medical,56.13
Entertainment,Steam,entertainment streaming #2414,18.62
Healthcare,Local Clinic,prescription #9818,327.41
Entertainment,Steam,entertainment,11.98
Shopping,H&M,clothes,247.89
Shopping,H&M,purchase shoes clothes,176.12
Healthcare,Local Clinic,medicine #3675,213.46
Others,Various Services,payment,901.34
Groceries,Whole Foods,produce groceries food #1986,174.06
Groceries,Whole Foods,meat produce dairy,109.54
Healthcare,Walgreens,doctor health prescription,148.74
Healthcare,Walgreens,prescription doctor,300.8
Transportation,Lyft,fuel #7892,43.15
Healthcare,Walgreens,doctor #9361,60.07
Healthcare,CVS,prescription medicine health #7341,276.73
Shopping,Best Buy,clothes shoes,49.53
Food & Dining,McDonalds,lunch takeout meal #7342,679.63
Others,Unknown Vendor,other,574.75
Healthcare,Walgreens,health medicine doctor,456.04
Others,Various Services,general other misc,848.34
Bills & Utilities,AT&T,monthly payment service #5661,151.5
Others,Miscellaneous,misc service,586.52
Bills & Utilities,Electric Company,payment,333.65
Entertainment,Spotify,music #7434,36.62
Transportation,Metro,transportation taxi #2122,65.09
Bills & Utilities,Electric Company,service monthly bill,220.3
Healthcare,CVS,health #2511,202.59
Groceries,Safeway,dairy produce groceries,42.65
Others,Various Services,payment general,204.94
Food & Dining,Chipotle,lunch dinner delivery,85.91
Healthcare,Local Clinic,health doctor,97.23
Bills & Utilities,AT&T,monthly utility bill,386.7
Food & Dining,Local Restaurant,lunch meal takeout #7334,134.82
Entertainment,Xbox,entertainment #2521,42.13
Food & Dining,Subway,meal lunch,531.07
Others,Various Services,misc,816.05
Transportation,BP,gas ride taxi #1660,44.39
Others,Various Services,service,713.6
Food & Dining,McDonalds,delivery dinner takeout #2582,958.64
Transportation,Uber,transit,44.53
Others,Unknown Vendor,general,887.39
Others,Various Services,other,700.92
Shopping,Amazon,purchase #1948,48.79
Healthcare,Walgreens,prescription #5503,147.71
Shopping,Best Buy,accessories electronics purchase,78.09
Shopping,Target,purchase accessories clothes,184.23
Food & Dining,Local Restaurant,delivery takeout lunch,906.46
Healthcare,CVS,prescription,213.55
Entertainment,Spotify,game,18.11
Healthcare,CVS,health,242.24
Groceries,Whole Foods,meat groceries,166.93
Entertainment,AMC Theaters,game music streaming,16.25
Others,Miscellaneous,payment,285.37
Bills & Utilities,Verizon,service utility monthly,900.89
Shopping,Nike,accessories,190.44
Transportation,Uber,fuel transportation,37.91
Bills & Utilities,Electric Company,monthly,391.87
Shopping,Best Buy,clothes purchase shoes #7215,130.63
Healthcare,Local Clinic,doctor #9945,107.76
Bills & Utilities,Electric Company,bill,688.15
Shopping,Nike,clothes,216.28
Groceries,Safeway,produce dairy groceries,177.53
Food & Dining,McDonalds,restaurant,54.23
Transportation,BP,transit,30.73
Shopping,Nike,clothes shoes accessories,127.95
Others,Unknown Vendor,service payment other #9774,778.51
Food & Dining,Local Restaurant,restaurant #5722,108.94
Bills & Utilities,AT&T,bill utility service,568.22
Entertainment,AMC Theaters,movie,38.93
Entertainment,Steam,music movie game #1113,48.39
Others,Unknown Vendor,other misc #5228,64.43
Bills & Utilities,Water Service,payment monthly #3924,755.38
Food & Dining,Subway,restaurant,363.93
Others,Various Services,misc service other #7635,905.05
Others,Unknown Vendor,general service,87.43
Food & Dining,Local Restaurant,restaurant,100.66
Healthcare,Walgreens,prescription medical health,296.48
Food & Dining,McDonalds,takeout restaurant,479.12
Groceries,Trader Joes,bread groceries meat,156.6
Healthcare,CVS,health prescription,432.05
Groceries,Trader Joes,meat bread,198.89
Healthcare,Local Clinic,health prescription,25.62
Others,Unknown Vendor,service payment,723.78
Others,Various Services,misc general,464.02
Healthcare,Local Clinic,prescription,86.05
Bills & Utilities,Verizon,bill payment,347.9
Groceries,Kroger,groceries dairy produce,113.07
Others,Miscellaneous,general #7554,208.77
Bills & Utilities,Electric Company,payment,220.78
Others,Various Services,other service general,660.77
Healthcare,Local Clinic,prescription #2526,359.94
Shopping,H&M,clothes electronics,158.15
Food & Dining,Subway,restaurant dinner lunch,584.19
Groceries,Trader Joes,meat #3379,112.26
Shopping,H&M,shoes electronics,250.05
Entertainment,Xbox,game,15.71
Others,Various Services,service general payment #7243,306.56
Shopping,Best Buy,accessories,56.69
Food & Dining,Subway,takeout,768.45
Entertainment,Netflix,streaming,13.73
Food & Dining,Chipotle,dinner #7774,572.01
Shopping,H&M,shoes electronics,199.51
Transportation,Metro,fuel transit gas #6366,55.3
Healthcare,Quest Diagnostics,doctor medicine,37.49
Entertainment,Netflix,movie entertainment game,13.6
Groceries,Trader Joes,bread #8436,131.32
Healthcare,Local Clinic,medical medicine health #6164,330.65
Others,Various Services,payment misc,895.32
Shopping,Target,electronics clothes purchase #6436,127.88
Entertainment,Spotify,game entertainment,22.37
Groceries,Trader Joes,dairy meat,192.03
Bills & Utilities,Electric Company,payment utility bill,889.8
Healthcare,CVS,medical medicine,291.9
Others,Various Services,general misc,666.52
Bills & Utilities,Water Service,service monthly payment #3818,185.67
Groceries,Walmart,food,159.67
Entertainment,Steam,music movie game #3226,42.52
Entertainment,AMC Theaters,music,13.53
Transportation,Uber,transit ride #4765,49.02
Bills & Utilities,Electric Company,utility monthly bill,420.69
Food & Dining,McDonalds,lunch takeout #6813,941.37
Shopping,Nike,electronics purchase accessories #2069,94.74
Groceries,Whole Foods,food produce bread,23.66
Healthcare,CVS,medicine #6806,339.53
Healthcare,Quest Diagnostics,medical health medicine,177.0
Entertainment,Steam,game entertainment,34.38
Bills & Utilities,Verizon,monthly payment service,706.09
Healthcare,CVS,prescription doctor medicine,32.93
Others,Miscellaneous,payment other,655.82
Shopping,Amazon,electronics shoes purchase,238.01
Bills & Utilities,AT&T,service,552.25
Others,Miscellaneous,payment service other,903.2
Entertainment,Steam,streaming movie,45.0
Others,Unknown Vendor,general other,581.91
Groceries,Whole Foods,meat food dairy,174.16
Entertainment,AMC Theaters,music movie entertainment,44.66
Healthcare,Quest Diagnostics,doctor medical,396.92
Food & Dining,McDonalds,lunch delivery #4780,561.58
Groceries,Kroger,produce meat #1611,121.0
Bills & Utilities,Water Service,bill utility,764.32
Bills & Utilities,Water Service,utility bill,593.43
Food & Dining,Pizza Hut,meal,509.03
Healthcare,Walgreens,prescription medical medicine,462.95
Groceries,Kroger,groceries meat dairy,193.47
Food & Dining,Local Restaurant,delivery takeout,666.5
Shopping,Amazon,purchase,282.29
Food & Dining,McDonalds,restaurant takeout,433.69
Healthcare,CVS,medical,465.2
Shopping,H&M,electronics shoes purchase,148.82
Healthcare,Quest Diagnostics,prescription,374.16
Healthcare,Quest Diagnostics,prescription doctor medicine #8746,87.39
Entertainment,Netflix,entertainment #8875,49.97
Entertainment,Xbox,entertainment streaming game,35.77
Others,Unknown Vendor,service #7232,224.02
Others,Unknown Vendor,misc general other,36.86
Healthcare,Quest Diagnostics,doctor,91.35
Others,Unknown Vendor,general payment other #4023,774.47
Shopping,Target,clothes purchase,191.3
Food & Dining,Subway,takeout,181.75
Groceries,Whole Foods,bread groceries,57.59
Healthcare,Local Clinic,doctor,42.67
Healthcare,Quest Diagnostics,medicine prescription,261.0
Food & Dining,Chipotle,meal lunch,997.01
Others,Various Services,service general other,456.33
Food & Dining,Subway,delivery,12.54
Groceries,Walmart,produce groceries #6514,73.42
Groceries,Kroger,produce,179.15
Food & Dining,Chipotle,restaurant delivery meal,693.79
Transportation,Shell,transit transportation #1449,63.22
Food & Dining,Pizza Hut,dinner lunch,352.91
Food & Dining,Local Restaurant,dinner meal,128.92
Food & Dining,Local Restaurant,delivery,713.82
Shopping,Amazon,purchase,140.12
Entertainment,Xbox,entertainment streaming movie,46.03
Healthcare,Walgreens,doctor health prescription,48.98
Entertainment,AMC Theaters,music,17.5
Groceries,Walmart,produce,165.05
Entertainment,Netflix,entertainment #8885,15.92
Transportation,Uber,taxi transit transportation,11.83
Healthcare,Local Clinic,prescription health doctor,225.06
Shopping,Amazon,clothes accessories purchase #9162,294.69
Shopping,Best Buy,electronics clothes accessories #6359,91.28
Food & Dining,McDonalds,takeout delivery,596.19
Shopping,Amazon,shoes,101.68
Entertainment,Xbox,movie,15.8
Groceries,Kroger,food bread,169.99
Groceries,Whole Foods,dairy groceries,194.01
Bills & Utilities,AT&T,service payment,37.84
Entertainment,Steam,streaming music #1842,34.26
Shopping,Best Buy,purchase accessories electronics,95.66
Entertainment,Netflix,movie entertainment #6905,47.84
Healthcare,Walgreens,medicine doctor #6251,85.92
Entertainment,Spotify,entertainment streaming #4660,20.64
Healthcare,Quest Diagnostics,health,140.48
Entertainment,Xbox,entertainment,30.1
Food & Dining,Chipotle,delivery lunch restaurant,358.1
Entertainment,Steam,movie music,40.45
Bills & Utilities,Water Service,utility,552.28
Shopping,Nike,clothes purchase,113.05
Others,Unknown Vendor,general payment,603.22
Groceries,Whole Foods,bread meat,46.84
Bills & Utilities,Verizon,monthly utility bill,494.69
Shopping,Target,purchase,147.44
Shopping,Target,electronics purchase,52.69
Healthcare,CVS,medical,116.57
Groceries,Trader Joes,groceries bread,109.71
Shopping,Amazon,shoes clothes,222.57
Others,Various Services,general service,67.89
Food & Dining,Chipotle,delivery dinner lunch,666.07
Food & Dining,McDonalds,delivery restaurant,258.02
Entertainment,AMC Theaters,game entertainment,39.11
Groceries,Safeway,dairy bread,123.56
Healthcare,Quest Diagnostics,doctor health,344.11
Groceries,Trader Joes,produce #9869,111.32
Bills & Utilities,Electric Company,monthly,769.37
Others,Various Services,service misc general,951.93
Others,Unknown Vendor,payment #8759,55.54
Groceries,Safeway,groceries dairy bread,36.83
Food & Dining,Subway,delivery dinner meal #1105,485.87
Healthcare,Local Clinic,medicine,484.8
Food & Dining,McDonalds,lunch delivery restaurant,702.06
Groceries,Walmart,meat food,73.01
Entertainment,Spotify,game music #8195,41.32
Food & Dining,Chipotle,lunch meal,27.88
Transportation,BP,gas fuel #2700,72.98
Shopping,Amazon,accessories,283.41
Transportation,Metro,taxi gas ride #7174,42.43
Shopping,Amazon,purchase #2234,158.8
Healthcare,Local Clinic,doctor #1086,386.4
Food & Dining,Subway,dinner meal,707.43
Groceries,Walmart,bread dairy,112.82
Transportation,Uber,gas fuel,52.93
Others,Various Services,other payment,247.12
Groceries,Kroger,bread,97.61
Others,Miscellaneous,service other,397.08
Entertainment,Steam,music game streaming,10.27
Bills & Utilities,AT&T,utility payment,318.85
Bills & Utilities,Electric Company,payment service monthly #5829,388.24
Entertainment,Xbox,movie,45.63
Groceries,Walmart,food produce groceries,41.61
Bills & Utilities,AT&T,monthly payment,448.21
Shopping,Nike,electronics,37.64
Others,Various Services,general #2505,435.31
Transportation,Metro,taxi transit transportation #8971,69.6
Transportation,Shell,gas,74.86
Groceries,Kroger,bread dairy groceries,48.66
Others,Various Services,payment,986.72
Others,Various Services,other service general,684.6
Healthcare,CVS,medical medicine health,276.15
Bills & Utilities,Electric Company,utility payment #5059,798.55
Groceries,Safeway,groceries produce dairy,37.58
Healthcare,Quest Diagnostics,medicine health doctor,169.68
Entertainment,Spotify,movie music streaming #1397,49.82
Healthcare,Local Clinic,medical medicine doctor,131.32
Food & Dining,Pizza Hut,dinner #4273,358.51
Others,Unknown Vendor,misc other,336.29
Bills & Utilities,Water Service,service,158.31
Shopping,Nike,shoes clothes #3643,228.48
Entertainment,Steam,entertainment music #5392,33.91
Entertainment,Netflix,game streaming,20.04
Food & Dining,McDonalds,delivery dinner meal,558.26
Shopping,Best Buy,accessories clothes electronics,177.41
Entertainment,Spotify,entertainment movie,45.37
Food & Dining,Subway,restaurant,619.33
Healthcare,Walgreens,medical prescription,298.39
Bills & Utilities,AT&T,service utility bill,501.83
Bills & Utilities,AT&T,utility bill,601.93
Food & Dining,Local Restaurant,restaurant lunch delivery,911.78
Shopping,Nike,clothes electronics accessories,99.11
Healthcare,Quest Diagnostics,health,28.31
Shopping,Best Buy,electronics shoes purchase,241.54
Healthcare,Local Clinic,medicine medical #2599,227.42
Shopping,H&M,clothes purchase,290.34
Shopping,Nike,accessories purchase shoes,218.89
Food & Dining,Chipotle,takeout dinner,972.12
Others,Miscellaneous,misc payment,702.01
Groceries,Walmart,dairy,193.26
Entertainment,Netflix,streaming movie,39.47
Bills & Utilities,Water Service,payment,873.57
Healthcare,CVS,medicine medical,290.09
Others,Various Services,general service payment #9078,874.53
Bills & Utilities,Electric Company,payment bill monthly #7867,577.33
Bills & Utilities,AT&T,bill service utility #1792,763.32
Healthcare,Local Clinic,health,207.83
Groceries,Whole Foods,meat #7304,108.45
Bills & Utilities,Verizon,utility payment service #5092,206.19
Shopping,Best Buy,accessories clothes electronics,214.47
Shopping,Best Buy,accessories,107.46
Groceries,Trader Joes,food bread,39.79
Transportation,Shell,fuel gas,57.06
Groceries,Trader Joes,meat food bread,114.07
Food & Dining,McDonalds,dinner lunch takeout,562.73
Healthcare,CVS,health #4247,233.61
Bills & Utilities,Electric Company,payment bill monthly #2901,49.3
Groceries,Whole Foods,dairy food,165.78
Entertainment,AMC Theaters,movie #3821,26.71
Food & Dining,Subway,dinner meal,475.64
Others,Miscellaneous,general other,317.53
Bills & Utilities,Water Service,monthly service bill,285.98
Bills & Utilities,Water Service,payment monthly bill,55.07
Groceries,Trader Joes,meat,24.05
Transportation,BP,fuel transportation gas #2958,33.92
Healthcare,Local Clinic,medical medicine health,492.44
Food & Dining,Subway,delivery dinner lunch,862.8
Bills & Utilities,Electric Company,utility monthly service,774.66
Transportation,Metro,gas #7793,49.11
Transportation,BP,fuel taxi,44.22
Others,Unknown Vendor,misc service,598.17
Shopping,Nike,purchase accessories shoes,196.34
Shopping,H&M,accessories purchase,138.05
Food & Dining,Subway,delivery takeout dinner,743.89
Transportation,Lyft,transit #9527,55.47
Entertainment,AMC Theaters,game streaming music #5360,43.15
Bills & Utilities,AT&T,bill,620.43
Healthcare,CVS,medicine prescription #3995,131.84
Entertainment,Steam,music entertainment,22.01
Healthcare,Walgreens,medical prescription medicine,172.57
Food & Dining,Local Restaurant,delivery dinner,374.79
Entertainment,AMC Theaters,streaming movie entertainment,47.06
Shopping,H&M,shoes,231.06
Healthcare,Walgreens,medical medicine health #4406,163.82
Healthcare,CVS,medicine doctor medical #9547,317.06
Transportation,Metro,ride transportation fuel,34.97
Healthcare,CVS,medical health,440.86
Transportation,Metro,ride,6.91
Food & Dining,McDonalds,restaurant delivery,304.58
Transportation,Shell,taxi transit,50.89
Transportation,Metro,transportation #1606,37.64
Food & Dining,Pizza Hut,meal takeout restaurant,67.77
Entertainment,AMC Theaters,entertainment,36.25
Transportation,Lyft,fuel #7117,53.57
Groceries,Walmart,groceries produce #8215,49.05
Healthcare,Quest Diagnostics,medicine prescription #3284,374.96
Transportation,Shell,fuel #5862,34.86
Food & Dining,Pizza Hut,dinner,951.6
Shopping,Target,shoes,183.95
Healthcare,Walgreens,prescription #1929,193.52
Others,Various Services,service misc general #2295,248.97
Transportation,Lyft,ride gas fuel,6.66
Bills & Utilities,Electric Company,utility #7838,715.22
Bills & Utilities,Verizon,utility monthly payment,906.75
Others,Various Services,service other misc,698.1
Shopping,H&M,clothes,293.3
Others,Various Services,payment #5490,425.87
Transportation,Uber,ride gas #9756,69.89
Food & Dining,Pizza Hut,dinner,49.93
Food & Dining,McDonalds,delivery lunch,365.34
Food & Dining,Subway,takeout meal,844.26
Groceries,Safeway,groceries meat food,198.2
Entertainment,Xbox,movie,48.25
Entertainment,AMC Theaters,movie entertainment #7212,21.17
Entertainment,Xbox,game movie music,11.14
Entertainment,Netflix,movie #6925,42.37
Food & Dining,McDonalds,dinner,451.15
Healthcare,Local Clinic,medicine prescription,132.18
Healthcare,Quest Diagnostics,health doctor,205.25
Healthcare,CVS,medicine medical #4735,195.57
Shopping,Nike,electronics shoes,32.61
Food & Dining,Pizza Hut,meal delivery lunch,838.36
Entertainment,Netflix,game movie streaming,40.44
Transportation,Metro,transportation,35.09
Groceries,Safeway,meat produce dairy,70.97
Healthcare,Quest Diagnostics,medical,72.41
Transportation,Shell,transit taxi gas #5162,21.87
Others,Miscellaneous,misc payment,812.94
Groceries,Walmart,dairy meat food,191.01
Entertainment,Steam,game,32.1
Entertainment,Spotify,game entertainment streaming,39.19
Groceries,Whole Foods,food,149.83
Entertainment,AMC Theaters,game,12.98
Groceries,Safeway,produce #9627,184.03
Others,Miscellaneous,other,688.62
Food & Dining,Chipotle,takeout delivery meal #8341,36.71
Transportation,Metro,taxi gas ride,5.52
Groceries,Safeway,produce meat,157.81
Groceries,Walmart,produce meat,145.39
Food & Dining,Subway,meal takeout delivery,309.86
Others,Miscellaneous,payment general service,245.36
Transportation,Shell,ride gas,14.87
Transportation,Uber,gas ride fuel,75.51
Food & Dining,Local Restaurant,takeout,106.56
Shopping,H&M,electronics,126.66
Entertainment,Steam,music game,25.32
Others,Miscellaneous,general,793.38
Food & Dining,Local Restaurant,dinner takeout lunch,228.37
Groceries,Walmart,produce,31.95
Groceries,Safeway,food produce meat #2895,190.48
Shopping,Amazon,purchase #4448,49.02
Shopping,H&M,electronics #5307,40.75
Transportation,Shell,taxi,71.68
Transportation,Shell,transit fuel taxi,29.01
Shopping,Amazon,shoes #3583,88.06
Transportation,Metro,gas ride,47.35
Groceries,Kroger,meat,90.5
Transportation,Shell,fuel gas,37.61
Food & Dining,Subway,dinner,742.43
Food & Dining,Local Restaurant,delivery lunch meal #2729,578.74
Entertainment,Netflix,streaming #2397,25.38
Bills & Utilities,Verizon,bill #3252,192.07
Groceries,Kroger,groceries food meat,49.55
Others,Unknown Vendor,general,787.72
Food & Dining,McDonalds,delivery,300.0
Groceries,Walmart,food #5059,164.65
Others,Unknown Vendor,misc service payment,169.28
Shopping,H&M,purchase electronics shoes #3241,26.28
Food & Dining,Pizza Hut,lunch meal #4326,319.57
Transportation,BP,gas fuel,18.99
Healthcare,Walgreens,doctor #3794,179.91
Others,Miscellaneous,general misc service,497.44
Food & Dining,Chipotle,takeout,51.99
Food & Dining,Subway,meal,340.01
Food & Dining,Chipotle,delivery meal,516.33
Entertainment,Netflix,game,24.47
Groceries,Kroger,food meat dairy,137.82
Transportation,Metro,gas transit fuel #2179,73.07
Entertainment,AMC Theaters,entertainment,35.32
Entertainment,AMC Theaters,music entertainment,40.97
Healthcare,Local Clinic,medical prescription health,227.09
Groceries,Whole Foods,produce food dairy,39.38
Healthcare,CVS,medicine doctor,151.15
Entertainment,AMC Theaters,game music entertainment #3513,42.39
Transportation,Shell,transit,68.09
Healthcare,Quest Diagnostics,doctor,101.76
Bills & Utilities,Verizon,bill utility payment,293.76
Food & Dining,Pizza Hut,delivery #1776,732.14
Groceries,Walmart,bread,53.17
Food & Dining,Chipotle,delivery takeout #4285,194.79
Entertainment,Netflix,entertainment #8868,34.07
Healthcare,Walgreens,doctor medical,362.78
Groceries,Whole Foods,bread food produce #8158,61.56
Healthcare,Local Clinic,medical,245.76
Groceries,Trader Joes,produce dairy bread,184.32
Groceries,Whole Foods,groceries,178.18
Groceries,Walmart,groceries meat food,144.23
Bills & Utilities,Water Service,monthly,798.69
Bills & Utilities,Verizon,utility,188.22
Shopping,Nike,accessories #7544,280.2
Transportation,Shell,gas,54.5
Transportation,Lyft,taxi #9316,78.52
Healthcare,Local Clinic,health,133.31
Healthcare,Quest Diagnostics,health doctor,168.47
Others,Unknown Vendor,payment general other,839.61
Others,Various Services,other,140.63
Food & Dining,Pizza Hut,lunch delivery,562.46
Entertainment,Spotify,music,13.59
Transportation,Uber,ride taxi transit,16.48
Bills & Utilities,Electric Company,monthly service bill,196.55
Groceries,Whole Foods,dairy food meat #1247,174.28
Bills & Utilities,Electric Company,utility service payment,735.76
Bills & Utilities,AT&T,utility bill payment,171.65
Entertainment,Xbox,music game streaming #1589,29.68
Shopping,H&M,shoes purchase clothes,165.55
Groceries,Kroger,dairy food produce,28.13
Others,Unknown Vendor,general other,366.92
Others,Various Services,payment service #8672,612.98
Transportation,BP,taxi,55.01
Bills & Utilities,Verizon,utility payment,188.1
Others,Unknown Vendor,misc #3776,823.83
Bills & Utilities,AT&T,service,785.08
Others,Miscellaneous,payment general,427.65
Groceries,Kroger,dairy #1335,165.52
Groceries,Safeway,bread groceries,48.08
Entertainment,AMC Theaters,music #2669,24.47
Healthcare,CVS,health,437.43
Others,Various Services,misc service payment #4561,87.12
Bills & Utilities,AT&T,utility service,327.71
Transportation,Shell,taxi #9061,59.91
Food & Dining,Subway,dinner,641.62
Groceries,Safeway,meat bread produce,34.5
Others,Unknown Vendor,misc payment general,636.39
Healthcare,CVS,prescription medical #1245,76.43
Bills & Utilities,Water Service,payment bill monthly #1555,327.44
Healthcare,CVS,medical #2409,398.17
Shopping,H&M,shoes #6730,119.63
Groceries,Whole Foods,meat bread,58.22
Transportation,Metro,gas transportation transit,33.63
Shopping,Nike,clothes shoes accessories #8900,129.28
Transportation,Shell,fuel taxi transit #2749,46.79
Groceries,Safeway,dairy #5084,139.34
Transportation,BP,taxi,64.41
Entertainment,AMC Theaters,movie #3025,44.3
Entertainment,Steam,game entertainment,17.49
Others,Miscellaneous,service other general #4232,179.65
Shopping,Target,clothes purchase,55.98
Entertainment,Spotify,game,12.67
Food & Dining,Chipotle,restaurant delivery,132.01
Transportation,Lyft,gas transit,51.85
Food & Dining,Chipotle,meal,428.91
Bills & Utilities,Water Service,monthly,909.89
Others,Miscellaneous,general payment #3483,663.85
Food & Dining,McDonalds,dinner,550.6
Entertainment,Xbox,game streaming entertainment #2812,33.42
Healthcare,Quest Diagnostics,medicine prescription,55.91
Bills & Utilities,Electric Company,utility monthly service,132.05
Others,Miscellaneous,payment general other #6031,482.33
Groceries,Safeway,produce meat dairy,156.19
Food & Dining,Local Restaurant,takeout lunch dinner,525.55
Shopping,H&M,electronics shoes #7900,173.1
Transportation,Shell,gas,11.47
Healthcare,Walgreens,medicine,388.04
Groceries,Walmart,dairy meat groceries #9169,100.99
Entertainment,Spotify,game music,20.35
Bills & Utilities,AT&T,bill utility monthly #3676,776.7
Shopping,Nike,electronics shoes purchase,32.92
Shopping,Target,electronics shoes,230.93
Food & Dining,Local Restaurant,meal restaurant takeout,575.25
Others,Miscellaneous,other,923.19
Groceries,Whole Foods,meat groceries bread #8239,95.34
Shopping,Target,accessories shoes #5568,90.18
Groceries,Trader Joes,food produce dairy,22.08
Healthcare,CVS,doctor health medical,468.05
Shopping,Best Buy,accessories purchase,158.62
Groceries,Kroger,bread food #6594,41.79
Bills & Utilities,Water Service,bill payment utility #2258,475.56
Groceries,Safeway,groceries,44.99
Bills & Utilities,Electric Company,utility service,137.88
Others,Miscellaneous,other general misc,37.37
Healthcare,Local Clinic,prescription,263.96
Entertainment,Steam,game #8140,30.09
Bills & Utilities,Electric Company,payment #8088,231.76
Healthcare,CVS,prescription,101.57
Shopping,Amazon,shoes,87.03
Food & Dining,Chipotle,delivery dinner,388.68
Bills & Utilities,Electric Company,utility,478.42
Healthcare,Quest Diagnostics,medicine,497.91
Others,Unknown Vendor,general other #2326,529.72
Groceries,Walmart,meat,77.49
Others,Miscellaneous,payment other service #5504,705.31
Groceries,Kroger,bread dairy produce,71.93
Healthcare,Walgreens,medical prescription health #8631,68.41
Healthcare,Walgreens,health doctor medicine,199.63
Groceries,Whole Foods,groceries produce food,129.55
Groceries,Whole Foods,produce food,193.97
Others,Various Services,service other payment #9499,952.5
Groceries,Whole Foods,meat food groceries #5266,106.76
Transportation,Shell,taxi,46.33
Groceries,Kroger,dairy #3340,163.82
Groceries,Whole Foods,meat food dairy #7997,196.37
Bills & Utilities,Verizon,service monthly payment,402.72
Shopping,Nike,purchase electronics clothes #8742,75.04
Food & Dining,McDonalds,lunch meal #8448,201.96
Shopping,Amazon,accessories,178.18
Food & Dining,McDonalds,lunch restaurant,139.37
Groceries,Trader Joes,food dairy produce,82.01
Bills & Utilities,Verizon,payment #4637,805.88
Shopping,H&M,purchase accessories shoes #2848,194.2
Bills & Utilities,Electric Company,monthly bill,658.05
Food & Dining,Local Restaurant,delivery,456.95
Shopping,Amazon,clothes shoes,217.01
Shopping,Best Buy,accessories #5927,251.63
Food & Dining,Subway,meal restaurant,511.65
Transportation,BP,taxi gas,34.7
Groceries,Safeway,dairy food groceries,128.01
Entertainment,Xbox,streaming game music #8934,22.84
Shopping,Best Buy,shoes accessories purchase #4974,54.78
Healthcare,Walgreens,medicine doctor health #2869,498.22
Food & Dining,Pizza Hut,takeout,246.7
Entertainment,Spotify,music movie streaming,43.07
Entertainment,Steam,game movie,15.58
Transportation,BP,transportation ride taxi #8579,75.96
Groceries,Walmart,meat #3080,117.19
Shopping,Best Buy,purchase,192.32
Bills & Utilities,Verizon,monthly bill,602.67
Shopping,Best Buy,purchase,134.42
Healthcare,CVS,medical prescription #9354,460.99
Transportation,Metro,fuel gas #8787,73.07
Shopping,Target,accessories shoes #8974,27.18
Healthcare,Walgreens,medicine medical prescription,400.48
Food & Dining,Pizza Hut,restaurant meal takeout #5541,696.61
Shopping,Target,shoes clothes,118.47
Others,Unknown Vendor,other,768.67
Food & Dining,Chipotle,takeout,891.58
Others,Various Services,general other,383.74
Food & Dining,Chipotle,meal takeout,865.09
Bills & Utilities,Water Service,bill #5802,311.77
Food & Dining,Pizza Hut,takeout,593.83
Food & Dining,Subway,lunch restaurant,402.53
Food & Dining,Subway,meal #4033,150.04
Shopping,Amazon,accessories purchase #6333,54.67
Entertainment,Netflix,entertainment movie game,12.65
Food & Dining,Chipotle,lunch #6334,249.98
Food & Dining,McDonalds,meal restaurant,41.46
Food & Dining,Local Restaurant,lunch dinner,296.16
Others,Miscellaneous,service,629.3
Entertainment,Xbox,music movie,34.15
Food & Dining,Subway,takeout restaurant,570.13
Bills & Utilities,Electric Company,bill service,947.95
Food & Dining,Local Restaurant,delivery lunch meal,851.95
Transportation,Lyft,transportation transit,38.6
Bills & Utilities,AT&T,service utility #8628,414.28
Healthcare,Quest Diagnostics,health doctor,225.8
Shopping,H&M,accessories,70.53
Groceries,Kroger,produce groceries,106.24
Bills & Utilities,AT&T,service,39.93
Groceries,Kroger,groceries produce,188.74
Healthcare,Local Clinic,medicine,435.97
Bills & Utilities,Electric Company,payment utility monthly,677.56
Food & Dining,McDonalds,dinner delivery #8276,661.11
Groceries,Trader Joes,food groceries,120.88
Entertainment,Steam,movie,47.05
Healthcare,Walgreens,medical,149.77
Healthcare,Quest Diagnostics,prescription,128.91
Healthcare,CVS,medicine health,392.52
Others,Unknown Vendor,payment,234.63
Shopping,H&M,accessories purchase #6863,176.78
Transportation,Uber,taxi transit #6348,21.18
Transportation,Shell,transit transportation gas #2680,69.09
Bills & Utilities,Verizon,utility service payment,167.56
Food & Dining,McDonalds,meal,593.28
Healthcare,Walgreens,prescription doctor medicine,326.46
Transportation,Lyft,gas fuel,60.74
Shopping,Target,accessories clothes shoes,131.18
Entertainment,AMC Theaters,game entertainment movie,47.57
Bills & Utilities,AT&T,service #5534,301.2
Shopping,Amazon,purchase shoes accessories #3292,140.33
Shopping,Target,shoes #1841,142.42
Bills & Utilities,AT&T,service monthly payment,267.53
Others,Unknown Vendor,general service,191.42
Entertainment,Xbox,music,36.7
Bills & Utilities,Water Service,monthly,639.84
Food & Dining,McDonalds,lunch,72.63
Others,Miscellaneous,misc service,636.11
Transportation,Uber,fuel gas transportation,34.88
Entertainment,Netflix,music #5930,17.62
Food & Dining,Subway,delivery takeout meal,923.3
Others,Various Services,payment other misc,740.98
Entertainment,Xbox,streaming,26.8
Healthcare,Walgreens,health,100.89
Others,Miscellaneous,payment other,151.85
Healthcare,Local Clinic,doctor medicine #7360,475.12
Food & Dining,Local Restaurant,lunch takeout #6739,109.07
Entertainment,Spotify,game,49.51
Others,Miscellaneous,general,219.82
Groceries,Walmart,groceries produce bread,22.2
Healthcare,CVS,medicine,451.68
Others,Various Services,payment other general,942.21
Others,Miscellaneous,payment,275.15
Others,Unknown Vendor,service general payment,70.03
Bills & Utilities,Electric Company,service utility #9196,731.8
Bills & Utilities,Verizon,utility payment monthly,629.97
Bills & Utilities,Water Service,bill service,147.52
Bills & Utilities,AT&T,payment #3984,108.93
Shopping,Best Buy,purchase,31.3
Healthcare,Quest Diagnostics,medicine,312.68
Healthcare,Walgreens,medicine #9031,308.0
Groceries,Trader Joes,meat food,181.26
Transportation,Lyft,ride,55.09
Groceries,Trader Joes,bread meat dairy,192.57
Entertainment,AMC Theaters,music,39.31
Others,Unknown Vendor,general,119.12
Food & Dining,Local Restaurant,takeout dinner,268.27
Shopping,Best Buy,shoes purchase,86.87
Others,Unknown Vendor,other general,348.0
Others,Miscellaneous,service,891.5
Groceries,Trader Joes,food dairy,20.67
Bills & Utilities,Verizon,utility payment,484.96
Food & Dining,Chipotle,lunch dinner restaurant,86.02
Groceries,Trader Joes,groceries,74.32
Healthcare,Local Clinic,prescription medical medicine #7004,379.03
Bills & Utilities,Electric Company,service #2504,352.39
Entertainment,AMC Theaters,streaming entertainment,39.44
Bills & Utilities,Water Service,service,975.37
Groceries,Kroger,food dairy,85.25
Healthcare,Quest Diagnostics,doctor,413.42
Food & Dining,Pizza Hut,meal,847.38
Healthcare,Walgreens,medical,342.52
Transportation,Lyft,ride fuel #6748,5.29
Shopping,H&M,clothes electronics shoes,38.0
Groceries,Kroger,food produce dairy,54.34
Others,Miscellaneous,other misc general,814.29
Groceries,Kroger,meat,176.93
Shopping,H&M,accessories clothes purchase,96.94
Transportation,BP,transportation gas taxi #6755,49.68
Transportation,Lyft,ride,55.89
Groceries,Walmart,meat,38.45
Food & Dining,Pizza Hut,lunch meal,685.24
Food & Dining,Chipotle,meal #6953,825.4
Entertainment,Netflix,movie streaming music #5049,36.28
Bills & Utilities,Water Service,utility bill #2020,804.11
Entertainment,Spotify,streaming movie game #7328,19.84
Transportation,Uber,transportation transit ride #6819,33.01
Food & Dining,Subway,meal,897.19
Bills & Utilities,AT&T,monthly payment utility #6670,505.29
Healthcare,CVS,health medicine doctor,368.98
Others,Various Services,other general,596.45
Others,Various Services,payment misc general,14.13
Bills & Utilities,Water Service,monthly utility bill #7575,920.07
Healthcare,Local Clinic,health medical,421.28
Entertainment,AMC Theaters,streaming entertainment game #1107,30.96
Healthcare,Walgreens,medicine medical,454.24
Shopping,H&M,accessories,225.25
Transportation,Shell,gas ride taxi #5553,26.48
Shopping,Best Buy,accessories electronics clothes,226.15
Others,Unknown Vendor,other,986.37
Food & Dining,Subway,delivery,226.73
Shopping,Target,shoes clothes electronics,259.07
Bills & Utilities,Electric Company,payment bill utility,901.99
Bills & Utilities,AT&T,payment monthly,785.44
Entertainment,Netflix,music streaming #9618,40.36
Groceries,Whole Foods,bread produce food #6742,78.45
Shopping,H&M,clothes purchase shoes,243.78
Food & Dining,Chipotle,dinner lunch meal #6456,853.52
Shopping,Nike,accessories purchase,138.17
Entertainment,Xbox,streaming,30.46
Bills & Utilities,AT&T,bill monthly service,150.8
Others,Unknown Vendor,misc service other,599.46
Groceries,Kroger,meat food #8423,132.81
Healthcare,Quest Diagnostics,medicine #5727,400.94
Food & Dining,McDonalds,dinner delivery takeout,427.05
Bills & Utilities,Verizon,payment,568.03
Groceries,Whole Foods,groceries food #1226,42.26
Food & Dining,Local Restaurant,meal dinner lunch,40.48
Healthcare,Quest Diagnostics,medical medicine #1962,150.36
Groceries,Safeway,food,117.54
Healthcare,Walgreens,medical health doctor,412.2
Groceries,Walmart,produce food,101.94
Food & Dining,Chipotle,lunch dinner,359.61
Bills & Utilities,Electric Company,service monthly,528.19
Transportation,Metro,ride transportation taxi #3587,78.32
Others,Unknown Vendor,general,438.96
Groceries,Walmart,groceries meat food #6906,117.42
Groceries,Kroger,dairy produce #5446,74.37
Shopping,Best Buy,purchase,105.62
Entertainment,Xbox,music entertainment,34.68
Shopping,Target,electronics accessories shoes,298.66
Transportation,Metro,gas transportation fuel,44.59
Transportation,Uber,ride,44.01
Shopping,H&M,clothes electronics,202.73
Transportation,Metro,gas transportation,65.51
Food & Dining,Pizza Hut,meal takeout,894.29
Transportation,Metro,fuel transit taxi #6729,32.49
Shopping,H&M,accessories #6262,213.49
Groceries,Walmart,meat #6062,138.51
Food & Dining,Chipotle,restaurant takeout lunch #4751,569.3
Others,Miscellaneous,other,944.69
Transportation,Lyft,transportation gas ride,30.74
Bills & Utilities,AT&T,monthly,433.92
Others,Miscellaneous,general service,869.06
Food & Dining,Pizza Hut,takeout dinner,668.93
Groceries,Trader Joes,groceries produce bread,95.59
Others,Miscellaneous,payment misc #5491,202.02
Healthcare,Quest Diagnostics,doctor,111.74
Groceries,Trader Joes,produce dairy,122.81
Food & Dining,McDonalds,takeout #3644,531.38
Healthcare,Local Clinic,medical doctor medicine,76.61
Food & Dining,Subway,restaurant,847.56
Healthcare,CVS,prescription medicine,256.93
Transportation,Uber,gas transit fuel #2127,33.05
Others,Various Services,other general #1737,595.39
Healthcare,Local Clinic,prescription medicine medical,312.9
Entertainment,Steam,streaming entertainment movie #6640,19.78
Groceries,Kroger,food meat produce #1972,148.5
Others,Miscellaneous,payment #7750,280.42
Healthcare,Local Clinic,prescription,330.48
Entertainment,Spotify,entertainment #5636,14.24
Transportation,Uber,fuel #3722,59.42
Others,Various Services,other service misc #8302,724.2
Food & Dining,Subway,restaurant takeout,293.44
Others,Various Services,general,707.69
Groceries,Walmart,meat bread produce #3728,112.68
Entertainment,Steam,entertainment movie #3834,44.25
Healthcare,Local Clinic,medicine doctor health,180.87
Entertainment,Xbox,movie music entertainment,20.73
Bills & Utilities,AT&T,monthly,250.77
Others,Various Services,service misc general,486.84
Others,Miscellaneous,service other misc,182.19
Entertainment,Netflix,entertainment streaming music,41.63
Shopping,Amazon,clothes electronics purchase,153.07
Healthcare,Local Clinic,medicine #6648,477.73
Others,Miscellaneous,general,373.38
Food & Dining,Pizza Hut,dinner delivery,900.41
Shopping,Best Buy,accessories purchase,190.35
Groceries,Trader Joes,produce,102.75
Groceries,Trader Joes,groceries produce,74.97
Bills & Utilities,Electric Company,service,516.5
Shopping,Best Buy,shoes clothes,44.83
Transportation,BP,transportation,25.84
Entertainment,Netflix,music game entertainment,13.52
Others,Unknown Vendor,service,510.15
Healthcare,Local Clinic,prescription medical health #4046,144.36
Transportation,Metro,transit,51.18
Others,Miscellaneous,payment,671.47
Shopping,Target,purchase electronics accessories,92.58
Bills & Utilities,Electric Company,utility service,238.23
Groceries,Whole Foods,produce,193.7
Shopping,Target,accessories shoes,151.76
Healthcare,CVS,doctor #1667,468.58
Transportation,Lyft,taxi,29.9
Healthcare,CVS,health medicine,126.98
Healthcare,Quest Diagnostics,medical,284.42
Entertainment,Steam,streaming music,49.75
Food & Dining,Local Restaurant,restaurant,343.76
Bills & Utilities,Water Service,payment service,269.41
Bills & Utilities,AT&T,payment utility #2790,776.81
Others,Unknown Vendor,service,682.32
Bills & Utilities,Electric Company,utility #2014,134.91
Others,Unknown Vendor,payment misc,213.57
Healthcare,Walgreens,medicine medical prescription #6021,440.01
Groceries,Walmart,meat #9254,124.08
Healthcare,Local Clinic,prescription #7960,358.28
Transportation,Lyft,ride taxi fuel #9545,33.51
Groceries,Trader Joes,groceries,70.27
Food & Dining,Local Restaurant,dinner takeout restaurant #8792,507.51
Others,Unknown Vendor,general,721.63
Groceries,Walmart,dairy,59.25
Transportation,Uber,ride,31.05
Entertainment,Netflix,streaming,36.04
Transportation,Uber,transportation fuel,58.07
Transportation,Uber,fuel transit ride,17.13
Food & Dining,Local Restaurant,dinner meal #3512,267.2
Entertainment,Steam,streaming movie,15.9
Groceries,Safeway,dairy,178.87
Others,Unknown Vendor,payment general #9650,987.98
Food & Dining,Chipotle,restaurant lunch,631.15
Others,Miscellaneous,misc #8626,74.56
Entertainment,Spotify,entertainment game,20.01
Food & Dining,Local Restaurant,delivery dinner restaurant,57.66
Shopping,Amazon,purchase clothes,242.79
Entertainment,Netflix,entertainment,15.86
Food & Dining,Local Restaurant,dinner lunch,178.98
Healthcare,CVS,doctor medicine prescription #1794,404.89
Healthcare,Quest Diagnostics,health,200.43
Entertainment,Netflix,streaming entertainment,21.02
Bills & Utilities,Electric Company,bill payment utility,600.19
Healthcare,Local Clinic,medical prescription,441.55
Others,Unknown Vendor,payment,650.56
Others,Miscellaneous,other,325.18
Others,Various Services,misc other service,569.47
Groceries,Safeway,meat produce food,104.09
Entertainment,AMC Theaters,entertainment #2933,31.93
Bills & Utilities,AT&T,utility bill,402.26
Entertainment,Netflix,streaming #6928,32.55
Transportation,BP,transportation,5.27
Transportation,Uber,transportation ride gas,65.37
Groceries,Whole Foods,dairy produce,188.76
Entertainment,Spotify,music,44.63
Bills & Utilities,AT&T,bill,21.51
Others,Unknown Vendor,service payment general,877.61
Bills & Utilities,Verizon,utility bill #6424,464.91
Transportation,Shell,transit gas,26.51
Bills & Utilities,Verizon,payment #6013,302.05
Groceries,Safeway,groceries produce,179.53
Groceries,Walmart,bread,104.79
Shopping,Target,accessories,233.12
Healthcare,Walgreens,prescription,191.72
Entertainment,Steam,streaming,46.2
Shopping,Best Buy,clothes purchase electronics,93.48
Transportation,Lyft,fuel #6421,25.31
Entertainment,Netflix,entertainment game,27.49
Transportation,Lyft,gas,33.44
Healthcare,Quest Diagnostics,doctor #3752,355.34
Transportation,Uber,transportation taxi ride,32.01
Bills & Utilities,Water Service,monthly #6191,69.27
Groceries,Safeway,food groceries bread,183.23
Healthcare,Local Clinic,health #4823,206.77
Bills & Utilities,Verizon,monthly bill,428.04
Transportation,Shell,taxi,63.91
Transportation,Lyft,transportation transit ride,25.8
Shopping,Amazon,purchase,141.95
Food & Dining,Pizza Hut,delivery dinner takeout,996.3
Entertainment,Netflix,entertainment,45.57
Shopping,Nike,purchase accessories,136.61
Food & Dining,Chipotle,restaurant meal,535.83
Food & Dining,Local Restaurant,delivery lunch,855.25
Groceries,Trader Joes,bread meat,130.94
Shopping,Target,clothes electronics,39.73
Bills & Utilities,Electric Company,payment,669.01
Transportation,Metro,taxi fuel,11.2
Food & Dining,Chipotle,takeout dinner lunch,77.47
Transportation,Metro,transportation transit,44.63
Healthcare,Local Clinic,health medicine medical,127.03
Transportation,BP,transit transportation fuel,77.53
Shopping,Target,electronics shoes,40.67
Bills & Utilities,Verizon,utility bill service,192.23
Entertainment,Spotify,movie streaming entertainment #3301,11.13
Food & Dining,McDonalds,restaurant dinner,899.31
Transportation,Lyft,transportation,22.88
Groceries,Trader Joes,meat bread dairy,152.31
Food & Dining,Pizza Hut,meal lunch #3222,559.26
Others,Various Services,misc #6097,931.45
Groceries,Trader Joes,dairy,82.4
Groceries,Safeway,groceries,186.92
Others,Various Services,other service payment,53.36
Food & Dining,McDonalds,restaurant meal lunch,263.47
Entertainment,Xbox,streaming game entertainment,36.98
Entertainment,Xbox,entertainment movie music,17.52
Shopping,Amazon,purchase accessories,161.25
Food & Dining,Local Restaurant,takeout,914.12
Food & Dining,Pizza Hut,takeout dinner #6537,810.37
Food & Dining,Chipotle,meal restaurant takeout,622.97
Others,Unknown Vendor,misc payment,616.26
Shopping,Nike,purchase accessories clothes,16.35
Food & Dining,McDonalds,meal restaurant lunch,628.38
Others,Unknown Vendor,payment other service,991.2
Groceries,Walmart,dairy produce,37.1
Entertainment,Steam,streaming movie entertainment,32.27
Food & Dining,Local Restaurant,restaurant takeout dinner,803.45
Shopping,Target,clothes accessories purchase,281.65
Food & Dining,Subway,delivery,398.67
Healthcare,Local Clinic,medical,197.88
Bills & Utilities,Water Service,payment service monthly,663.64
Groceries,Kroger,produce bread,170.4
Shopping,Target,electronics purchase #9345,258.74
Shopping,Amazon,accessories,80.22
Healthcare,CVS,medicine health,246.75
Healthcare,Local Clinic,doctor health medicine,130.26
Transportation,Shell,gas #6732,44.73
Shopping,Nike,shoes clothes,173.69
Bills & Utilities,Water Service,bill payment,708.44
Entertainment,Netflix,streaming music game,22.45
Groceries,Safeway,bread groceries #5107,52.71
Shopping,H&M,accessories,261.25
Shopping,Amazon,shoes purchase #1475,78.21
Others,Various Services,payment,843.73
Entertainment,Netflix,entertainment movie game,29.08
Groceries,Safeway,dairy produce bread,36.68
Healthcare,Local Clinic,medical #7971,337.49
Groceries,Walmart,meat #7837,164.1
Bills & Utilities,Verizon,payment,874.34
Healthcare,Walgreens,medical,27.38
Groceries,Safeway,produce groceries food,161.07
Transportation,Metro,taxi gas transportation,19.32
Shopping,Amazon,clothes purchase electronics #1149,52.79
Healthcare,Walgreens,health,314.43
Transportation,Lyft,fuel,6.44
Transportation,BP,taxi,72.22
Shopping,Nike,electronics clothes #2814,57.44
Transportation,Metro,transportation gas,30.48
Bills & Utilities,AT&T,payment service bill #3988,410.36
Bills & Utilities,Verizon,payment service,686.49
Entertainment,AMC Theaters,streaming movie #8697,19.78
Groceries,Walmart,meat #1425,168.32
Shopping,H&M,shoes electronics,33.38
Food & Dining,Local Restaurant,delivery,507.62
Healthcare,CVS,health prescription #1296,117.02
Shopping,H&M,accessories #9523,48.6
Food & Dining,McDonalds,takeout dinner #4129,924.11
Others,Miscellaneous,service other,487.22
Shopping,H&M,accessories clothes electronics,47.42
Groceries,Walmart,bread produce food #3790,118.57
Transportation,Uber,fuel,35.36
Groceries,Whole Foods,produce bread groceries,156.08
Shopping,Amazon,electronics accessories shoes #8395,225.6
Entertainment,AMC Theaters,movie music,16.86
Transportation,Lyft,transportation gas #3018,51.51
Transportation,Metro,ride gas #2548,20.98
Bills & Utilities,Water Service,utility,195.68
Bills & Utilities,Verizon,utility payment service #8641,297.4
Transportation,Metro,transit taxi gas,41.87
Transportation,Uber,gas transit #3203,64.49
Shopping,Amazon,clothes shoes #2895,163.1
Transportation,Shell,transportation gas #9115,69.59
Shopping,Target,shoes,218.24
Transportation,Metro,transit ride fuel #2609,33.43
Entertainment,Netflix,game entertainment movie,38.99
Healthcare,Walgreens,medical #6722,105.84
Groceries,Whole Foods,bread,23.09
Food & Dining,Local Restaurant,dinner meal delivery,76.58
Others,Unknown Vendor,other general misc #5171,613.61
Entertainment,Steam,streaming,20.8
Healthcare,CVS,doctor health,344.03
Food & Dining,Subway,dinner lunch,981.05
Groceries,Safeway,groceries meat dairy,180.27
Others,Various Services,general payment,954.19
Bills & Utilities,Verizon,service,41.28
Groceries,Trader Joes,food,184.7
Entertainment,AMC Theaters,game music entertainment,39.08
Healthcare,Local Clinic,prescription,135.05
Entertainment,Steam,game music,12.48
Others,Miscellaneous,service misc #8724,34.52
Others,Miscellaneous,general,327.22
Others,Unknown Vendor,other misc service,869.03
Entertainment,Spotify,game music entertainment #5578,25.45
Others,Unknown Vendor,payment service,913.2
Others,Unknown Vendor,other,73.55
Food & Dining,Pizza Hut,delivery,39.28
Shopping,H&M,electronics,72.85
Bills & Utilities,AT&T,monthly utility,338.59
Bills & Utilities,Verizon,bill monthly service,785.85
Bills & Utilities,Verizon,payment,817.3
Bills & Utilities,AT&T,payment #8946,803.25
Others,Miscellaneous,payment general #2872,953.73
Bills & Utilities,Water Service,monthly #9197,85.25
Bills & Utilities,Water Service,utility,558.42
Bills & Utilities,Verizon,utility service,298.72
Healthcare,Walgreens,medical,272.31
Bills & Utilities,Water Service,monthly utility #5712,661.95
Food & Dining,Pizza Hut,delivery restaurant dinner,13.67
Entertainment,Netflix,movie game #5730,11.39
Groceries,Kroger,produce,42.74
Groceries,Safeway,bread produce #2424,42.62
Transportation,Lyft,fuel ride taxi #1020,24.71
Others,Unknown Vendor,payment other #9838,551.66
Shopping,Target,electronics,84.37
Healthcare,Quest Diagnostics,medicine doctor #2149,239.32
Groceries,Whole Foods,groceries dairy #9947,33.45
Food & Dining,McDonalds,restaurant delivery lunch #2970,455.7
Groceries,Trader Joes,food dairy groceries,107.43
Transportation,Lyft,transit ride,19.93
Others,Miscellaneous,misc,165.94
Others,Miscellaneous,misc general other #9603,27.19
Others,Various Services,misc #4381,883.5
Food & Dining,Chipotle,delivery meal,650.52
Healthcare,Local Clinic,doctor,294.49
Healthcare,Local Clinic,medicine medical,129.25
Others,Miscellaneous,payment service,462.16
Food & Dining,Local Restaurant,dinner takeout lunch #6536,185.06
Shopping,H&M,electronics accessories clothes #6778,246.41
Groceries,Safeway,groceries produce,100.5
Bills & Utilities,Verizon,utility service payment,208.8
Food & Dining,McDonalds,restaurant,749.05
Food & Dining,Subway,restaurant lunch,49.66
Groceries,Kroger,produce bread,115.85
Entertainment,Spotify,music entertainment movie,44.36
Bills & Utilities,Verizon,monthly utility,53.3
Food & Dining,Local Restaurant,meal takeout lunch #1341,775.48
Transportation,Lyft,transit fuel #9379,79.22
Food & Dining,Pizza Hut,takeout meal delivery #3490,492.98
Groceries,Walmart,dairy meat groceries #6483,76.74
Shopping,Target,shoes,197.55
Shopping,Nike,electronics shoes,208.22
Transportation,Shell,fuel gas,73.26
Entertainment,Netflix,entertainment game streaming #2708,12.29
Groceries,Whole Foods,groceries meat produce,143.66
Others,Miscellaneous,misc payment general,481.06
Shopping,Best Buy,accessories shoes electronics,171.0
Groceries,Walmart,food bread dairy,110.01
Shopping,Nike,electronics shoes #7613,22.93
Transportation,Metro,taxi,66.2
Shopping,Target,electronics clothes #8740,102.53
Food & Dining,Subway,delivery meal,517.78
Food & Dining,Local Restaurant,takeout #4906,561.04
Healthcare,Quest Diagnostics,health,298.69
Transportation,Shell,transportation #9783,76.65
Bills & Utilities,Water Service,bill service,711.74
Food & Dining,McDonalds,restaurant dinner lunch #1502,506.75
Entertainment,Xbox,movie entertainment #5838,32.21
Shopping,Amazon,electronics,49.12
Groceries,Walmart,food,152.18
Food & Dining,Chipotle,delivery meal,84.98
Groceries,Kroger,dairy groceries food,104.41
Healthcare,Local Clinic,health,450.01
Food & Dining,McDonalds,delivery restaurant,314.65
Healthcare,CVS,medical,406.15
Others,Various Services,payment,663.93
Groceries,Whole Foods,meat produce dairy,32.45
Others,Unknown Vendor,misc service,155.48
Transportation,BP,taxi ride fuel,35.56
Groceries,Walmart,meat produce dairy #9276,66.06
Groceries,Trader Joes,dairy bread food,126.18
Bills & Utilities,Water Service,monthly service payment,922.03
Transportation,Shell,ride transit transportation,40.68
Healthcare,Walgreens,medicine prescription doctor,70.38
Bills & Utilities,AT&T,bill,826.05
Bills & Utilities,Verizon,service utility,72.05
Others,Unknown Vendor,payment other general,854.98
Groceries,Whole Foods,food,99.86
Food & Dining,Local Restaurant,restaurant delivery meal,226.18
Food & Dining,McDonalds,dinner delivery takeout,925.4
Food & Dining,McDonalds,lunch,746.09
Bills & Utilities,Verizon,monthly payment,803.04
Food & Dining,Local Restaurant,dinner restaurant takeout,721.33
Shopping,Best Buy,purchase electronics,299.32
Shopping,Amazon,purchase #6068,268.28
Bills & Utilities,Verizon,utility monthly payment,545.03
Others,Various Services,misc other payment,504.53
Food & Dining,McDonalds,delivery lunch #3782,822.57
Food & Dining,Subway,takeout dinner meal #7691,491.65
Groceries,Walmart,groceries meat produce,133.22
Entertainment,Steam,movie game #9061,36.48
Entertainment,Spotify,game,34.47
Bills & Utilities,Water Service,monthly bill,145.45
Food & Dining,Local Restaurant,takeout #7480,20.23
Bills & Utilities,Verizon,payment utility monthly,740.99
Shopping,Nike,purchase shoes #3449,253.52
Entertainment,Spotify,entertainment music movie,36.82
Food & Dining,Chipotle,restaurant delivery meal,823.36
Food & Dining,Local Restaurant,restaurant takeout lunch,262.29
Healthcare,Quest Diagnostics,health,424.27
Healthcare,CVS,prescription medical health,438.29
Entertainment,Steam,game,27.08
Entertainment,Steam,music,14.05
Shopping,H&M,electronics,256.08
Others,Various Services,other,187.41
Transportation,Shell,taxi ride,14.02
Others,Various Services,service,207.65
Groceries,Trader Joes,groceries #7214,45.57
Healthcare,Local Clinic,doctor,102.97
Entertainment,Steam,streaming movie game,43.38
Shopping,Nike,electronics #4925,252.58
Bills & Utilities,AT&T,payment utility monthly #8598,338.93
Bills & Utilities,Verizon,monthly,356.01
Entertainment,Steam,streaming #9649,36.73
Healthcare,Walgreens,medicine doctor,25.06
Healthcare,CVS,health doctor,289.8
Others,Unknown Vendor,general #2819,931.61
Food & Dining,Chipotle,dinner,119.17
Healthcare,Walgreens,medicine doctor prescription #8822,413.47
Bills & Utilities,Electric Company,service utility,495.74
Groceries,Whole Foods,dairy bread groceries,111.34
Transportation,BP,ride,33.78
Healthcare,Local Clinic,medicine health,267.02
Bills & Utilities,Verizon,monthly #9795,133.3
Others,Miscellaneous,general misc other,582.83
Shopping,H&M,electronics shoes clothes,165.87
Others,Miscellaneous,service other #3298,163.69
Healthcare,Quest Diagnostics,health prescription medical,414.93
Entertainment,AMC Theaters,entertainment game movie,18.79
Bills & Utilities,Water Service,bill monthly utility,882.49
Healthcare,Walgreens,prescription health medical #2939,364.35
Transportation,Uber,taxi transportation fuel #4017,30.8
Bills & Utilities,Water Service,monthly bill,659.71
Healthcare,CVS,medical prescription,154.43
Transportation,BP,fuel ride #6232,15.66
Transportation,Uber,transportation taxi transit #8528,7.74
Entertainment,Xbox,music game #4276,17.34
Healthcare,Walgreens,doctor,320.75
Entertainment,AMC Theaters,movie entertainment music,19.8
Entertainment,Netflix,entertainment #4079,17.38
Transportation,Shell,transportation gas,27.93
Groceries,Walmart,produce dairy food,39.0
Healthcare,Quest Diagnostics,doctor health prescription,116.19
Transportation,Shell,transit transportation taxi,61.0
Transportation,Metro,transportation ride taxi,16.65
Food & Dining,Subway,restaurant meal lunch,434.81
Groceries,Trader Joes,groceries bread,87.34
Others,Unknown Vendor,other service general,243.58
Food & Dining,Pizza Hut,dinner takeout meal,478.48
Shopping,H&M,shoes accessories purchase,215.75
Groceries,Safeway,groceries produce,29.27
Healthcare,CVS,medicine medical health,468.53
Transportation,BP,ride transportation transit,52.54
Transportation,Uber,transit taxi fuel,5.28
Groceries,Safeway,food,96.09
Healthcare,Local Clinic,doctor,280.06
Transportation,Lyft,fuel gas transit #9340,5.12
Food & Dining,McDonalds,takeout delivery,566.58
Bills & Utilities,AT&T,bill utility,600.27
Entertainment,Xbox,music,34.74
Healthcare,CVS,prescription medicine #4099,462.54
Healthcare,Walgreens,health,293.08
Healthcare,CVS,health,367.83
Food & Dining,McDonalds,restaurant takeout lunch,970.27
Entertainment,AMC Theaters,music,20.64
Bills & Utilities,Electric Company,service,359.36
Transportation,Uber,fuel ride,79.36
Shopping,Best Buy,clothes purchase #7210,146.02
Food & Dining,Local Restaurant,meal takeout,748.81
Food & Dining,McDonalds,lunch #3958,474.24
Healthcare,Quest Diagnostics,health medicine medical #9298,76.4
Others,Miscellaneous,general other,529.5
Transportation,Uber,fuel transportation taxi,59.75
Healthcare,Local Clinic,doctor medicine prescription,256.42
Entertainment,Xbox,movie #2673,39.19
Bills & Utilities,AT&T,service bill monthly #9663,934.32
Shopping,Nike,clothes purchase electronics #7084,279.04
Bills & Utilities,Water Service,utility bill payment,441.82
Entertainment,AMC Theaters,music streaming,21.24
Transportation,Shell,taxi transportation gas,78.64
Healthcare,Quest Diagnostics,prescription #9672,143.28
Bills & Utilities,Electric Company,utility #3415,89.4
Groceries,Kroger,produce,49.83
Others,Miscellaneous,service,601.95
Others,Various Services,general other #5737,804.94
Bills & Utilities,AT&T,payment bill utility,636.48
Entertainment,Spotify,movie game music,11.89
Transportation,Lyft,transportation,43.47
Food & Dining,Subway,dinner,219.24
Food & Dining,McDonalds,takeout dinner,284.73
Transportation,Shell,transit #5653,27.37
Others,Various Services,general,127.24
Shopping,Nike,electronics accessories,289.6
Shopping,Best Buy,accessories electronics shoes,234.01
Others,Various Services,general other,855.76
Others,Various Services,payment,73.52
Entertainment,AMC Theaters,streaming #5977,37.35
Groceries,Trader Joes,dairy produce #3269,187.86
Food & Dining,Pizza Hut,dinner restaurant meal,137.06
Others,Unknown Vendor,general service payment,344.17
Transportation,Lyft,transportation,71.45
Groceries,Walmart,bread dairy #7958,167.81
Transportation,Shell,gas,66.59
Food & Dining,Pizza Hut,delivery lunch meal,832.55
Healthcare,CVS,doctor,53.06
Bills & Utilities,Verizon,bill utility,713.82
Food & Dining,Pizza Hut,dinner,800.85
Shopping,Target,accessories,142.09
Transportation,Uber,transportation gas #7140,56.35
Shopping,Target,accessories purchase electronics #6268,26.88
Healthcare,Quest Diagnostics,medicine health doctor #4471,131.54
Food & Dining,Local Restaurant,restaurant #1789,102.01
Food & Dining,McDonalds,takeout,550.44
Others,Various Services,misc general payment,222.56
Entertainment,Steam,entertainment #9498,46.65
Others,Various Services,other misc service,467.87
Entertainment,Netflix,game music,27.32
Transportation,BP,fuel gas transportation,38.55
Groceries,Safeway,food #1238,124.0
Bills & Utilities,AT&T,monthly bill payment,436.43
Others,Unknown Vendor,misc,37.53
Entertainment,Steam,game music streaming #5490,23.48
Shopping,Best Buy,shoes clothes purchase,178.06
Transportation,Lyft,fuel transit #9772,47.12
Groceries,Trader Joes,meat #7093,124.44
Bills & Utilities,AT&T,bill,270.29
Healthcare,Quest Diagnostics,prescription medical #4860,290.46
Entertainment,Spotify,movie entertainment streaming,20.95
Healthcare,Walgreens,prescription medicine medical,150.82
Healthcare,Local Clinic,doctor,461.8
Food & Dining,Subway,meal takeout,958.4
Others,Miscellaneous,misc other,469.53
Groceries,Trader Joes,bread dairy #3562,90.57
Groceries,Kroger,groceries,175.85
Shopping,Best Buy,shoes purchase electronics,173.32
Healthcare,Walgreens,health doctor medicine #7921,83.48
Shopping,Target,accessories,69.81
Bills & Utilities,Electric Company,payment #1890,950.63
Shopping,H&M,clothes,189.66
Others,Miscellaneous,general #3499,977.35
Healthcare,CVS,medical health #6337,154.38
Healthcare,Quest Diagnostics,medical medicine doctor,331.17
Groceries,Safeway,dairy food,109.07
Transportation,Lyft,transit gas #3600,22.94
Groceries,Safeway,produce,184.48
Entertainment,AMC Theaters,game,47.55
Groceries,Trader Joes,meat #3543,30.1
Shopping,Nike,purchase shoes accessories,181.56
Others,Various Services,service,362.36
Entertainment,Spotify,movie streaming game,14.77
Shopping,Amazon,accessories purchase,55.99
Bills & Utilities,Electric Company,payment service,818.49
Shopping,Best Buy,purchase,200.96
Shopping,Best Buy,clothes shoes,227.11
Entertainment,Spotify,entertainment movie,42.3
Bills & Utilities,Electric Company,utility service bill #5596,727.91
Entertainment,AMC Theaters,streaming game music,35.85
Entertainment,Spotify,movie,10.7
Shopping,Amazon,shoes accessories,229.09
Healthcare,Quest Diagnostics,medical doctor,379.6
Healthcare,Local Clinic,prescription health,193.21
Bills & Utilities,Electric Company,utility,157.13
Groceries,Whole Foods,meat,53.17
Healthcare,Local Clinic,health medicine #1339,27.75
Transportation,BP,transportation #5425,78.26
Groceries,Trader Joes,produce,188.55
Groceries,Walmart,produce,41.61
Entertainment,Netflix,entertainment music game,30.96
Groceries,Kroger,dairy,116.21
Others,Various Services,misc general,528.45
Bills & Utilities,AT&T,service bill,188.29
Healthcare,Walgreens,medicine,289.14
Healthcare,Local Clinic,medical medicine #5470,356.34
Others,Miscellaneous,other misc payment #7260,252.09
Groceries,Whole Foods,groceries,87.63
Groceries,Walmart,bread produce dairy,97.74
Groceries,Trader Joes,produce meat dairy,62.0
Entertainment,Xbox,streaming movie,26.07
Food & Dining,Local Restaurant,restaurant,447.88
Shopping,Nike,accessories electronics clothes,198.91
Healthcare,Quest Diagnostics,medicine doctor,456.12
Food & Dining,Subway,delivery lunch,662.66
Entertainment,Netflix,streaming #4897,22.26
Food & Dining,Subway,restaurant dinner lunch,705.68
Bills & Utilities,Water Service,service monthly #7981,816.45
Bills & Utilities,AT&T,bill monthly payment,402.06
Shopping,Nike,electronics #3246,185.77
Groceries,Whole Foods,groceries food meat #2475,123.98
Groceries,Whole Foods,produce,115.53
Groceries,Kroger,groceries meat dairy #3162,34.97
Shopping,Amazon,electronics clothes,50.54
Healthcare,Walgreens,medical,77.55
Food & Dining,Subway,meal #6491,698.27
Bills & Utilities,Verizon,monthly,548.64
Healthcare,Quest Diagnostics,doctor medicine,344.88
Food & Dining,Subway,delivery lunch #2257,136.36
Healthcare,Walgreens,prescription doctor,436.39
Food & Dining,McDonalds,takeout,490.78
Bills & Utilities,Electric Company,service bill #7480,405.88
Transportation,Lyft,fuel taxi,48.69
Healthcare,Local Clinic,prescription medicine,411.44
Groceries,Trader Joes,dairy food #3659,157.43
Others,Various Services,payment other,347.51
Shopping,H&M,electronics clothes purchase,118.51
Bills & Utilities,Verizon,utility monthly service,595.57
Food & Dining,Pizza Hut,takeout,729.29
Food & Dining,Local Restaurant,restaurant dinner #9268,76.23
Transportation,Metro,fuel,25.83
Entertainment,Xbox,entertainment game movie,17.13
Food & Dining,Chipotle,lunch dinner restaurant,146.98
Others,Various Services,other misc service,851.89
Healthcare,CVS,doctor prescription medicine,349.49
Entertainment,Netflix,movie music game,38.37
Transportation,Lyft,fuel ride,64.62
Groceries,Whole Foods,bread dairy,46.43
Food & Dining,Pizza Hut,meal delivery,18.48
Shopping,Best Buy,clothes shoes electronics #7268,148.18
Shopping,Amazon,shoes clothes,266.78
Healthcare,Quest Diagnostics,medicine doctor #8015,110.28
Groceries,Whole Foods,produce food,153.7
Food & Dining,Local Restaurant,delivery takeout,716.73
Food & Dining,Local Restaurant,lunch restaurant,170.92
Others,Various Services,service misc payment,336.26
Healthcare,Local Clinic,prescription health medicine,234.45
Shopping,Amazon,clothes electronics #6158,94.44
Transportation,Metro,gas #9165,52.61
Food & Dining,Chipotle,lunch meal delivery,700.19
Entertainment,Xbox,streaming music,19.95
Transportation,Shell,transportation transit,63.69
Transportation,Lyft,ride,8.25
Shopping,Nike,shoes purchase accessories,83.2
Food & Dining,Chipotle,takeout delivery restaurant,935.4
Food & Dining,Local Restaurant,delivery meal restaurant,759.31
Entertainment,Spotify,entertainment,21.66
Shopping,Target,electronics purchase,280.25
Healthcare,CVS,prescription,347.06
Bills & Utilities,Verizon,monthly payment bill #3783,486.57
Others,Unknown Vendor,payment,339.15
Others,Unknown Vendor,misc,985.56
Entertainment,AMC Theaters,music movie streaming,23.83
Healthcare,CVS,medical,401.83
Shopping,Nike,accessories clothes shoes #9841,158.98
Others,Miscellaneous,payment other,950.47
Bills & Utilities,Verizon,bill monthly,664.44
Healthcare,Quest Diagnostics,health medical,347.13
Groceries,Kroger,groceries food #4940,74.49
Bills & Utilities,Verizon,bill service,202.65
Shopping,Best Buy,accessories purchase shoes,216.12
Others,Miscellaneous,payment misc service,993.05
Others,Miscellaneous,other,765.66
Bills & Utilities,AT&T,bill service payment,241.76
Shopping,Amazon,purchase clothes accessories,190.92
Bills & Utilities,Verizon,monthly,962.07
Shopping,H&M,shoes accessories clothes,262.3
Entertainment,Netflix,movie #1186,36.33
Others,Unknown Vendor,misc service #3511,780.65
Food & Dining,McDonalds,delivery,366.73
Food & Dining,Local Restaurant,restaurant takeout,291.04
Bills & Utilities,AT&T,payment service,498.22
Bills & Utilities,Water Service,monthly,393.39
Shopping,Nike,electronics,242.65
Entertainment,Spotify,streaming music #1103,42.76
Healthcare,Quest Diagnostics,doctor medical health,109.1
Others,Unknown Vendor,misc service payment,496.57
Bills & Utilities,AT&T,monthly utility,970.94
Transportation,Metro,transportation ride,50.27
Food & Dining,Pizza Hut,takeout #9088,665.24
Others,Unknown Vendor,payment service misc,954.49
Food & Dining,Subway,lunch meal delivery,585.04
Transportation,Lyft,transit ride taxi #7545,8.56
Shopping,Best Buy,electronics,273.29
Groceries,Trader Joes,groceries bread,33.04
Groceries,Trader Joes,food dairy groceries,73.15
Groceries,Walmart,bread,120.54
Food & Dining,Subway,lunch #1781,437.36
Transportation,Lyft,transportation,77.89
Groceries,Safeway,bread,128.74
Healthcare,Walgreens,medicine medical prescription,85.56
Bills & Utilities,Verizon,service monthly payment #8804,997.79
Groceries,Trader Joes,bread,101.19
Shopping,Amazon,electronics #5314,289.45
Groceries,Trader Joes,produce food groceries,184.75
Entertainment,Spotify,streaming music entertainment,32.21
Entertainment,AMC Theaters,movie entertainment,47.92
Transportation,Uber,taxi ride,58.73
Entertainment,Spotify,music movie game,24.41
Transportation,Uber,taxi,35.06
Shopping,Amazon,accessories clothes,185.01
Entertainment,Netflix,music streaming,48.83
Shopping,Best Buy,purchase accessories,109.53
Food & Dining,Local Restaurant,takeout #3056,447.57
Transportation,Metro,transportation ride #4888,5.8
Others,Unknown Vendor,service #3335,212.46
Shopping,Target,accessories shoes electronics,202.73
Transportation,Metro,transit gas ride,73.36
Others,Various Services,other #2044,113.46
Healthcare,Walgreens,prescription medicine,318.39
Bills & Utilities,Electric Company,service utility #7327,174.23
Transportation,Uber,gas ride transportation,60.08
Food & Dining,Local Restaurant,takeout restaurant delivery,178.25
Groceries,Safeway,meat dairy food #8830,88.68
Entertainment,AMC Theaters,entertainment streaming,26.51
Others,Miscellaneous,payment,853.61
Transportation,Lyft,taxi transportation #2536,19.42
Others,Miscellaneous,other general service,802.75
Food & Dining,Subway,dinner delivery takeout,372.69
Healthcare,Local Clinic,medical,118.19
Entertainment,Netflix,game movie entertainment #5677,29.59
Food & Dining,Subway,takeout delivery,126.46
Transportation,BP,transportation ride #5674,63.24
Others,Miscellaneous,service,870.58
Others,Unknown Vendor,service general other #9199,801.74
Transportation,Uber,ride transit,56.96
Entertainment,AMC Theaters,streaming,12.68
Food & Dining,Subway,meal,33.5
Others,Unknown Vendor,service other,938.4
Food & Dining,Local Restaurant,meal #5324,59.65
Bills & Utilities,Electric Company,monthly utility payment,221.94
Food & Dining,Chipotle,takeout delivery restaurant,444.44
Entertainment,Netflix,streaming,25.69
Bills & Utilities,Verizon,payment bill utility #1552,960.57
Entertainment,AMC Theaters,streaming,14.24
Transportation,Lyft,gas taxi transit,65.07
Others,Various Services,service,475.82
Food & Dining,Pizza Hut,dinner takeout,221.75
Food & Dining,McDonalds,restaurant dinner delivery,620.3
Shopping,Amazon,accessories electronics,146.52
Shopping,Target,accessories shoes,54.79
Entertainment,AMC Theaters,game movie #9649,39.56
Shopping,H&M,electronics accessories,197.53
Bills & Utilities,Electric Company,payment #9521,934.82
Others,Miscellaneous,payment,481.34
Shopping,Best Buy,purchase shoes #4709,146.31
Groceries,Trader Joes,meat dairy produce #3004,32.28
Entertainment,AMC Theaters,streaming,43.7
Shopping,Nike,shoes accessories #7597,269.14
Others,Various Services,other payment service #2072,120.82
Transportation,Shell,ride transportation #2094,19.96
Bills & Utilities,Water Service,utility monthly #5003,354.59
Bills & Utilities,Verizon,monthly,495.41
Bills & Utilities,AT&T,service utility,638.73
Bills & Utilities,Verizon,monthly,331.88
Transportation,Metro,gas fuel taxi #6652,57.76
Groceries,Trader Joes,food groceries,147.75
Shopping,Target,purchase clothes shoes,216.46
Groceries,Kroger,groceries,39.61
Healthcare,CVS,health doctor,457.5
Food & Dining,Local Restaurant,dinner takeout #5411,556.78
Groceries,Trader Joes,groceries,78.57
Entertainment,Spotify,entertainment movie music,37.51
Bills & Utilities,Water Service,utility,572.19
Entertainment,Netflix,game streaming,22.29
Food & Dining,Local Restaurant,meal delivery lunch,221.22
Shopping,H&M,accessories clothes,21.87
Bills & Utilities,Electric Company,payment service bill,662.59
Groceries,Trader Joes,meat,39.22
Healthcare,CVS,health medical medicine,482.5
Transportation,BP,fuel,29.35
Others,Miscellaneous,general misc #2779,188.59
Food & Dining,Chipotle,lunch dinner takeout,292.81
Bills & Utilities,Water Service,bill,164.03
Shopping,H&M,accessories shoes clothes #3077,209.93
Bills & Utilities,Electric Company,payment utility service,825.04
Transportation,Lyft,fuel,58.26
Others,Unknown Vendor,other,857.9
Shopping,Best Buy,purchase #5015,228.53
Transportation,Lyft,fuel gas transportation,10.45
Healthcare,CVS,prescription doctor health,166.67
Entertainment,AMC Theaters,entertainment,20.25
Shopping,Best Buy,clothes accessories #7647,280.6
Entertainment,Spotify,entertainment music game,40.43
Groceries,Trader Joes,groceries meat #2723,82.78
Healthcare,Local Clinic,medicine doctor medical,499.56
Healthcare,Quest Diagnostics,medicine,131.44
Transportation,BP,ride fuel transportation,5.23
Entertainment,Netflix,movie entertainment,24.74
Healthcare,Quest Diagnostics,prescription medical health,131.4
Entertainment,Spotify,entertainment game streaming #6554,38.59
Healthcare,CVS,medical prescription health,225.22
Bills & Utilities,Verizon,payment,967.58
Healthcare,CVS,doctor prescription health,331.62
Others,Miscellaneous,general service misc #3074,398.99
Food & Dining,Local Restaurant,restaurant delivery lunch,206.8
Entertainment,AMC Theaters,streaming game #7829,26.09
Entertainment,AMC Theaters,movie game entertainment,29.04
Transportation,Metro,transportation #7321,66.41
Shopping,Amazon,clothes purchase shoes,90.35
Healthcare,CVS,health,345.99
Transportation,Uber,transportation gas fuel,68.33
Shopping,Amazon,accessories clothes,45.83
Food & Dining,Local Restaurant,dinner,194.07
Others,Unknown Vendor,other,533.14
Groceries,Safeway,bread dairy,118.09
Healthcare,Walgreens,health prescription medicine,102.16
Shopping,Nike,electronics,79.23
Transportation,Shell,ride taxi transportation,38.68
Food & Dining,Local Restaurant,lunch delivery dinner,177.81
Entertainment,AMC Theaters,streaming #1965,11.9
Transportation,BP,transit transportation #3795,59.69
Food & Dining,Subway,meal restaurant dinner,243.69
Entertainment,Steam,movie game streaming #7456,28.35
Healthcare,Quest Diagnostics,medicine doctor medical,160.7
Transportation,Shell,transportation ride,32.02
Bills & Utilities,AT&T,service #6216,936.54
Entertainment,Xbox,music streaming,46.66
Entertainment,AMC Theaters,game movie,13.75
Groceries,Trader Joes,bread groceries #5190,76.04
Transportation,Shell,fuel,53.03
Entertainment,Steam,movie,44.83
Bills & Utilities,Water Service,payment bill,243.87
Others,Various Services,general service misc #3827,343.37
Food & Dining,Pizza Hut,takeout lunch,925.06
Others,Unknown Vendor,payment misc service,560.67
Shopping,H&M,accessories clothes,100.73
Entertainment,Spotify,music game movie,19.51
Entertainment,AMC Theaters,entertainment music,23.92
Transportation,Uber,gas #1644,14.68
Healthcare,Local Clinic,health medicine doctor,378.48
Transportation,Lyft,transit fuel,9.02
Groceries,Trader Joes,groceries produce meat,144.33
Shopping,H&M,accessories shoes clothes,256.31
Shopping,Best Buy,electronics accessories #1367,240.01
Shopping,Target,clothes purchase #3332,51.18
Healthcare,Quest Diagnostics,prescription medical,80.23
Shopping,H&M,purchase,125.22
Groceries,Kroger,bread dairy,68.52
Entertainment,AMC Theaters,music,40.87
Transportation,Lyft,transit,78.18
Transportation,Metro,transit taxi,18.94
Food & Dining,Local Restaurant,takeout,770.55
Groceries,Trader Joes,food produce,82.18
Healthcare,Walgreens,health,297.39
Transportation,Lyft,gas fuel,21.31
Food & Dining,McDonalds,restaurant dinner meal,496.06
Groceries,Safeway,meat,34.56
Shopping,Amazon,electronics,203.62
Food & Dining,Chipotle,restaurant meal dinner,655.11
Transportation,BP,fuel gas ride,6.26
Transportation,BP,transportation transit,70.04
Shopping,Target,clothes purchase electronics,75.02
Entertainment,Spotify,streaming #5844,49.14
Others,Various Services,general service,482.71
Others,Various Services,payment,938.07
Entertainment,AMC Theaters,movie music entertainment,24.26
Shopping,Target,electronics shoes #8046,254.6
Groceries,Kroger,produce #1979,140.14
Transportation,Uber,transit transportation fuel,53.94
Groceries,Walmart,dairy groceries produce #4813,30.11
Groceries,Walmart,groceries food bread,189.84
Food & Dining,Pizza Hut,delivery restaurant,196.21
Shopping,Target,accessories clothes electronics,202.18
Food & Dining,Local Restaurant,meal,805.0
Others,Various Services,misc #4947,699.71
Transportation,Shell,fuel #5428,17.83
Others,Various Services,misc payment other,970.65
Shopping,H&M,purchase electronics,129.95
Food & Dining,Local Restaurant,delivery dinner,369.35
Entertainment,Steam,entertainment movie,31.6
Food & Dining,Chipotle,lunch takeout delivery #4283,136.37
Food & Dining,Pizza Hut,restaurant takeout,335.75
Shopping,Best Buy,clothes electronics purchase #5723,137.06
Others,Unknown Vendor,payment service other,292.32
Shopping,Best Buy,purchase #2675,204.2
Shopping,Target,accessories shoes #5683,252.54
Food & Dining,Pizza Hut,delivery,599.49
Healthcare,Walgreens,medicine doctor #4483,393.28
Shopping,Amazon,electronics,44.72
Shopping,Amazon,clothes electronics accessories,214.37
Food & Dining,Pizza Hut,lunch dinner takeout,736.64
Food & Dining,Subway,lunch takeout,178.69
Healthcare,CVS,doctor #9672,476.34
Healthcare,Local Clinic,medical,232.37
Bills & Utilities,Electric Company,bill monthly,492.55
Bills & Utilities,Electric Company,monthly bill #8033,396.87
Groceries,Walmart,food,37.63
Others,Various Services,other service #9785,217.1
Shopping,Best Buy,shoes electronics,224.14
Bills & Utilities,AT&T,monthly,487.81
Transportation,Lyft,transit taxi fuel,59.24
Shopping,H&M,shoes accessories electronics,205.11
Food & Dining,Subway,takeout,254.86
Others,Various Services,general,185.77
Transportation,Metro,transit gas fuel,11.84
Healthcare,Local Clinic,prescription,266.04
Bills & Utilities,Electric Company,payment service,688.56
Shopping,Amazon,purchase electronics shoes #1524,132.94
Groceries,Safeway,meat food produce,33.57
Groceries,Safeway,food bread,186.22
Food & Dining,Pizza Hut,meal delivery lunch,947.4
Groceries,Safeway,dairy bread,81.12
Shopping,H&M,electronics purchase,232.78
Food & Dining,Chipotle,restaurant delivery dinner #6488,672.15
Healthcare,Walgreens,medicine medical,330.42
Transportation,Lyft,fuel,20.95
Bills & Utilities,Water Service,payment service utility,345.49
Transportation,Metro,transportation ride #1433,30.08
Groceries,Kroger,food,186.52
Groceries,Safeway,dairy,161.64
Food & Dining,Chipotle,dinner,735.57
Healthcare,CVS,prescription,324.77
Groceries,Kroger,dairy meat,181.78
Healthcare,Walgreens,health medicine doctor #2700,448.38
Healthcare,Walgreens,doctor,329.44
Transportation,BP,fuel #6196,20.06
Food & Dining,McDonalds,restaurant,481.43
Transportation,Uber,fuel,64.78
Bills & Utilities,Water Service,service,190.38
Shopping,Target,purchase #9787,139.34
Bills & Utilities,Water Service,monthly bill payment #7913,36.13
Food & Dining,McDonalds,dinner meal #6535,413.91
Transportation,Uber,transportation,78.36
Healthcare,CVS,prescription health,484.76
Food & Dining,Chipotle,restaurant dinner delivery,739.28
Transportation,Shell,fuel taxi transportation #5457,42.6
Healthcare,Quest Diagnostics,health,186.05
Transportation,Shell,taxi ride gas,58.69
Transportation,Shell,gas fuel ride,77.62
Food & Dining,McDonalds,delivery meal,697.92
Transportation,Uber,fuel gas #9648,73.66
Groceries,Trader Joes,bread food,23.46
Food & Dining,McDonalds,lunch dinner,380.06
Healthcare,CVS,medical health,493.67
Others,Unknown Vendor,payment misc other #5299,345.76
Shopping,Target,purchase,61.1
Transportation,Metro,transportation transit,6.79
Shopping,Best Buy,purchase electronics,129.26
Transportation,Metro,fuel transit #8734,49.02
Others,Various Services,misc #4082,177.82
Groceries,Walmart,bread produce food,109.5
Food & Dining,Pizza Hut,dinner restaurant lunch,561.67
Entertainment,AMC Theaters,movie music streaming,33.63
Healthcare,Quest Diagnostics,prescription medical,322.86
Transportation,Lyft,gas fuel transportation #6908,43.29
Transportation,Uber,fuel ride,12.52
Bills & Utilities,AT&T,bill service payment #8463,19.29
Groceries,Walmart,bread groceries food,103.59
Healthcare,Local Clinic,health doctor medical,47.19
Others,Miscellaneous,service general misc,602.25
Bills & Utilities,Verizon,service bill payment,561.72
Healthcare,Quest Diagnostics,doctor prescription health,381.17
Entertainment,Netflix,movie entertainment game,13.5
Others,Various Services,misc service general,19.7
Shopping,Amazon,accessories,153.68
Bills & Utilities,AT&T,monthly utility #4239,637.46
Groceries,Kroger,meat #3345,158.85
Food & Dining,Pizza Hut,lunch meal delivery #6722,45.18
Healthcare,Quest Diagnostics,health doctor prescription,361.23
Others,Miscellaneous,service general,263.96
Groceries,Trader Joes,bread produce meat,87.0
Transportation,Metro,gas transportation,16.52
Groceries,Walmart,dairy groceries,29.52
Bills & Utilities,AT&T,bill payment,445.83
Transportation,Shell,ride,39.73
Entertainment,AMC Theaters,game streaming,18.9
Healthcare,Local Clinic,medicine #5126,145.76
Bills & Utilities,Electric Company,payment,470.57
Entertainment,AMC Theaters,movie #3487,25.48
Healthcare,CVS,medical health prescription,427.14
Food & Dining,Local Restaurant,lunch meal,598.8
Bills & Utilities,Electric Company,utility,254.35
Food & Dining,McDonalds,dinner,222.63
Others,Various Services,service misc payment,713.22
Transportation,BP,gas ride,56.55
Bills & Utilities,Water Service,utility monthly bill,471.87
Food & Dining,McDonalds,delivery,76.66
Groceries,Whole Foods,food bread #8607,62.04
Healthcare,Walgreens,health medicine #8359,168.89
Food & Dining,Subway,lunch restaurant,653.79
Others,Unknown Vendor,misc service payment,162.22
Others,Various Services,misc payment service,434.46
Groceries,Safeway,meat bread,127.84
Shopping,Best Buy,purchase #6254,136.57
Entertainment,Spotify,music entertainment,12.03
Shopping,H&M,accessories purchase shoes #6674,163.16
Food & Dining,Chipotle,takeout delivery restaurant,661.57
Shopping,Best Buy,electronics clothes purchase #6534,272.17
Bills & Utilities,AT&T,bill utility payment,287.29
Bills & Utilities,Water Service,utility bill service,540.29
Food & Dining,Pizza Hut,takeout delivery,517.48
Food & Dining,Subway,lunch dinner,524.07
Healthcare,CVS,health prescription,47.95
Groceries,Trader Joes,bread,138.66
Entertainment,Spotify,game,14.6
Bills & Utilities,Verizon,bill payment #9895,11.63
Entertainment,Spotify,music streaming,44.95
Entertainment,Steam,music game,21.86
Healthcare,CVS,health medicine medical,185.39
Healthcare,Quest Diagnostics,health,336.83
Healthcare,Walgreens,medical,51.23
Groceries,Walmart,food produce #5271,117.95
Entertainment,Xbox,music movie streaming #8831,32.3
Food & Dining,Pizza Hut,delivery meal lunch #6604,275.17
Transportation,Uber,transportation,64.47
Bills & Utilities,AT&T,service payment utility,971.62
Entertainment,Spotify,music,41.7
Others,Various Services,other service,936.1
Healthcare,CVS,prescription,217.05
Shopping,Amazon,shoes electronics,246.13
Healthcare,Local Clinic,medicine,93.32
Transportation,Lyft,transit ride,31.95
Transportation,Shell,taxi,78.51
Food & Dining,Subway,meal lunch restaurant #8706,952.14
Entertainment,Xbox,entertainment music #3915,30.44
Transportation,Uber,transportation transit,21.85
Bills & Utilities,Electric Company,payment bill,815.14
Healthcare,CVS,health,42.52
Food & Dining,Pizza Hut,delivery #2655,931.05
Food & Dining,Subway,delivery takeout lunch,881.58
Groceries,Safeway,groceries dairy meat,171.22
Bills & Utilities,AT&T,utility,553.7
Food & Dining,Local Restaurant,delivery,466.83
Shopping,H&M,purchase #9702,230.84
Groceries,Safeway,dairy,53.3
Food & Dining,Local Restaurant,dinner takeout,250.72
Transportation,Lyft,transportation fuel ride #7438,29.25
Bills & Utilities,Electric Company,bill payment monthly,959.03
Groceries,Kroger,food bread,154.88
Entertainment,Netflix,music,19.3
Transportation,BP,transportation fuel,47.57
Healthcare,Quest Diagnostics,medicine doctor,53.73
Healthcare,Quest Diagnostics,medicine,482.61
Others,Unknown Vendor,misc payment,184.75
Entertainment,Spotify,streaming movie music,47.7
Bills & Utilities,Water Service,monthly service bill,526.08
Bills & Utilities,Verizon,utility payment monthly,190.44
Healthcare,Walgreens,doctor health prescription #3888,487.84
Healthcare,Quest Diagnostics,medical health doctor,107.27
Healthcare,Quest Diagnostics,medicine medical health #8383,492.01
Food & Dining,McDonalds,restaurant lunch takeout #9097,457.59
Transportation,BP,gas fuel transportation,62.0
Entertainment,Xbox,game movie,31.22
Groceries,Whole Foods,bread #2872,30.88
Shopping,Amazon,accessories shoes #1483,219.12
Bills & Utilities,Water Service,monthly bill utility,946.42
Others,Various Services,general payment,324.72
Groceries,Trader Joes,meat,26.87
Others,Various Services,other misc payment #2977,996.35
Transportation,BP,gas fuel taxi #7587,48.21
Entertainment,Xbox,entertainment #3826,43.08
Others,Unknown Vendor,general,759.31
Entertainment,Steam,game entertainment,10.72
Others,Various Services,service misc other,107.82
Others,Unknown Vendor,general misc,673.84
Entertainment,Netflix,movie,40.18
Entertainment,Netflix,entertainment #6912,48.0
Others,Unknown Vendor,misc #1388,407.57
Entertainment,Xbox,music entertainment,40.69
Food & Dining,Local Restaurant,meal delivery,51.7
Healthcare,CVS,medical,275.19
Shopping,Nike,shoes accessories electronics,281.61
Healthcare,CVS,doctor #7757,417.84
Healthcare,Quest Diagnostics,doctor medical prescription #5752,189.15
Entertainment,Netflix,entertainment game music #9279,47.11
Entertainment,Spotify,music,41.9
Groceries,Kroger,groceries dairy bread,178.66
Groceries,Kroger,food dairy #7655,147.06
Others,Miscellaneous,service,530.91
Bills & Utilities,Verizon,monthly,250.21
Groceries,Trader Joes,produce meat,152.74
Groceries,Safeway,produce #9454,162.41
Transportation,Shell,taxi transit transportation #5964,56.29
Transportation,Metro,ride fuel taxi,15.07
Transportation,Metro,transit fuel transportation #4442,48.03
Entertainment,Steam,movie streaming game #9290,47.93
Bills & Utilities,Electric Company,monthly,481.4
Healthcare,Local Clinic,medicine health,108.62
Others,Miscellaneous,misc general other,568.03
Transportation,Shell,fuel gas,49.18
Healthcare,Walgreens,prescription doctor,62.41
Healthcare,CVS,health prescription medicine #8889,271.71
Healthcare,Quest Diagnostics,doctor,186.92
Shopping,Best Buy,accessories purchase,46.87
Food & Dining,Chipotle,meal takeout,669.04
Shopping,Nike,accessories clothes purchase,169.65
Shopping,Nike,electronics purchase,261.1
Others,Unknown Vendor,general,357.14
Others,Miscellaneous,other misc #9513,646.63
Transportation,Uber,ride fuel,12.68
Entertainment,AMC Theaters,streaming #2799,36.78
Transportation,Shell,taxi fuel transportation,62.36
Healthcare,CVS,prescription medical medicine #3159,250.32
Groceries,Whole Foods,meat bread produce #8505,96.89
Others,Miscellaneous,general #9344,135.73
Healthcare,Local Clinic,medicine health doctor,248.08
Transportation,Shell,transit gas,33.08
Transportation,BP,gas taxi transit #4416,37.65
Entertainment,Netflix,movie,13.54
Healthcare,Walgreens,doctor medical health #3353,97.31
Bills & Utilities,Water Service,service bill,801.31
Bills & Utilities,Water Service,payment utility bill,997.16
Groceries,Safeway,bread,192.38
Entertainment,Netflix,entertainment movie game,11.61
Food & Dining,McDonalds,meal delivery lunch,894.59
Bills & Utilities,Verizon,utility monthly payment,822.76
Others,Various Services,service,76.47
Bills & Utilities,Verizon,bill,780.58
Bills & Utilities,Water Service,utility #8831,401.46
Bills & Utilities,Water Service,bill,218.61
Transportation,Metro,transit,27.92
Shopping,Amazon,purchase clothes,133.54
Others,Various Services,service other general,49.42
Transportation,Metro,gas taxi,41.35
Healthcare,Walgreens,doctor,302.7
Others,Miscellaneous,service misc,471.21
Food & Dining,McDonalds,takeout restaurant,635.33
Food & Dining,Subway,dinner lunch,591.03
Bills & Utilities,Electric Company,utility,192.15
Entertainment,Spotify,entertainment streaming,34.84
Others,Unknown Vendor,payment,986.27
Food & Dining,Local Restaurant,delivery,836.25
Healthcare,Quest Diagnostics,doctor prescription #5184,394.5
Transportation,Metro,fuel #4755,58.85
Entertainment,Netflix,movie music,44.92
Transportation,BP,fuel gas,63.07
Others,Unknown Vendor,other misc #4030,801.8
Healthcare,CVS,prescription doctor medicine,117.48
Others,Various Services,service #2996,782.59
Shopping,Nike,accessories shoes clothes,35.91
Food & Dining,Local Restaurant,meal takeout,473.75
Bills & Utilities,AT&T,payment service,232.79
Bills & Utilities,Verizon,service payment monthly,67.62
Food & Dining,Pizza Hut,restaurant meal dinner,226.54
Entertainment,Steam,movie music entertainment,33.26
Food & Dining,Pizza Hut,restaurant,951.83
Shopping,Amazon,electronics accessories clothes,136.61
Transportation,Shell,transportation gas,54.54
Food & Dining,Subway,meal,47.44
Shopping,H&M,clothes purchase accessories,225.94
Transportation,Lyft,gas transportation,8.31
Healthcare,Walgreens,prescription medical,217.36
Food & Dining,Local Restaurant,lunch meal restaurant,354.74
Shopping,Nike,purchase #6276,164.72
Healthcare,Walgreens,prescription medicine,365.49
Healthcare,Walgreens,medical prescription health,116.87
Groceries,Walmart,food,91.65
Bills & Utilities,AT&T,service payment monthly,411.42
Food & Dining,Subway,dinner delivery,134.09
Food & Dining,McDonalds,meal #6322,860.14
Others,Miscellaneous,payment misc service #2853,692.55
Groceries,Trader Joes,groceries meat,136.52
Food & Dining,Subway,meal,682.43
Food & Dining,McDonalds,meal,78.81
Food & Dining,Chipotle,delivery dinner meal #3680,285.46
Food & Dining,Subway,dinner restaurant,876.93
Transportation,Uber,ride gas #5318,41.01
Transportation,Shell,transit transportation,21.57
Others,Various Services,misc other payment #7781,463.12
Transportation,Metro,transit #5535,8.07
Entertainment,AMC Theaters,game music movie,31.7
Groceries,Whole Foods,dairy,87.99
Bills & Utilities,Verizon,bill payment utility,674.82
Groceries,Walmart,produce groceries food #2198,190.1
Groceries,Whole Foods,food #9882,189.68
Bills & Utilities,Water Service,bill service payment,853.4
Shopping,Best Buy,shoes,233.29
Groceries,Whole Foods,food bread meat,166.97
Others,Unknown Vendor,payment other,656.28
Transportation,Metro,ride taxi,16.53
Shopping,Target,shoes electronics #8550,153.59
Bills & Utilities,Verizon,payment bill,902.83
Others,Various Services,payment other general #6986,766.54
Bills & Utilities,Electric Company,monthly,898.56
Bills & Utilities,Electric Company,utility monthly #5187,759.63
Food & Dining,Subway,dinner #3293,723.9
Shopping,Best Buy,accessories electronics,49.54
Bills & Utilities,Electric Company,bill utility,699.03
Others,Various Services,other,102.94
Healthcare,Walgreens,medical medicine prescription,322.95
Transportation,Uber,transportation gas fuel,25.38
Shopping,Nike,clothes shoes purchase #9605,121.64
Others,Unknown Vendor,other general payment,921.72
Others,Miscellaneous,payment misc general,450.89
Entertainment,AMC Theaters,music game entertainment #4098,44.31
Transportation,Shell,gas,42.72
Transportation,Lyft,transit taxi,7.5
Others,Miscellaneous,misc service,651.74
Healthcare,Local Clinic,doctor,374.31
Food & Dining,McDonalds,meal delivery lunch,631.89
Groceries,Whole Foods,dairy groceries #8916,186.51
Entertainment,AMC Theaters,movie music,24.56
Bills & Utilities,Water Service,monthly service,44.21
Shopping,Target,electronics purchase clothes,83.47
Entertainment,Spotify,streaming,11.6
Bills & Utilities,Electric Company,utility,245.96
Entertainment,Spotify,streaming entertainment,25.35
Groceries,Whole Foods,produce #7633,25.5
Healthcare,Quest Diagnostics,doctor health medicine #1368,274.34
Bills & Utilities,Water Service,utility payment bill,347.9
Food & Dining,McDonalds,meal dinner #8606,429.03
Entertainment,AMC Theaters,entertainment movie,48.73
Healthcare,Local Clinic,prescription medical doctor,47.78
Bills & Utilities,Verizon,payment utility,618.64
Transportation,Lyft,gas,31.67
Food & Dining,Subway,takeout #8566,687.06
Healthcare,Local Clinic,prescription #8516,353.49
Shopping,H&M,shoes clothes,273.23
Food & Dining,Local Restaurant,meal delivery,845.07
Healthcare,Local Clinic,doctor prescription,438.46
Transportation,Shell,ride,14.62
Bills & Utilities,Electric Company,monthly,511.36
Groceries,Walmart,food groceries meat,195.11
Groceries,Kroger,food,147.64
Bills & Utilities,Verizon,utility payment,632.91
Entertainment,AMC Theaters,music movie,16.45
Healthcare,Walgreens,health,39.53
Shopping,Target,clothes electronics,219.48
Food & Dining,Chipotle,restaurant lunch takeout #1069,972.12
Healthcare,Local Clinic,doctor medicine medical #6708,297.27
Food & Dining,Local Restaurant,lunch takeout,458.87
Groceries,Walmart,food dairy meat,95.52
Shopping,H&M,accessories clothes,56.86
Entertainment,Netflix,streaming game,37.21
Others,Various Services,general misc other,334.33
Entertainment,Netflix,music #3504,11.56
Groceries,Trader Joes,food #2408,150.5
Transportation,BP,gas transportation,8.48
Bills & Utilities,AT&T,payment service #2015,943.87
Healthcare,Quest Diagnostics,doctor medical health,313.31
Healthcare,Walgreens,health prescription medical #5670,341.77
Entertainment,AMC Theaters,streaming entertainment,15.12
Shopping,H&M,purchase,116.19
Others,Miscellaneous,service payment misc #4562,776.5
Entertainment,Spotify,entertainment music game,15.49
Healthcare,Local Clinic,prescription #3428,265.96
Shopping,Target,accessories,263.47
Healthcare,Local Clinic,health,459.47
Entertainment,Spotify,streaming movie music #1057,21.57
Groceries,Whole Foods,groceries food meat #6965,88.04
Shopping,Target,clothes shoes,172.86
Groceries,Walmart,dairy food groceries,175.1
Food & Dining,Chipotle,takeout #1543,760.78
Transportation,Metro,fuel,43.68
Bills & Utilities,Water Service,bill utility,222.27
Entertainment,Steam,entertainment game streaming,23.67
Shopping,Amazon,accessories electronics,164.09
Others,Unknown Vendor,general,98.07
Transportation,BP,transportation,73.24
Shopping,H&M,accessories #8405,112.03
Healthcare,Local Clinic,prescription doctor medicine,43.35
Entertainment,AMC Theaters,music,44.37
Food & Dining,Pizza Hut,restaurant meal,421.52
Food & Dining,Subway,restaurant delivery dinner #2429,373.16
Others,Miscellaneous,other misc service #3106,910.41
Others,Various Services,other,846.34
Entertainment,Xbox,game entertainment movie,45.65
Groceries,Safeway,produce dairy #4403,98.66
Food & Dining,Pizza Hut,dinner delivery,747.37
Shopping,H&M,accessories,205.58
Groceries,Trader Joes,meat,118.75
Transportation,Lyft,gas fuel,53.42
Bills & Utilities,Verizon,bill,427.1
Shopping,Best Buy,electronics purchase,205.59
Shopping,H&M,accessories,180.43
Food & Dining,Pizza Hut,dinner,723.35
Healthcare,Walgreens,medical,246.3
Others,Miscellaneous,misc general #6411,486.87
Others,Miscellaneous,general misc,247.66
Bills & Utilities,Electric Company,service payment,265.88
Others,Various Services,general payment misc,610.23
Others,Unknown Vendor,service other misc,268.55
Transportation,Uber,transportation gas fuel #9844,18.84
Entertainment,Netflix,game streaming #8009,30.25
Bills & Utilities,Electric Company,utility,847.0
Healthcare,Walgreens,medical prescription,290.13
Shopping,Amazon,clothes electronics #8484,88.21
Healthcare,CVS,prescription doctor health #6991,375.93
Groceries,Walmart,meat #2593,150.83
Others,Unknown Vendor,payment other,136.16
Others,Unknown Vendor,payment service,448.51
Food & Dining,Chipotle,takeout delivery,959.77
Food & Dining,Pizza Hut,restaurant dinner lunch,817.11
Transportation,BP,fuel gas transportation #6306,32.67
Bills & Utilities,Water Service,monthly,176.99
Food & Dining,Chipotle,lunch dinner #1095,108.36
Shopping,Best Buy,purchase electronics,264.85
Entertainment,AMC Theaters,entertainment #5310,40.52
Bills & Utilities,Verizon,utility #1933,834.05
Shopping,Best Buy,purchase electronics shoes,45.55
Others,Various Services,payment service,67.46
Bills & Utilities,Verizon,utility bill service,237.61
Healthcare,Local Clinic,health medical doctor,149.38
Groceries,Whole Foods,food meat groceries,58.82
Food & Dining,Chipotle,takeout #8902,521.69
Transportation,Lyft,gas ride,14.78
Others,Unknown Vendor,service,945.54
Groceries,Trader Joes,produce groceries,67.45
Bills & Utilities,Electric Company,utility payment bill,100.69
Food & Dining,Pizza Hut,meal takeout,780.2
Transportation,BP,gas,52.24
Bills & Utilities,Water Service,monthly,265.63
Healthcare,Walgreens,health prescription #5629,323.96
Bills & Utilities,Water Service,service bill,936.75
Shopping,H&M,electronics #7781,273.33
Bills & Utilities,Verizon,monthly payment service #3474,278.8
Healthcare,Walgreens,doctor health prescription #2603,111.5
Groceries,Walmart,meat bread produce,65.45
Healthcare,Walgreens,health,487.51
Healthcare,Walgreens,medicine medical #2490,59.8
Others,Miscellaneous,general payment other,188.61
Healthcare,Local Clinic,prescription medicine medical #5786,465.25
Groceries,Trader Joes,dairy #5767,168.38
Shopping,Best Buy,accessories #9975,227.07
Healthcare,CVS,doctor medicine prescription,233.51
Groceries,Walmart,bread,103.6
Healthcare,Walgreens,prescription health,362.08
Bills & Utilities,Electric Company,monthly payment utility,608.52
Transportation,Lyft,taxi #4484,61.22
Entertainment,Steam,movie streaming entertainment,44.76
Bills & Utilities,Water Service,payment,28.15
Shopping,Amazon,accessories shoes clothes #3245,251.76
Transportation,Shell,transit #3391,65.37
Shopping,H&M,electronics accessories #4736,185.89
Others,Various Services,general #1974,328.73
Others,Miscellaneous,service general,623.03
Others,Various Services,misc general,509.72
Shopping,Nike,electronics shoes clothes,172.11
Entertainment,Spotify,game,28.55
Shopping,Target,purchase,236.63
Groceries,Kroger,meat dairy,88.51
Entertainment,AMC Theaters,game movie entertainment,19.73
Groceries,Kroger,meat,73.02
Bills & Utilities,Electric Company,monthly,152.99
Groceries,Trader Joes,meat groceries food,61.79
Groceries,Kroger,meat,79.57
Bills & Utilities,AT&T,payment #3792,148.44
Transportation,Uber,transit gas fuel #5818,18.94
Others,Unknown Vendor,misc service other,721.66
Others,Unknown Vendor,payment,635.88
Entertainment,Spotify,game streaming #1306,14.84
Groceries,Trader Joes,bread dairy,142.26
Others,Various Services,other service general,742.73
Entertainment,Netflix,streaming #3020,46.39
Healthcare,Local Clinic,doctor medicine,171.14
Healthcare,Walgreens,medicine health,173.83
Entertainment,Xbox,entertainment,30.18
Bills & Utilities,AT&T,monthly payment #5032,305.44
Transportation,BP,taxi ride transit,69.34
Food & Dining,Chipotle,delivery restaurant,306.46
Transportation,Metro,taxi,79.41
Shopping,Nike,shoes #8000,93.63
Food & Dining,McDonalds,meal,923.2
Entertainment,Steam,movie #2657,11.44
Food & Dining,Chipotle,takeout restaurant,876.12
Transportation,BP,ride fuel,29.12
Entertainment,Spotify,streaming,20.68
Healthcare,Local Clinic,doctor medicine,330.71
Bills & Utilities,AT&T,payment service bill #3966,405.28
Healthcare,Local Clinic,doctor prescription,281.0
Groceries,Walmart,meat dairy,137.09
Transportation,Shell,fuel taxi transportation,23.06
Groceries,Whole Foods,produce,186.99
Bills & Utilities,AT&T,utility,180.54
Others,Unknown Vendor,misc #7654,601.13
Transportation,BP,transit,17.62
Healthcare,CVS,prescription medical medicine #2335,429.66
Healthcare,CVS,health #9455,88.94
Entertainment,AMC Theaters,movie music entertainment,39.27
Shopping,Best Buy,purchase,173.76
Food & Dining,Pizza Hut,restaurant,165.5
Food & Dining,Pizza Hut,restaurant #8573,70.54
Groceries,Walmart,bread,84.5
Others,Various Services,other misc service,468.64
Healthcare,Walgreens,medicine prescription health,137.68
Shopping,H&M,electronics,209.49
Groceries,Safeway,produce groceries #9148,100.01
Transportation,Shell,gas taxi ride,70.34
Entertainment,AMC Theaters,entertainment,27.33
Bills & Utilities,Electric Company,payment utility #7161,287.26
Shopping,Target,clothes,265.7
Shopping,H&M,accessories clothes purchase,181.19
Healthcare,Quest Diagnostics,health doctor,179.41
Groceries,Whole Foods,produce food,123.99
Food & Dining,Chipotle,takeout #7975,282.71
Food & Dining,McDonalds,restaurant lunch #1304,201.21
Bills & Utilities,Electric Company,bill,46.99
Others,Various Services,other payment service,251.61
Groceries,Safeway,meat,157.49
Bills & Utilities,AT&T,service payment,976.03
Food & Dining,Subway,restaurant #1547,560.64
Food & Dining,Local Restaurant,delivery dinner takeout,756.62
Transportation,Metro,ride,69.23
Shopping,Nike,shoes electronics purchase,197.17
Groceries,Safeway,produce bread meat,36.36
Others,Unknown Vendor,general service,770.17
Transportation,Metro,gas,17.18
Food & Dining,Pizza Hut,meal restaurant takeout,352.37
Transportation,Metro,fuel transit gas #5858,79.6
Bills & Utilities,AT&T,bill #4115,996.39
Transportation,Uber,gas fuel taxi #7320,25.56
Transportation,Uber,transportation transit taxi,48.13
Bills & Utilities,AT&T,payment,321.54
Food & Dining,Subway,meal lunch restaurant #2122,260.56
Healthcare,Quest Diagnostics,health prescription,318.65
Bills & Utilities,AT&T,monthly utility #7924,551.19
Healthcare,Local Clinic,medical,393.0
Shopping,Target,accessories electronics,64.88
Entertainment,AMC Theaters,music movie,18.65
Healthcare,Quest Diagnostics,prescription,302.13
Others,Various Services,other,959.42
Food & Dining,Chipotle,dinner lunch delivery,974.41
Transportation,Uber,ride transit fuel #7618,57.19
Healthcare,Quest Diagnostics,health doctor prescription,44.24
Healthcare,CVS,medical health doctor,462.01
Others,Miscellaneous,other,967.49
Others,Unknown Vendor,misc general other,379.71
Healthcare,CVS,health,433.59
Food & Dining,Local Restaurant,delivery dinner takeout,464.83
Shopping,Nike,clothes shoes,119.7
Shopping,Nike,accessories #2154,194.76
Bills & Utilities,AT&T,monthly utility,684.72
Shopping,H&M,shoes electronics clothes #2188,97.87
Bills & Utilities,Verizon,bill service,25.3
Shopping,Target,purchase accessories,163.98
Transportation,BP,ride gas #3036,29.75
Groceries,Walmart,groceries,22.79
Food & Dining,Subway,meal takeout #8476,852.02
Entertainment,Spotify,music movie game,45.72
Healthcare,CVS,medical medicine,176.24
Transportation,Shell,transit fuel taxi,22.08
Entertainment,Netflix,movie music,24.41
Transportation,Shell,fuel transportation taxi,5.16
Bills & Utilities,Verizon,payment,982.77
Entertainment,Xbox,game entertainment,27.61
Bills & Utilities,Water Service,monthly,486.15
Healthcare,Local Clinic,medical medicine,231.72
Healthcare,Quest Diagnostics,health doctor medical #5293,30.86
Groceries,Walmart,food,115.01
Healthcare,CVS,health #3877,353.18
Shopping,Target,clothes electronics purchase,201.47
Healthcare,Local Clinic,medical health,341.79
Healthcare,CVS,doctor medical,352.21
Transportation,Uber,taxi fuel #9143,66.4
Healthcare,Local Clinic,medicine prescription,414.8
Bills & Utilities,Electric Company,bill monthly,773.43
Transportation,Metro,taxi ride,6.36
Food & Dining,McDonalds,restaurant delivery dinner,525.13
Food & Dining,Subway,meal,628.16
Healthcare,Walgreens,prescription medical,121.24
Healthcare,Quest Diagnostics,health doctor medical,111.98
Bills & Utilities,Verizon,service utility bill #2581,385.35
Food & Dining,McDonalds,restaurant,455.05
Transportation,Metro,ride fuel transit,45.73
Entertainment,Spotify,entertainment,14.78
Bills & Utilities,Water Service,payment #4824,316.01
Transportation,Shell,taxi fuel transportation #5160,60.39
Shopping,Amazon,purchase clothes shoes #2082,223.81
Healthcare,Local Clinic,doctor #8330,187.04
Transportation,Uber,transportation gas fuel #2265,58.73
Healthcare,CVS,medicine prescription doctor #5103,170.59
Groceries,Safeway,bread #3107,113.37
Shopping,H&M,purchase clothes,100.74
Others,Miscellaneous,payment other service #1941,684.85
Healthcare,Quest Diagnostics,prescription health doctor #3279,254.74
Transportation,Shell,transit gas ride #4122,76.24
Healthcare,Walgreens,medical doctor health,71.67
Entertainment,Xbox,entertainment,32.61
Groceries,Kroger,produce,193.16
Transportation,Lyft,fuel,70.37
Others,Miscellaneous,service payment general #4356,408.72
Bills & Utilities,Verizon,monthly service,588.38
Entertainment,AMC Theaters,streaming movie music,24.47
Transportation,Metro,ride,75.72
Healthcare,CVS,medical #2322,339.47
Entertainment,Steam,entertainment,30.59
Healthcare,CVS,medical prescription #5517,32.05
Transportation,Metro,gas taxi ride,60.78
Groceries,Whole Foods,produce meat bread #8285,50.71
Bills & Utilities,AT&T,monthly,924.53
Food & Dining,Local Restaurant,restaurant dinner #6427,606.93
Transportation,Shell,taxi,79.05
Entertainment,Spotify,game movie,33.49
Food & Dining,Chipotle,takeout,655.38
Food & Dining,Local Restaurant,lunch takeout,612.85
Healthcare,CVS,medical,354.17
Groceries,Kroger,bread groceries #3078,130.18
Bills & Utilities,Water Service,service utility payment,770.13
Transportation,BP,ride transportation gas,63.83
Entertainment,Netflix,movie entertainment #3799,17.56
Healthcare,Quest Diagnostics,medicine health medical #5580,24.6
Others,Unknown Vendor,other #1773,989.35
Others,Unknown Vendor,other,821.59
Entertainment,Spotify,music game #2308,29.49
Entertainment,Netflix,game,22.73
Shopping,H&M,clothes #9572,82.64
Healthcare,Walgreens,doctor prescription,173.19
Food & Dining,Subway,meal,563.11
Healthcare,Local Clinic,prescription medicine,420.21
Food & Dining,Subway,takeout delivery,459.36
Food & Dining,Local Restaurant,takeout,794.77
Transportation,Metro,transportation transit,36.01
Entertainment,Steam,music game,16.83
Groceries,Trader Joes,meat dairy,126.28
Bills & Utilities,Electric Company,bill,180.37
Healthcare,Walgreens,medicine health doctor,90.81
Food & Dining,McDonalds,meal,867.96
Shopping,Amazon,purchase shoes electronics,110.02
Others,Various Services,general payment,134.81
Shopping,Target,electronics purchase accessories,80.46
Healthcare,Quest Diagnostics,prescription health #1109,219.98
Healthcare,CVS,health prescription doctor,338.99
Bills & Utilities,AT&T,payment service #3711,785.08
Entertainment,Steam,entertainment music,19.02
Bills & Utilities,Electric Company,service payment,929.63
Transportation,Metro,transportation taxi fuel #6960,18.02
Healthcare,Local Clinic,prescription doctor,207.36
Bills & Utilities,Water Service,bill payment,313.62
Groceries,Walmart,groceries,114.08
Entertainment,Netflix,movie music,32.97
Groceries,Trader Joes,meat dairy,124.62
Healthcare,Local Clinic,medicine health,102.24
Others,Various Services,payment other,143.47
Entertainment,Spotify,entertainment game streaming,10.65
Entertainment,AMC Theaters,movie entertainment streaming #1354,12.86
Bills & Utilities,AT&T,payment service,290.49
Bills & Utilities,AT&T,payment utility bill,146.19
Food & Dining,Subway,delivery lunch meal,741.58
Transportation,Lyft,transportation transit,62.67
Entertainment,Xbox,entertainment streaming,48.48
Healthcare,CVS,health medicine prescription,290.98
Food & Dining,Subway,restaurant,630.18
Bills & Utilities,Water Service,monthly #3180,909.23
Shopping,Nike,accessories clothes #3973,182.86
Shopping,Nike,shoes accessories electronics,280.14
Entertainment,Netflix,music game movie,45.45
Others,Miscellaneous,general service #4457,354.37
Healthcare,Local Clinic,health #4044,205.74
Shopping,Best Buy,clothes,161.04
Groceries,Trader Joes,food bread,46.19
Transportation,Metro,fuel taxi ride #5630,59.98
Groceries,Walmart,produce dairy #7662,77.62
Groceries,Whole Foods,meat groceries,143.28
Others,Miscellaneous,misc service,511.71
Healthcare,Quest Diagnostics,doctor medical health,145.42
Shopping,H&M,accessories shoes #4305,261.68
Healthcare,CVS,prescription,119.82
Healthcare,Local Clinic,doctor,305.85
Shopping,Target,accessories purchase electronics,129.2
Bills & Utilities,Electric Company,service utility monthly,304.9
Bills & Utilities,Electric Company,service,156.82
Transportation,Uber,fuel gas,32.34
Transportation,Metro,fuel taxi gas,22.33
Entertainment,Netflix,entertainment game,16.57
Others,Miscellaneous,other general #1188,901.4
Shopping,H&M,clothes electronics shoes #2420,204.22
Others,Various Services,general,813.66
Shopping,H&M,clothes,51.51
Shopping,Nike,shoes accessories,260.28
Entertainment,Steam,music streaming movie #9483,49.29
Groceries,Whole Foods,meat,174.02
Transportation,BP,taxi ride transportation,40.22
Others,Miscellaneous,misc other service #2775,535.53
Shopping,Target,clothes accessories,151.34
Groceries,Walmart,bread food groceries,79.66
Healthcare,Quest Diagnostics,medicine doctor,66.58
Transportation,Uber,taxi,59.03
Healthcare,Walgreens,doctor health medicine,189.95
Bills & Utilities,Verizon,payment,494.48
Others,Unknown Vendor,general,180.91
Healthcare,Walgreens,doctor medical health,115.33
Entertainment,Xbox,music #5220,23.86
Food & Dining,Chipotle,lunch restaurant delivery #2880,578.65
Others,Miscellaneous,other,390.45
Shopping,Nike,purchase,159.86
Entertainment,Xbox,streaming movie #6951,35.88
Transportation,Uber,transportation gas transit,70.18
Transportation,Uber,taxi transportation,33.5
Entertainment,Netflix,entertainment,20.41
Bills & Utilities,AT&T,bill monthly payment,956.36
Entertainment,AMC Theaters,music,38.11
Groceries,Kroger,groceries dairy bread #3312,48.25
Healthcare,Walgreens,doctor #3211,499.33
Food & Dining,Local Restaurant,restaurant takeout #3431,162.69
Groceries,Safeway,food,52.83
Others,Various Services,other service general,949.02
Healthcare,Walgreens,medicine,414.49
Bills & Utilities,AT&T,service monthly #4613,789.06
Transportation,BP,taxi,51.69
Groceries,Whole Foods,dairy food #5668,91.1
Others,Miscellaneous,service,340.11
Food & Dining,McDonalds,dinner,807.65
Shopping,Amazon,shoes #5691,196.65
Food & Dining,Pizza Hut,takeout,19.42
Transportation,Shell,transportation,24.34
Bills & Utilities,Electric Company,service,498.47
Healthcare,Walgreens,medical doctor prescription,149.46
Transportation,Lyft,transit ride,16.45
Healthcare,Local Clinic,health,171.05
Food & Dining,Local Restaurant,dinner,229.42
Groceries,Kroger,food meat dairy #2787,96.99
Food & Dining,Chipotle,delivery lunch takeout,50.06
Entertainment,Xbox,movie game,36.89
Shopping,Target,electronics purchase clothes,235.7
Groceries,Kroger,produce food groceries #2535,39.87
Shopping,Amazon,clothes shoes accessories,251.71
Shopping,Best Buy,electronics purchase #7649,225.93
Food & Dining,Chipotle,takeout,876.13
Transportation,Lyft,ride,65.82
Bills & Utilities,Verizon,payment utility,550.56
Healthcare,Walgreens,prescription doctor medicine #7881,393.98
Others,Various Services,payment,387.74
Bills & Utilities,AT&T,utility,376.43
Others,Various Services,other payment #6787,714.84
Food & Dining,Local Restaurant,meal dinner,764.65
Transportation,Lyft,fuel gas taxi,78.04
Healthcare,Walgreens,medical medicine doctor,285.51
Healthcare,Local Clinic,medical medicine,143.01
Shopping,Nike,electronics clothes,92.24
Food & Dining,Chipotle,takeout #1008,518.19
Entertainment,Steam,streaming music,11.15
Bills & Utilities,Water Service,monthly service #6541,243.56
Healthcare,Quest Diagnostics,medicine prescription #3506,35.59
Groceries,Safeway,groceries food,178.65
Shopping,Best Buy,electronics purchase clothes,27.33
Healthcare,Quest Diagnostics,health medical medicine,183.12
Groceries,Safeway,produce groceries meat,181.88
Food & Dining,Pizza Hut,takeout #3734,142.29
Transportation,BP,transit ride,62.34
Healthcare,Quest Diagnostics,medicine #3875,134.5
Others,Various Services,service other #9629,78.46
Shopping,Amazon,shoes electronics clothes,175.35
Entertainment,Xbox,entertainment,10.9
Shopping,Amazon,electronics clothes,174.55
Bills & Utilities,Electric Company,utility bill payment #6347,344.47
Shopping,Amazon,electronics accessories shoes,129.94
Bills & Utilities,Verizon,monthly payment utility,288.83
Others,Unknown Vendor,general service payment,938.05
Bills & Utilities,Water Service,bill payment,848.31
Healthcare,Local Clinic,prescription,235.28
Bills & Utilities,Electric Company,monthly payment bill,30.06
Bills & Utilities,Verizon,service payment #8117,280.3
Groceries,Kroger,bread dairy food #6319,44.67
Others,Miscellaneous,general misc payment,838.19
Transportation,Shell,ride,65.66
Others,Miscellaneous,general other payment,167.54
Entertainment,Spotify,streaming music,30.07
Food & Dining,Local Restaurant,meal dinner,718.33
Entertainment,AMC Theaters,entertainment movie game,26.66
Bills & Utilities,Water Service,payment bill,181.46
Others,Unknown Vendor,misc general,451.62
Groceries,Trader Joes,food produce groceries,154.81
Bills & Utilities,AT&T,service utility,581.85
Others,Unknown Vendor,general,866.08
Others,Miscellaneous,payment misc,125.85
Bills & Utilities,Verizon,service monthly utility,76.11
Transportation,Shell,taxi ride,13.24
Groceries,Trader Joes,dairy meat,26.55
Healthcare,CVS,medical doctor,447.33
Transportation,Metro,transit transportation gas,15.74
Bills & Utilities,Water Service,payment service utility,672.8
Groceries,Walmart,meat bread groceries,118.11
Groceries,Walmart,meat dairy bread,175.19
Healthcare,CVS,medical medicine #1850,161.39
Bills & Utilities,AT&T,bill utility monthly #1079,275.08
Transportation,Shell,taxi fuel,7.72
Others,Various Services,misc other payment,643.86
Food & Dining,Subway,dinner #1013,653.29
Transportation,BP,gas,36.9
Others,Various Services,other general,434.4
Bills & Utilities,Verizon,payment utility,122.23
Shopping,Nike,clothes electronics purchase,270.78
Entertainment,Steam,game streaming movie,14.61
Others,Various Services,other,79.05
Food & Dining,Pizza Hut,lunch #8149,544.93
Transportation,Uber,ride transit #1916,55.56
Bills & Utilities,Water Service,utility,240.48
Bills & Utilities,Verizon,utility service bill,903.25
Food & Dining,Subway,restaurant #2937,798.07
Shopping,Nike,purchase,95.26
Others,Unknown Vendor,general misc,790.51
Food & Dining,Local Restaurant,delivery takeout restaurant,284.59
Transportation,Uber,gas ride transit,12.68
Others,Various Services,service #6542,149.76
Food & Dining,McDonalds,takeout,217.58
Others,Miscellaneous,other general service,664.52
Healthcare,Local Clinic,health,130.86
Transportation,Metro,gas ride,58.9
Others,Unknown Vendor,service payment general,606.72
Food & Dining,Local Restaurant,restaurant delivery dinner #1799,860.44
Healthcare,CVS,prescription,395.15
Groceries,Whole Foods,food groceries,180.35
Healthcare,Local Clinic,medicine #7202,180.8
Food & Dining,McDonalds,lunch delivery takeout,347.13
Healthcare,Quest Diagnostics,prescription health,33.58
Healthcare,Quest Diagnostics,doctor,191.58
Transportation,Uber,transportation gas transit #6778,8.53
Healthcare,Local Clinic,doctor health prescription,418.91
Entertainment,Netflix,game,43.18
Shopping,H&M,purchase,182.34
Healthcare,CVS,medicine medical,153.56
Entertainment,Spotify,game movie entertainment #4018,46.17
Shopping,Best Buy,purchase shoes #4096,288.67
Transportation,Lyft,gas fuel,70.9
Entertainment,Steam,game music streaming,30.24
Others,Unknown Vendor,misc,828.34
Food & Dining,Pizza Hut,takeout,268.53
Shopping,H&M,purchase,58.0
Food & Dining,McDonalds,dinner takeout lunch #2862,587.9
Bills & Utilities,Verizon,utility monthly,434.72
Transportation,Uber,gas transit #3533,13.16
Healthcare,Quest Diagnostics,health medicine medical,194.02
Transportation,Lyft,fuel gas transit,67.44
Bills & Utilities,Water Service,service #1887,107.8
Shopping,Best Buy,purchase,266.75
Food & Dining,McDonalds,delivery,899.16
Others,Unknown Vendor,payment general misc,498.19
Bills & Utilities,Water Service,monthly #5534,962.33
Shopping,Target,shoes electronics accessories,15.55
Groceries,Whole Foods,produce food bread,110.02
Healthcare,Quest Diagnostics,doctor health,324.07
Healthcare,Local Clinic,medicine #2081,263.36
Healthcare,Local Clinic,doctor,37.39
Food & Dining,McDonalds,takeout #3322,707.57
Shopping,Best Buy,accessories electronics,75.27
Healthcare,Local Clinic,doctor #8510,369.56
Groceries,Kroger,produce,35.67
Bills & Utilities,Electric Company,payment monthly utility #8147,789.49
Groceries,Safeway,dairy produce,189.05
Healthcare,Walgreens,medical,436.34
Groceries,Kroger,bread,161.8
Groceries,Kroger,bread,50.33
Groceries,Trader Joes,food groceries dairy,107.91
Groceries,Walmart,groceries meat produce,150.53
Groceries,Trader Joes,bread produce #5920,22.14
Bills & Utilities,Electric Company,monthly bill,681.0
Entertainment,Steam,movie entertainment,28.58
Bills & Utilities,AT&T,bill monthly service,283.75
Groceries,Trader Joes,dairy meat,175.23
Shopping,Best Buy,shoes purchase clothes,69.44
Food & Dining,Pizza Hut,delivery restaurant takeout,395.5
Bills & Utilities,Verizon,payment utility service,562.62
Entertainment,Steam,music movie entertainment,15.47
Groceries,Trader Joes,bread groceries food,179.17
Food & Dining,Local Restaurant,lunch takeout meal,78.11
Others,Miscellaneous,payment general,240.27
Food & Dining,Local Restaurant,restaurant delivery takeout #8134,565.39
Others,Miscellaneous,service other,644.01
Entertainment,Spotify,streaming music entertainment,10.45
Entertainment,Xbox,movie #6669,48.32
Groceries,Whole Foods,bread food meat,54.21
Bills & Utilities,Verizon,service payment monthly,155.31
Food & Dining,Chipotle,restaurant takeout,202.81
Bills & Utilities,Electric Company,service payment utility,822.16
Shopping,Best Buy,accessories,71.97
Shopping,Target,clothes shoes #6893,64.38
Others,Various Services,general payment #4944,404.53
Healthcare,Walgreens,medicine doctor health,444.15
Shopping,Target,electronics accessories,53.3
Shopping,Best Buy,electronics,282.94
Shopping,Target,clothes,137.41
Transportation,Uber,gas,45.9
Others,Miscellaneous,misc other general,168.98
Food & Dining,Local Restaurant,takeout restaurant,743.58
Food & Dining,Pizza Hut,delivery takeout dinner,779.55
Food & Dining,Pizza Hut,delivery takeout,865.21
Entertainment,Netflix,game #4411,25.11
Transportation,Lyft,taxi,53.6
Others,Various Services,payment misc general #7322,858.3
Entertainment,AMC Theaters,entertainment game,10.71
Groceries,Whole Foods,meat produce,175.28
Transportation,BP,fuel ride transportation,75.88
Healthcare,Quest Diagnostics,health,405.03
Entertainment,Xbox,game streaming,43.8
Shopping,Amazon,purchase clothes,155.84
Food & Dining,Chipotle,meal dinner,478.84
Transportation,Uber,gas transit,73.12
Bills & Utilities,Verizon,payment monthly,587.26
Transportation,Uber,transit fuel taxi,15.74
Groceries,Kroger,groceries produce bread,86.02
Healthcare,Local Clinic,health,177.1
Groceries,Whole Foods,meat,195.46
Food & Dining,Subway,meal takeout,449.59
Transportation,BP,transit fuel taxi,7.52
Entertainment,Spotify,game streaming movie,30.97
Others,Various Services,service #8559,923.86
Food & Dining,McDonalds,lunch,923.75
Transportation,Metro,transportation taxi ride,10.24
Healthcare,Quest Diagnostics,prescription,107.56
Bills & Utilities,Water Service,monthly service payment,988.53
Groceries,Trader Joes,dairy #2131,93.52
Transportation,BP,gas,75.51
Entertainment,AMC Theaters,game music streaming,31.79
Food & Dining,McDonalds,takeout delivery dinner,84.26
Transportation,Shell,transit #8484,34.81
Shopping,Nike,accessories,164.23
Food & Dining,Pizza Hut,takeout,27.11
Transportation,Metro,ride #9395,25.06
Bills & Utilities,Water Service,service payment utility,980.08
Groceries,Walmart,dairy bread produce,83.06
Groceries,Walmart,groceries,198.69
Entertainment,Netflix,movie music #3877,27.76
Bills & Utilities,Verizon,payment,762.77
Shopping,Nike,shoes,192.24
Entertainment,AMC Theaters,music movie #5803,27.6
Food & Dining,Chipotle,dinner restaurant meal #5418,569.27
Transportation,Shell,fuel taxi gas,74.25
Groceries,Whole Foods,groceries meat produce,92.72
Entertainment,Xbox,streaming game movie #4790,33.93
Shopping,Best Buy,purchase clothes,238.14
Groceries,Whole Foods,groceries food produce #8321,33.88
Entertainment,AMC Theaters,movie music game,18.58
Shopping,Best Buy,electronics clothes,282.65
Transportation,BP,taxi,40.63
Food & Dining,Pizza Hut,takeout lunch #8892,393.91
Healthcare,CVS,medicine prescription health,314.97
Transportation,Uber,transportation transit #7633,28.54
Transportation,Shell,taxi transit gas,35.61
Groceries,Walmart,dairy bread #9486,71.62
Bills & Utilities,Electric Company,bill,282.2
Entertainment,AMC Theaters,game music streaming,29.47
Groceries,Walmart,meat groceries #4807,72.27
Groceries,Kroger,bread food,43.07
Healthcare,CVS,medical medicine #6828,104.24
Food & Dining,Pizza Hut,delivery,122.61
Others,Unknown Vendor,general misc payment,547.14
Transportation,Shell,ride taxi fuel,58.7
Others,Various Services,payment #2821,331.19
Food & Dining,Pizza Hut,dinner,794.1
Shopping,Best Buy,purchase clothes electronics,236.93
Others,Unknown Vendor,general other #6525,944.35
Bills & Utilities,Water Service,utility bill monthly,617.15
Shopping,Amazon,electronics shoes accessories,27.99
Food & Dining,McDonalds,meal,447.14
Entertainment,AMC Theaters,streaming movie,31.24
Transportation,Lyft,transportation gas,16.03
Entertainment,Xbox,movie game,12.31
Others,Various Services,service #5311,745.78
Healthcare,CVS,medical medicine,480.79
Entertainment,Netflix,entertainment #8094,29.1
Entertainment,Spotify,movie music,36.41
Groceries,Walmart,groceries,40.08
Groceries,Walmart,dairy,159.84
Healthcare,Quest Diagnostics,medicine doctor #2812,479.62
Groceries,Safeway,bread dairy produce,110.25
Groceries,Whole Foods,produce groceries,93.57
Groceries,Safeway,groceries dairy produce,183.2
Food & Dining,Chipotle,delivery takeout lunch,533.63
Others,Miscellaneous,general other,23.79
Transportation,Shell,fuel ride,47.04
