Store,Items,Amount,Category
Best Buy,purchase electronics shoes,216.88,Shopping
Electric Company,monthly service,808.51,Bills & Utilities
Unknown Vendor,service misc general,140.48,Others
Best Buy,accessories shoes #5069,132.03,Shopping
AT&T,service payment,400.01,Bills & Utilities
Local Clinic,medical doctor medicine,136.03,Healthcare
Walmart,produce,54.14,Groceries
Local Clinic,medical medicine #1946,104.07,Healthcare
Safeway,produce dairy,96.32,Groceries
Local Clinic,health #8360,206.7,Healthcare
AMC Theaters,game streaming,30.07,Entertainment
Best Buy,clothes accessories,223.43,Shopping
Trader Joes,dairy,128.88,Groceries
Metro,gas,41.28,Transportation
Trader Joes,bread meat,58.9,Groceries
Shell,gas,66.17,Transportation
Safeway,produce dairy bread,96.38,Groceries
Shell,transportation,77.81,Transportation
Netflix,entertainment game streaming,22.72,Entertainment
Lyft,transportation gas #6119,63.83,Transportation
Various Services,payment service misc,491.41,Others
Netflix,movie,38.36,Entertainment
Quest Diagnostics,prescription,496.75,Healthcare
Subway,takeout dinner delivery #4455,523.24,Food & Dining
Electric Company,monthly payment,163.48,Bills & Utilities
Miscellaneous,payment,779.36,Others
Steam,music entertainment,14.12,Entertainment
Verizon,service payment,223.43,Bills & Utilities
Amazon,accessories shoes electronics,213.27,Shopping
Unknown Vendor,other #8472,721.43,Others
Verizon,payment bill service,433.26,Bills & Utilities
Target,clothes purchase shoes #1731,213.68,Shopping
Miscellaneous,other general,408.32,Others
Verizon,service #2616,175.72,Bills & Utilities
Miscellaneous,other service misc,831.7,Others
Walgreens,health doctor,292.24,Healthcare
Target,electronics clothes,60.5,Shopping
Netflix,entertainment #2031,19.01,Entertainment
Pizza Hut,dinner meal,448.98,Food & Dining
Electric Company,service,153.63,Bills & Utilities
AT&T,monthly payment service,539.56,Bills & Utilities
McDonalds,restaurant lunch,209.76,Food & Dining
McDonalds,lunch,452.1,Food & Dining
Walgreens,health,382.83,Healthcare
Unknown Vendor,misc general service,937.42,Others
CVS,doctor medical,228.21,Healthcare
Chipotle,meal restaurant lunch #7008,306.75,Food & Dining
Subway,dinner takeout restaurant,420.53,Food & Dining
Netflix,movie #8120,29.09,Entertainment
Walgreens,medicine #1210,499.18,Healthcare
Lyft,ride fuel taxi,38.31,Transportation
Kroger,bread #1670,68.11,Groceries
Unknown Vendor,general,471.29,Others
Best Buy,purchase #9349,125.95,Shopping
Quest Diagnostics,medical #7690,139.53,Healthcare
Various Services,other general,18.68,Others
Nike,clothes,88.32,Shopping
Xbox,game,40.87,Entertainment
CVS,prescription doctor health,385.84,Healthcare
Netflix,game movie,25.16,Entertainment
Metro,taxi,8.86,Transportation
Quest Diagnostics,health medical doctor,434.78,Healthcare
Verizon,payment bill utility #2434,468.96,Bills & Utilities
Unknown Vendor,payment #7158,394.77,Others
McDonalds,dinner restaurant delivery,284.68,Food & Dining
Verizon,monthly,853.3,Bills & Utilities
Quest Diagnostics,doctor prescription medical,489.19,Healthcare
Various Services,payment other #4167,479.61,Others
Best Buy,electronics purchase,139.02,Shopping
Trader Joes,produce food meat #6882,119.19,Groceries
Local Restaurant,lunch,905.47,Food & Dining
Subway,lunch,664.75,Food & Dining
Various Services,other,920.18,Others
Safeway,dairy #7754,172.15,Groceries
Walgreens,doctor medical,469.75,Healthcare
Unknown Vendor,payment,447.27,Others
Various Services,service payment misc,540.61,Others
Local Restaurant,delivery dinner,160.11,Food & Dining
Target,electronics accessories,43.71,Shopping
Netflix,entertainment,12.17,Entertainment
McDonalds,delivery meal restaurant,71.43,Food & Dining
Shell,gas transportation #7109,68.29,Transportation
Electric Company,monthly utility service,536.76,Bills & Utilities
Subway,dinner,269.42,Food & Dining
Safeway,groceries bread food,103.47,Groceries
Nike,shoes electronics,267.79,Shopping
Kroger,food,112.17,Groceries
Kroger,groceries,152.48,Groceries
McDonalds,meal dinner restaurant #7443,102.69,Food & Dining
Trader Joes,bread #1327,25.28,Groceries
Quest Diagnostics,health medical,254.56,Healthcare
Nike,accessories clothes,149.73,Shopping
Unknown Vendor,service misc,89.26,Others
Trader Joes,groceries,61.2,Groceries
Pizza Hut,delivery lunch,296.71,Food & Dining
Uber,transportation,5.76,Transportation
Local Clinic,medicine #6569,32.08,Healthcare
Safeway,meat produce groceries,122.34,Groceries
Walgreens,medicine health medical,490.19,Healthcare
Best Buy,shoes,108.81,Shopping
Local Clinic,medical #1489,464.85,Healthcare
Whole Foods,produce dairy bread #8180,32.1,Groceries
Metro,fuel transit,10.54,Transportation
Steam,streaming game movie,22.67,Entertainment
H&M,purchase accessories electronics,72.63,Shopping
Electric Company,monthly payment utility #1183,664.06,Bills & Utilities
Electric Company,payment bill #7435,863.43,Bills & Utilities
Trader Joes,produce food groceries,92.68,Groceries
Subway,lunch restaurant takeout,100.03,Food & Dining
Verizon,utility bill #6852,962.46,Bills & Utilities
Various Services,service other,273.41,Others
Uber,taxi transportation ride #6149,52.16,Transportation
Local Restaurant,dinner #9770,756.39,Food & Dining
AMC Theaters,entertainment music,42.69,Entertainment
Lyft,gas ride,30.83,Transportation
Various Services,service other #9021,68.89,Others
Quest Diagnostics,prescription medicine #6129,306.88,Healthcare
Unknown Vendor,other payment service,680.95,Others
CVS,health,294.16,Healthcare
Walmart,bread #8740,185.53,Groceries
Safeway,bread,139.38,Groceries
Walgreens,doctor medicine,486.14,Healthcare
Miscellaneous,payment service general,986.37,Others
Water Service,bill payment monthly,598.63,Bills & Utilities
CVS,health doctor,321.84,Healthcare
Pizza Hut,restaurant #5187,424.1,Food & Dining
H&M,purchase shoes,208.86,Shopping
Xbox,movie,47.59,Entertainment
Miscellaneous,general other,940.97,Others
Local Restaurant,restaurant,389.79,Food & Dining
AT&T,monthly utility payment,112.67,Bills & Utilities
Quest Diagnostics,prescription,302.71,Healthcare
McDonalds,restaurant,16.14,Food & Dining
Pizza Hut,restaurant dinner,550.12,Food & Dining
BP,gas transit taxi,51.52,Transportation
Metro,gas transportation,56.39,Transportation
Quest Diagnostics,health doctor,430.81,Healthcare
Walmart,groceries dairy produce,37.9,Groceries
Steam,streaming movie game #8527,11.79,Entertainment
Safeway,food #9535,39.42,Groceries
Amazon,electronics,148.12,Shopping
Water Service,utility,791.09,Bills & Utilities
AT&T,utility service #2059,282.35,Bills & Utilities
Walgreens,health doctor prescription #8053,48.09,Healthcare
Lyft,fuel,74.01,Transportation
Verizon,utility,719.42,Bills & Utilities
Xbox,entertainment game,30.16,Entertainment
Unknown Vendor,general other,221.8,Others
Xbox,game,45.25,Entertainment
CVS,medical,20.45,Healthcare
Steam,movie entertainment music,27.67,Entertainment
CVS,medical,288.03,Healthcare
McDonalds,dinner meal #7236,191.11,Food & Dining
Walgreens,health doctor medicine,152.99,Healthcare
Local Restaurant,delivery,116.71,Food & Dining
H&M,purchase #1890,258.14,Shopping
Shell,transportation taxi transit,16.96,Transportation
Local Restaurant,takeout,180.87,Food & Dining
Various Services,misc payment #2401,510.53,Others
Unknown Vendor,payment general,699.82,Others
Electric Company,service utility,968.26,Bills & Utilities
Kroger,bread food meat,118.34,Groceries
Trader Joes,groceries,146.48,Groceries
Unknown Vendor,general #1658,318.05,Others
Safeway,food,37.52,Groceries
Local Clinic,prescription medical #7208,229.32,Healthcare
BP,transportation,5.07,Transportation
Quest Diagnostics,medicine doctor health,176.63,Healthcare
Local Clinic,medicine health,269.12,Healthcare
Subway,dinner delivery takeout,661.95,Food & Dining
Electric Company,payment,521.18,Bills & Utilities
Water Service,bill service monthly,660.06,Bills & Utilities
Unknown Vendor,payment,170.42,Others
Shell,transportation taxi transit,78.3,Transportation
Pizza Hut,lunch dinner delivery,328.87,Food & Dining
Unknown Vendor,general,35.72,Others
Xbox,streaming entertainment movie #6431,11.26,Entertainment
Subway,takeout restaurant,576.53,Food & Dining
Electric Company,payment monthly bill,444.61,Bills & Utilities
Trader Joes,food,195.16,Groceries
Electric Company,payment utility,382.52,Bills & Utilities
Kroger,dairy meat groceries,108.69,Groceries
Spotify,entertainment movie,38.51,Entertainment
Unknown Vendor,misc general,560.28,Others
Local Restaurant,dinner lunch,627.39,Food & Dining
Trader Joes,meat,109.89,Groceries
AMC Theaters,game streaming music,13.01,Entertainment
Netflix,movie,22.52,Entertainment
Amazon,purchase,159.82,Shopping
Water Service,monthly payment,135.64,Bills & Utilities
Lyft,transportation,78.78,Transportation
Trader Joes,bread food meat #3194,83.48,Groceries
Pizza Hut,meal restaurant lunch,880.47,Food & Dining
Electric Company,service monthly bill,805.82,Bills & Utilities
Whole Foods,meat bread,66.14,Groceries
Local Restaurant,dinner lunch meal #3846,259.47,Food & Dining
Shell,fuel,37.84,Transportation
Local Clinic,medicine medical,417.34,Healthcare
Water Service,utility service monthly,609.0,Bills & Utilities
McDonalds,delivery meal,786.6,Food & Dining
Lyft,transportation #5620,73.96,Transportation
Target,purchase accessories shoes,219.71,Shopping
Xbox,movie music entertainment #3161,21.61,Entertainment
McDonalds,restaurant dinner delivery,58.93,Food & Dining
Chipotle,delivery dinner lunch,277.7,Food & Dining
Amazon,accessories,236.13,Shopping
Various Services,general,762.39,Others
CVS,medical doctor prescription #4507,349.59,Healthcare
Target,purchase electronics,260.3,Shopping
Miscellaneous,misc #1296,272.28,Others
Walgreens,prescription #1504,188.97,Healthcare
Local Clinic,doctor prescription medicine,315.08,Healthcare
Uber,ride taxi fuel #6522,43.36,Transportation
Amazon,accessories #5955,175.39,Shopping
Quest Diagnostics,doctor medical prescription,497.96,Healthcare
Nike,electronics shoes purchase #9341,69.77,Shopping
McDonalds,restaurant,120.06,Food & Dining
Target,electronics #8299,228.22,Shopping
Trader Joes,dairy,104.47,Groceries
Water Service,bill utility,471.0,Bills & Utilities
Various Services,other general,931.06,Others
Steam,game entertainment streaming #2391,41.23,Entertainment
Safeway,meat produce,115.85,Groceries
Best Buy,electronics purchase,159.29,Shopping
Unknown Vendor,general other,227.18,Others
Pizza Hut,restaurant lunch,37.1,Food & Dining
Whole Foods,dairy produce,172.81,Groceries
AT&T,monthly,50.7,Bills & Utilities
Uber,taxi gas fuel,75.21,Transportation
McDonalds,lunch,823.92,Food & Dining
Various Services,general,594.48,Others
Walgreens,health medicine,175.32,Healthcare
Amazon,electronics shoes,178.89,Shopping
Unknown Vendor,other,949.98,Others
Quest Diagnostics,doctor medical,295.74,Healthcare
Unknown Vendor,general,432.31,Others
Unknown Vendor,misc service,212.52,Others
Uber,transportation,20.79,Transportation
Spotify,music #6212,16.46,Entertainment
Various Services,general service #1233,698.33,Others
CVS,doctor medical medicine #9900,297.58,Healthcare
Steam,movie streaming entertainment,44.64,Entertainment
Xbox,movie #5900,40.27,Entertainment
Electric Company,monthly bill utility,738.79,Bills & Utilities
Lyft,transportation ride gas,12.93,Transportation
BP,gas,51.43,Transportation
Pizza Hut,restaurant meal,686.34,Food & Dining
Steam,streaming movie #5097,27.23,Entertainment
Quest Diagnostics,prescription medical doctor #1886,343.1,Healthcare
Electric Company,payment utility bill,283.59,Bills & Utilities
Various Services,service payment misc,818.16,Others
AMC Theaters,game entertainment movie,35.03,Entertainment
Pizza Hut,meal #9341,715.07,Food & Dining
Unknown Vendor,payment service,512.7,Others
Subway,dinner lunch meal #3976,113.66,Food & Dining
Subway,lunch,540.79,Food & Dining
Xbox,entertainment music,27.18,Entertainment
Various Services,service general,675.95,Others
Kroger,food,82.23,Groceries
Trader Joes,dairy produce,148.7,Groceries
Whole Foods,groceries produce,122.38,Groceries
Walgreens,medical medicine #3891,32.0,Healthcare
Miscellaneous,other,127.25,Others
Shell,fuel taxi,53.05,Transportation
Quest Diagnostics,medical,190.42,Healthcare
BP,fuel,62.19,Transportation
Best Buy,accessories shoes #5407,238.0,Shopping
AT&T,payment #7588,261.28,Bills & Utilities
Amazon,shoes #4521,173.59,Shopping
Walgreens,doctor,188.23,Healthcare
Uber,gas #3526,49.19,Transportation
Walgreens,health prescription #3996,172.06,Healthcare
Trader Joes,dairy produce bread #3427,145.98,Groceries
Kroger,meat produce #8611,28.91,Groceries
Uber,transportation gas #8207,28.01,Transportation
Pizza Hut,restaurant dinner delivery #5606,973.32,Food & Dining
Local Clinic,prescription #2512,222.77,Healthcare
AT&T,bill service,952.62,Bills & Utilities
Trader Joes,groceries meat produce,108.38,Groceries
Metro,transportation,19.91,Transportation
Pizza Hut,takeout lunch restaurant,251.88,Food & Dining
Verizon,utility payment service,537.03,Bills & Utilities
Unknown Vendor,payment,909.14,Others
Quest Diagnostics,medical medicine prescription #6357,38.8,Healthcare
Miscellaneous,service payment,418.53,Others
Whole Foods,meat bread,36.82,Groceries
Spotify,game entertainment streaming,41.23,Entertainment
Pizza Hut,takeout delivery,840.37,Food & Dining
Subway,takeout,886.59,Food & Dining
Miscellaneous,payment #2502,73.33,Others
Local Restaurant,restaurant lunch,610.95,Food & Dining
Unknown Vendor,general,254.06,Others
McDonalds,lunch delivery,523.78,Food & Dining
Unknown Vendor,service misc payment #7788,706.66,Others
Walgreens,doctor health medical #2952,58.3,Healthcare
McDonalds,lunch takeout,557.57,Food & Dining
AT&T,monthly,88.41,Bills & Utilities
Uber,ride,34.02,Transportation
Chipotle,dinner delivery,785.74,Food & Dining
Walmart,food produce dairy #9175,46.14,Groceries
Miscellaneous,payment misc service,274.36,Others
Electric Company,utility service monthly #7788,501.52,Bills & Utilities
Nike,clothes electronics,122.21,Shopping
Verizon,monthly bill utility,295.78,Bills & Utilities
Subway,takeout #6118,655.22,Food & Dining
Electric Company,payment #3771,56.82,Bills & Utilities
Miscellaneous,general misc,605.89,Others
Metro,transportation #1318,9.49,Transportation
Various Services,service general,425.23,Others
Verizon,monthly service bill,498.02,Bills & Utilities
Uber,ride #9265,10.11,Transportation
Verizon,utility bill #1226,875.24,Bills & Utilities
Uber,gas transportation transit,72.03,Transportation
Miscellaneous,misc,763.26,Others
Netflix,entertainment game #6488,21.66,Entertainment
Subway,dinner takeout,324.99,Food & Dining
Amazon,electronics,135.2,Shopping
BP,fuel #7190,49.17,Transportation
Local Restaurant,meal delivery lunch #3408,33.31,Food & Dining
Local Restaurant,meal restaurant,191.09,Food & Dining
McDonalds,dinner delivery,74.16,Food & Dining
Metro,ride fuel transit #8250,49.0,Transportation
Electric Company,payment bill service,559.58,Bills & Utilities
Walgreens,medical health medicine,360.87,Healthcare
Trader Joes,meat groceries,20.09,Groceries
Miscellaneous,payment,70.26,Others
BP,fuel taxi,23.71,Transportation
Amazon,shoes clothes purchase,96.24,Shopping
Walgreens,health medicine doctor,161.04,Healthcare
CVS,medicine prescription,465.02,Healthcare
Target,shoes accessories purchase,63.75,Shopping
BP,gas,69.37,Transportation
Pizza Hut,lunch takeout,842.93,Food & Dining
CVS,prescription medicine #5758,498.5,Healthcare
Pizza Hut,restaurant takeout dinner,800.64,Food & Dining
Water Service,utility monthly,916.87,Bills & Utilities
Steam,entertainment music #6593,17.3,Entertainment
Local Clinic,medical prescription medicine,67.42,Healthcare
Safeway,produce bread meat,40.95,Groceries
Water Service,service #9914,101.69,Bills & Utilities
Steam,music streaming #9950,40.1,Entertainment
Walmart,produce dairy food,29.24,Groceries
Local Clinic,prescription,328.67,Healthcare
Water Service,monthly payment service,788.16,Bills & Utilities
CVS,health,210.05,Healthcare
Water Service,payment service #9851,736.56,Bills & Utilities
Water Service,utility,361.98,Bills & Utilities
Best Buy,shoes electronics,220.58,Shopping
Quest Diagnostics,doctor prescription,418.07,Healthcare
Pizza Hut,dinner #5344,138.26,Food & Dining
Spotify,streaming,10.54,Entertainment
Subway,takeout delivery #2771,957.25,Food & Dining
Pizza Hut,takeout meal,415.89,Food & Dining
Quest Diagnostics,medical health,266.24,Healthcare
Best Buy,shoes accessories clothes,127.84,Shopping
Target,clothes shoes purchase,204.83,Shopping
H&M,shoes,198.25,Shopping
AMC Theaters,entertainment game movie,48.91,Entertainment
Subway,lunch meal takeout #1936,490.9,Food & Dining
CVS,doctor health #3701,296.8,Healthcare
Shell,transit,61.98,Transportation
Various Services,service general misc #3327,271.1,Others
Spotify,music entertainment #3799,45.75,Entertainment
AMC Theaters,streaming movie #7499,31.36,Entertainment
BP,ride gas,23.35,Transportation
Netflix,entertainment streaming,28.55,Entertainment
Steam,streaming game,32.78,Entertainment
Trader Joes,meat,23.68,Groceries
Nike,accessories shoes #3384,147.67,Shopping
Whole Foods,meat bread,146.67,Groceries
Walmart,produce,132.1,Groceries
Local Restaurant,meal #9292,717.4,Food & Dining
Chipotle,restaurant meal dinner,173.28,Food & Dining
H&M,accessories shoes,86.79,Shopping
Unknown Vendor,general misc payment #1213,631.87,Others
Subway,meal delivery #7056,459.53,Food & Dining
Metro,ride,25.36,Transportation
Best Buy,shoes,71.13,Shopping
AT&T,service utility bill #9990,283.84,Bills & Utilities
Verizon,payment,692.71,Bills & Utilities
Various Services,general payment #9900,630.61,Others
AMC Theaters,movie game entertainment,49.41,Entertainment
Water Service,utility payment,386.8,Bills & Utilities
AMC Theaters,movie game,35.4,Entertainment
Various Services,service,609.32,Others
Water Service,utility service monthly,415.43,Bills & Utilities
Miscellaneous,general payment misc #5266,189.55,Others
Metro,ride fuel transportation,11.02,Transportation
Spotify,streaming game music,47.6,Entertainment
Netflix,entertainment,24.99,Entertainment
Water Service,utility payment monthly,832.01,Bills & Utilities
AMC Theaters,music,33.22,Entertainment
BP,transit taxi,73.48,Transportation
Metro,gas,36.9,Transportation
Trader Joes,meat,109.48,Groceries
BP,ride,23.47,Transportation
McDonalds,dinner takeout,314.45,Food & Dining
AT&T,utility,172.78,Bills & Utilities
Local Clinic,health prescription #8119,286.52,Healthcare
Walgreens,health medical prescription,28.73,Healthcare
Local Clinic,prescription,392.69,Healthcare
McDonalds,restaurant delivery takeout #3807,392.09,Food & Dining
Local Restaurant,lunch dinner,513.02,Food & Dining
Walgreens,prescription medicine health #6605,173.28,Healthcare
Target,shoes clothes,96.37,Shopping
AT&T,utility monthly bill,977.97,Bills & Utilities
Shell,gas taxi fuel,75.97,Transportation
Trader Joes,produce bread #6895,44.85,Groceries
Spotify,music #3270,37.75,Entertainment
Electric Company,monthly utility #9551,589.71,Bills & Utilities
CVS,doctor medicine,442.77,Healthcare
Target,purchase electronics,171.24,Shopping
Local Restaurant,meal takeout,601.02,Food & Dining
Whole Foods,bread dairy,30.6,Groceries
BP,taxi,63.69,Transportation
Unknown Vendor,service other payment #8163,807.83,Others
Steam,game,40.21,Entertainment
Uber,transportation ride #7957,66.3,Transportation
Various Services,general,927.51,Others
Best Buy,electronics shoes,275.55,Shopping
AMC Theaters,movie,37.74,Entertainment
Unknown Vendor,service misc other,916.62,Others
Verizon,service,166.67,Bills & Utilities
Target,accessories shoes,50.54,Shopping
Trader Joes,produce,79.94,Groceries
Kroger,bread,161.27,Groceries
Best Buy,accessories purchase,51.36,Shopping
Target,purchase,181.81,Shopping
Target,shoes,266.53,Shopping
Netflix,game music,47.84,Entertainment
AT&T,utility,643.39,Bills & Utilities
AT&T,payment service monthly,666.36,Bills & Utilities
BP,fuel,60.39,Transportation
Shell,gas transportation,6.54,Transportation
Various Services,service other payment,659.84,Others
CVS,medicine medical,45.49,Healthcare
Nike,electronics shoes accessories,169.15,Shopping
Local Clinic,doctor medical prescription,485.52,Healthcare
Kroger,meat #3149,77.45,Groceries
Various Services,other service,181.18,Others
Electric Company,utility service payment,300.77,Bills & Utilities
Unknown Vendor,misc #2293,864.72,Others
Local Clinic,prescription medicine,191.9,Healthcare
Nike,electronics purchase accessories,48.07,Shopping
Amazon,shoes purchase,292.26,Shopping
Local Restaurant,takeout meal dinner #6466,754.75,Food & Dining
Chipotle,meal,712.47,Food & Dining
Safeway,produce groceries meat,183.26,Groceries
H&M,accessories shoes purchase,61.37,Shopping
Xbox,entertainment,19.65,Entertainment
Miscellaneous,misc payment,594.65,Others
Lyft,gas transit ride,24.48,Transportation
AT&T,payment bill service,276.77,Bills & Utilities
Netflix,game entertainment movie,40.91,Entertainment
Various Services,other,822.24,Others
Nike,accessories purchase #5500,266.02,Shopping
Kroger,groceries food bread,123.43,Groceries
AT&T,payment,75.08,Bills & Utilities
CVS,health,258.01,Healthcare
Unknown Vendor,payment other misc #6150,515.94,Others
Xbox,music game streaming #3593,22.29,Entertainment
Metro,transit taxi transportation,45.01,Transportation
Best Buy,accessories,284.17,Shopping
Best Buy,clothes shoes #9241,19.15,Shopping
Amazon,clothes shoes #9552,273.16,Shopping
Unknown Vendor,payment misc other #7937,85.58,Others
CVS,medicine #4449,109.96,Healthcare
Netflix,music streaming game #4879,40.31,Entertainment
Various Services,other general,935.48,Others
Nike,shoes electronics,95.49,Shopping
H&M,purchase shoes,115.99,Shopping
Electric Company,service,285.78,Bills & Utilities
Best Buy,shoes electronics purchase #8648,108.07,Shopping
Uber,taxi #8027,5.16,Transportation
Walgreens,prescription,253.85,Healthcare
Target,accessories clothes purchase,149.44,Shopping
Walmart,food groceries bread #2898,179.74,Groceries
Local Clinic,health medical prescription,35.79,Healthcare
Uber,transit gas ride,10.12,Transportation
Local Restaurant,dinner,340.49,Food & Dining
Xbox,music,37.58,Entertainment
Water Service,utility payment #6979,360.18,Bills & Utilities
Uber,transportation taxi transit #4104,6.9,Transportation
CVS,medicine health #2527,145.33,Healthcare
Steam,music entertainment #1329,41.02,Entertainment
Metro,ride,46.86,Transportation
Nike,electronics clothes shoes,104.03,Shopping
Miscellaneous,payment misc,965.0,Others
BP,ride transit gas,35.96,Transportation
H&M,clothes accessories #6449,152.61,Shopping
Electric Company,payment utility bill,60.48,Bills & Utilities
Xbox,movie streaming game,28.08,Entertainment
Electric Company,utility #8321,630.31,Bills & Utilities
Water Service,monthly payment service #6923,897.33,Bills & Utilities
Amazon,purchase electronics,214.1,Shopping
Electric Company,service bill monthly,21.86,Bills & Utilities
Electric Company,bill service,909.83,Bills & Utilities
Nike,accessories electronics,65.79,Shopping
Subway,dinner,598.8,Food & Dining
Metro,transportation transit ride,47.24,Transportation
Target,accessories,280.61,Shopping
Uber,transit fuel #5012,25.5,Transportation
Target,purchase,276.71,Shopping
Quest Diagnostics,doctor medicine health,283.66,Healthcare
McDonalds,delivery,959.16,Food & Dining
Various Services,general payment service,425.76,Others
Kroger,food,108.62,Groceries
Subway,dinner restaurant takeout,790.67,Food & Dining
BP,transit fuel #6587,78.02,Transportation
Various Services,general payment other,942.0,Others
Best Buy,electronics,40.39,Shopping
Xbox,streaming,25.92,Entertainment
Nike,purchase electronics clothes,285.12,Shopping
Trader Joes,groceries,82.77,Groceries
Pizza Hut,takeout delivery,555.28,Food & Dining
AT&T,service utility bill,141.15,Bills & Utilities
Pizza Hut,delivery #2212,275.95,Food & Dining
Electric Company,service monthly bill,930.37,Bills & Utilities
Spotify,entertainment streaming #2748,13.2,Entertainment
Subway,delivery takeout lunch,202.5,Food & Dining
Various Services,payment #5589,235.29,Others
Kroger,dairy groceries food,197.61,Groceries
Walgreens,doctor medical prescription,231.75,Healthcare
Subway,meal,36.69,Food & Dining
Local Clinic,prescription doctor #2923,460.89,Healthcare
Spotify,game music,41.11,Entertainment
Walmart,produce,165.97,Groceries
Pizza Hut,restaurant lunch #6483,693.63,Food & Dining
McDonalds,takeout restaurant dinner,85.98,Food & Dining
Lyft,transportation,9.84,Transportation
Subway,restaurant dinner delivery,871.02,Food & Dining
Walgreens,medical health doctor #5761,73.44,Healthcare
Trader Joes,bread produce,93.46,Groceries
Uber,gas,34.02,Transportation
BP,taxi fuel transit #5931,36.17,Transportation
Quest Diagnostics,medicine health,458.94,Healthcare
Unknown Vendor,payment general misc,781.96,Others
Best Buy,clothes shoes,190.11,Shopping
Best Buy,accessories,191.66,Shopping
Electric Company,monthly bill,518.22,Bills & Utilities
Various Services,general misc,370.93,Others
Water Service,payment service,282.13,Bills & Utilities
Trader Joes,dairy bread produce,60.53,Groceries
Verizon,utility payment monthly #6713,426.01,Bills & Utilities
CVS,medical doctor #1117,466.52,Healthcare
Water Service,bill service payment,676.88,Bills & Utilities
CVS,medical,463.25,Healthcare
Trader Joes,produce dairy #4774,162.5,Groceries
Safeway,bread,106.95,Groceries
AMC Theaters,entertainment streaming game,47.94,Entertainment
Best Buy,purchase clothes,127.27,Shopping
Amazon,shoes #4005,15.64,Shopping
Miscellaneous,general service misc #2691,477.58,Others
Trader Joes,food produce,143.35,Groceries
Various Services,general service,706.23,Others
Nike,accessories purchase,91.25,Shopping
CVS,doctor health #3623,372.93,Healthcare
Amazon,clothes,150.91,Shopping
CVS,medicine health,100.64,Healthcare
Verizon,monthly,70.4,Bills & Utilities
Verizon,utility,815.57,Bills & Utilities
Shell,taxi transit ride,26.44,Transportation
Steam,entertainment game streaming,39.65,Entertainment
Metro,fuel #4730,75.28,Transportation
Safeway,produce dairy groceries,170.51,Groceries
Metro,taxi transit ride,30.17,Transportation
Local Clinic,medical prescription health,166.89,Healthcare
Local Clinic,medical,251.91,Healthcare
Nike,accessories #7584,262.81,Shopping
Miscellaneous,misc,216.75,Others
Verizon,bill utility service,377.66,Bills & Utilities
Target,shoes electronics clothes #8876,282.81,Shopping
Shell,ride transportation taxi #7107,67.75,Transportation
Various Services,payment other,717.83,Others
Verizon,monthly service bill,126.42,Bills & Utilities
Metro,transit ride transportation,18.87,Transportation
Safeway,meat bread food #8853,100.95,Groceries
McDonalds,lunch dinner meal,162.42,Food & Dining
Local Restaurant,meal,60.54,Food & Dining
Amazon,purchase electronics accessories,16.49,Shopping
Various Services,general misc service,15.11,Others
Uber,ride #6643,48.99,Transportation
Walmart,groceries bread,174.92,Groceries
Water Service,payment service,716.71,Bills & Utilities
BP,transit transportation #8393,78.99,Transportation
Shell,fuel gas,46.93,Transportation
Pizza Hut,dinner,588.39,Food & Dining
CVS,medical health doctor,461.71,Healthcare
Local Clinic,doctor health,466.77,Healthcare
Uber,gas taxi ride #5821,39.48,Transportation
AMC Theaters,streaming entertainment game,46.86,Entertainment
Nike,electronics #1381,292.0,Shopping
Spotify,movie music streaming #8762,12.42,Entertainment
McDonalds,lunch takeout,191.09,Food & Dining
Local Restaurant,lunch restaurant delivery,445.78,Food & Dining
Walgreens,prescription #2082,345.84,Healthcare
Uber,gas ride taxi,12.06,Transportation
Unknown Vendor,general,129.79,Others
Steam,game movie #9782,45.9,Entertainment
Walgreens,prescription,309.89,Healthcare
CVS,medicine,270.31,Healthcare
Quest Diagnostics,doctor #6510,475.47,Healthcare
Lyft,gas,35.02,Transportation
Miscellaneous,other,866.33,Others
Shell,transportation gas transit,66.4,Transportation
Walmart,groceries,134.81,Groceries
Local Clinic,medical #4932,276.64,Healthcare
CVS,medical health medicine,155.86,Healthcare
Steam,music movie game,31.55,Entertainment
Various Services,misc service general #9136,158.85,Others
CVS,medical medicine health,358.98,Healthcare
Quest Diagnostics,doctor medicine #1906,67.47,Healthcare
Pizza Hut,dinner delivery,765.41,Food & Dining
Verizon,monthly bill service,984.32,Bills & Utilities
Quest Diagnostics,prescription,317.97,Healthcare
Whole Foods,groceries food produce,130.96,Groceries
AMC Theaters,streaming,31.55,Entertainment
Pizza Hut,takeout #1524,565.34,Food & Dining
Nike,accessories electronics shoes #4832,284.78,Shopping
Safeway,bread dairy meat #7675,79.04,Groceries
Miscellaneous,general service payment #1242,48.28,Others
Target,clothes,282.35,Shopping
Lyft,ride taxi #8951,55.39,Transportation
Local Clinic,health doctor prescription,39.05,Healthcare
Quest Diagnostics,health #9887,409.12,Healthcare
Miscellaneous,other,157.08,Others
Local Clinic,prescription doctor medicine,87.48,Healthcare
BP,transit,33.87,Transportation
AT&T,monthly service,752.32,Bills & Utilities
Various Services,other payment,422.64,Others
Uber,gas,71.15,Transportation
Chipotle,meal,116.24,Food & Dining
Steam,movie streaming entertainment,41.32,Entertainment
AT&T,utility #4870,518.66,Bills & Utilities
Safeway,dairy bread #5545,188.26,Groceries
Local Clinic,prescription medicine doctor #8495,184.75,Healthcare
Chipotle,restaurant delivery,263.7,Food & Dining
Steam,streaming music game,40.39,Entertainment
Shell,transit transportation,43.83,Transportation
BP,transportation transit gas,77.86,Transportation
Local Clinic,medicine medical prescription,21.02,Healthcare
Spotify,streaming movie #5372,30.4,Entertainment
Netflix,music entertainment,19.92,Entertainment
Water Service,utility service,287.97,Bills & Utilities
Shell,ride,65.6,Transportation
Steam,game movie #6330,29.46,Entertainment
Local Clinic,health medicine medical,405.4,Healthcare
Walmart,groceries,176.94,Groceries
CVS,health medicine #3887,167.66,Healthcare
Kroger,bread meat,21.21,Groceries
Nike,shoes,171.38,Shopping
Electric Company,utility,385.28,Bills & Utilities
Verizon,bill #9939,406.22,Bills & Utilities
Electric Company,monthly bill utility,955.11,Bills & Utilities
Xbox,entertainment movie streaming,45.49,Entertainment
Walgreens,prescription,248.49,Healthcare
Amazon,accessories purchase electronics,88.8,Shopping
Unknown Vendor,misc,384.63,Others
BP,transit,14.26,Transportation
CVS,medicine,51.72,Healthcare
Spotify,music,45.58,Entertainment
Various Services,service general other,317.17,Others
Electric Company,payment service,330.32,Bills & Utilities
Verizon,payment,202.7,Bills & Utilities
CVS,prescription medical,154.1,Healthcare
Spotify,music movie entertainment,31.09,Entertainment
Various Services,general misc service,614.63,Others
H&M,electronics,280.19,Shopping
CVS,doctor,408.63,Healthcare
Best Buy,purchase #1123,223.94,Shopping
Miscellaneous,service misc payment,945.73,Others
McDonalds,delivery meal dinner,593.87,Food & Dining
Nike,clothes electronics accessories,178.78,Shopping
CVS,medicine doctor,30.52,Healthcare
Shell,taxi transportation #5870,61.6,Transportation
Safeway,meat produce food,126.55,Groceries
Shell,transit fuel,50.68,Transportation
Quest Diagnostics,health prescription #4732,162.38,Healthcare
Verizon,monthly,187.98,Bills & Utilities
Amazon,accessories,291.83,Shopping
Netflix,streaming game movie,14.53,Entertainment
McDonalds,meal lunch #8200,69.63,Food & Dining
CVS,medical doctor,369.07,Healthcare
Local Restaurant,lunch restaurant dinner,889.77,Food & Dining
AT&T,utility,63.37,Bills & Utilities
Water Service,utility payment bill,29.24,Bills & Utilities
Safeway,groceries bread food,55.93,Groceries
Miscellaneous,other general payment,53.85,Others
Local Clinic,medicine medical,267.32,Healthcare
Safeway,dairy meat produce,199.3,Groceries
Various Services,other service misc,694.12,Others
Verizon,monthly #1039,47.51,Bills & Utilities
Verizon,bill monthly service,470.04,Bills & Utilities
Nike,purchase,54.22,Shopping
Kroger,dairy bread #5234,186.19,Groceries
Electric Company,payment #8459,532.53,Bills & Utilities
McDonalds,meal takeout delivery,651.34,Food & Dining
Subway,restaurant,819.06,Food & Dining
Walmart,groceries #9885,140.76,Groceries
Miscellaneous,payment service,424.95,Others
Nike,clothes electronics,91.21,Shopping
Uber,fuel,38.34,Transportation
Chipotle,lunch,108.83,Food & Dining
Electric Company,payment monthly,266.15,Bills & Utilities
Subway,delivery takeout #7635,717.88,Food & Dining
CVS,prescription #9836,45.89,Healthcare
McDonalds,takeout,651.33,Food & Dining
Miscellaneous,payment,602.17,Others
CVS,doctor medical health,67.33,Healthcare
Steam,movie music streaming,40.01,Entertainment
Miscellaneous,misc service #9376,11.23,Others
Walmart,bread meat produce,117.27,Groceries
Walmart,meat produce,141.33,Groceries
Whole Foods,dairy #6502,192.17,Groceries
Lyft,transportation ride transit,25.86,Transportation
Local Restaurant,dinner restaurant meal,735.48,Food & Dining
BP,ride,47.5,Transportation
Netflix,music game movie,22.49,Entertainment
Amazon,purchase shoes,41.25,Shopping
Quest Diagnostics,prescription doctor medical,293.59,Healthcare
Miscellaneous,other misc,213.53,Others
Pizza Hut,lunch delivery #8607,251.21,Food & Dining
Walgreens,prescription medical,484.58,Healthcare
Spotify,music entertainment movie,18.02,Entertainment
Water Service,service payment,170.3,Bills & Utilities
Steam,game movie music #6028,36.11,Entertainment
H&M,clothes shoes,46.68,Shopping
Subway,dinner delivery #4926,144.88,Food & Dining
Chipotle,meal dinner #6181,415.28,Food & Dining
Local Clinic,health medicine medical #5166,52.73,Healthcare
Various Services,other,770.25,Others
Metro,fuel,30.14,Transportation
Various Services,general misc service,902.13,Others
Whole Foods,produce meat bread #6811,178.76,Groceries
Walmart,food,91.8,Groceries
Walgreens,prescription medicine health,475.69,Healthcare
Metro,transit taxi,53.89,Transportation
Walmart,meat,37.56,Groceries
Local Clinic,doctor prescription health,424.3,Healthcare
Netflix,movie,40.01,Entertainment
Netflix,game entertainment music,19.84,Entertainment
Walgreens,health medical prescription #9951,313.46,Healthcare
Xbox,entertainment streaming #8999,43.93,Entertainment
H&M,clothes electronics purchase,235.03,Shopping
Spotify,entertainment streaming,42.99,Entertainment
BP,gas #4358,13.46,Transportation
Various Services,payment,935.23,Others
AT&T,service monthly,311.95,Bills & Utilities
Local Clinic,medical prescription #4456,160.84,Healthcare
Shell,transit fuel,52.47,Transportation
Kroger,food produce,72.62,Groceries
Subway,delivery #3351,344.43,Food & Dining
Shell,gas,6.7,Transportation
Whole Foods,food,194.64,Groceries
AT&T,bill service #7423,437.5,Bills & Utilities
Spotify,game entertainment movie,11.59,Entertainment
Various Services,service #2688,382.47,Others
H&M,electronics accessories,76.77,Shopping
H&M,shoes purchase #1052,294.22,Shopping
Verizon,utility payment bill #8570,996.38,Bills & Utilities
Walmart,dairy #9215,170.8,Groceries
Verizon,monthly,560.49,Bills & Utilities
Metro,transit ride taxi,50.97,Transportation
Steam,game,46.02,Entertainment
Trader Joes,food bread,147.13,Groceries
Local Clinic,prescription,260.11,Healthcare
Steam,streaming movie,27.85,Entertainment
Amazon,accessories purchase clothes,260.53,Shopping
Local Clinic,prescription medicine medical,452.77,Healthcare
Safeway,meat food dairy #5728,153.89,Groceries
AT&T,monthly payment,37.23,Bills & Utilities
Chipotle,lunch takeout meal,296.36,Food & Dining
Xbox,movie streaming,32.25,Entertainment
Nike,clothes,123.5,Shopping
Safeway,bread food #3405,43.63,Groceries
Steam,entertainment streaming music,30.48,Entertainment
Water Service,bill,758.44,Bills & Utilities
McDonalds,delivery lunch dinner,390.73,Food & Dining
Water Service,monthly payment,859.09,Bills & Utilities
Verizon,bill payment #7586,579.9,Bills & Utilities
Walgreens,prescription doctor,291.63,Healthcare
Quest Diagnostics,medical prescription doctor #3511,156.59,Healthcare
Target,accessories electronics clothes,223.07,Shopping
Verizon,monthly service bill,688.87,Bills & Utilities
Chipotle,lunch takeout,44.96,Food & Dining
Lyft,taxi transportation #6665,77.44,Transportation
Amazon,accessories clothes electronics,280.86,Shopping
McDonalds,restaurant delivery #3495,227.42,Food & Dining
McDonalds,delivery,376.31,Food & Dining
Various Services,other payment service #4328,443.67,Others
Pizza Hut,delivery meal dinner,250.23,Food & Dining
Netflix,game #6561,17.56,Entertainment
Amazon,electronics purchase,137.03,Shopping
Amazon,clothes shoes accessories,217.11,Shopping
Kroger,produce #3148,32.81,Groceries
CVS,doctor,107.19,Healthcare
Best Buy,purchase clothes electronics #9868,274.82,Shopping
Chipotle,takeout,956.62,Food & Dining
Pizza Hut,lunch takeout restaurant,707.16,Food & Dining
Quest Diagnostics,medicine,408.62,Healthcare
Nike,accessories purchase electronics,168.19,Shopping
Verizon,payment bill,950.55,Bills & Utilities
Amazon,clothes shoes purchase,37.9,Shopping
Quest Diagnostics,medicine,474.9,Healthcare
Electric Company,payment,349.8,Bills & Utilities
AMC Theaters,entertainment streaming music,23.49,Entertainment
AT&T,monthly payment utility,694.94,Bills & Utilities
McDonalds,delivery meal takeout,612.6,Food & Dining
Chipotle,restaurant,61.07,Food & Dining
Target,purchase,198.8,Shopping
Shell,ride transportation taxi #5562,66.84,Transportation
Walmart,produce groceries bread,188.64,Groceries
BP,ride,58.81,Transportation
Amazon,electronics,51.14,Shopping
CVS,medical health prescription #1400,464.27,Healthcare
Chipotle,meal lunch,152.27,Food & Dining
Lyft,taxi transit transportation #6938,30.96,Transportation
Safeway,meat #3380,39.29,Groceries
Metro,ride gas fuel,71.52,Transportation
Lyft,taxi gas,75.01,Transportation
Best Buy,electronics,39.74,Shopping
Safeway,bread produce groceries #9403,136.08,Groceries
Water Service,service utility,943.71,Bills & Utilities
Safeway,produce food dairy #8812,188.29,Groceries
McDonalds,dinner lunch,26.47,Food & Dining
Xbox,entertainment game streaming,24.96,Entertainment
Spotify,game,42.79,Entertainment
Spotify,music entertainment streaming,19.66,Entertainment
Uber,transit gas,59.89,Transportation
AMC Theaters,entertainment music game #8010,46.82,Entertainment
Uber,gas taxi #9184,8.45,Transportation
Trader Joes,meat #1259,117.8,Groceries
AMC Theaters,streaming music game,44.18,Entertainment
Local Clinic,medical,370.48,Healthcare
Walgreens,doctor health,428.16,Healthcare
Quest Diagnostics,medicine medical doctor,452.46,Healthcare
Nike,electronics accessories purchase,179.44,Shopping
Verizon,utility #8388,512.01,Bills & Utilities
BP,ride transit fuel,8.46,Transportation
Walmart,bread meat dairy,66.37,Groceries
Verizon,bill service,689.29,Bills & Utilities
Miscellaneous,misc #1233,745.57,Others
Various Services,misc #5840,443.06,Others
Unknown Vendor,payment other general #7728,19.27,Others
Target,shoes accessories clothes #9235,282.2,Shopping
Best Buy,electronics #9923,240.04,Shopping
Xbox,movie entertainment streaming,14.02,Entertainment
Local Clinic,doctor,406.36,Healthcare
Miscellaneous,payment general misc,370.34,Others
Shell,transit,78.68,Transportation
Chipotle,lunch dinner meal,204.56,Food & Dining
McDonalds,lunch meal restaurant #9506,100.84,Food & Dining
Local Clinic,health medicine doctor #5294,303.24,Healthcare
Lyft,ride taxi fuel,67.3,Transportation
Steam,game streaming movie,33.97,Entertainment
AT&T,bill,212.0,Bills & Utilities
AT&T,monthly payment service,280.79,Bills & Utilities
Whole Foods,food,89.7,Groceries
Electric Company,utility bill,86.54,Bills & Utilities
Kroger,produce dairy #9637,57.11,Groceries
Quest Diagnostics,health medical medicine,56.95,Healthcare
Water Service,payment,412.42,Bills & Utilities
Local Restaurant,dinner #4880,12.38,Food & Dining
Trader Joes,produce food,144.65,Groceries
Water Service,bill utility monthly,373.85,Bills & Utilities
Pizza Hut,lunch delivery #7736,764.12,Food & Dining
Local Clinic,health prescription medical,66.27,Healthcare
H&M,purchase electronics,251.23,Shopping
Subway,meal delivery lunch #2984,212.89,Food & Dining
BP,transportation transit ride,59.34,Transportation
AMC Theaters,streaming entertainment game #5072,43.97,Entertainment
Miscellaneous,general service #4216,367.85,Others
H&M,electronics #5979,48.36,Shopping
Kroger,food dairy,161.04,Groceries
Unknown Vendor,misc general service,865.42,Others
Shell,fuel #4945,71.71,Transportation
Miscellaneous,misc service other,879.74,Others
Local Clinic,health prescription,361.12,Healthcare
Safeway,meat bread produce #5660,139.87,Groceries
Xbox,movie game,36.23,Entertainment
Target,shoes,104.97,Shopping
Local Restaurant,dinner restaurant lunch,180.63,Food & Dining
Electric Company,service utility #7777,636.83,Bills & Utilities
Trader Joes,produce,53.26,Groceries
Local Restaurant,delivery dinner takeout,892.92,Food & Dining
Shell,fuel gas taxi,39.34,Transportation
Subway,takeout,457.93,Food & Dining
Water Service,bill #7074,617.57,Bills & Utilities
Trader Joes,bread food produce,178.48,Groceries
BP,gas transit transportation,66.62,Transportation
Steam,streaming movie,38.17,Entertainment
Safeway,groceries produce,42.07,Groceries
Amazon,shoes accessories electronics #6981,83.36,Shopping
Walgreens,prescription #7214,137.09,Healthcare
Electric Company,service utility bill,343.35,Bills & Utilities
Local Restaurant,restaurant dinner lunch #4737,163.52,Food & Dining
Water Service,bill utility #4333,790.13,Bills & Utilities
CVS,medicine doctor medical #4662,351.38,Healthcare
Local Restaurant,lunch takeout,296.26,Food & Dining
Electric Company,payment #1756,342.08,Bills & Utilities
Metro,gas transit,29.18,Transportation
Walmart,dairy bread groceries #1028,123.33,Groceries
Verizon,utility,441.52,Bills & Utilities
Water Service,bill service #8369,991.93,Bills & Utilities
BP,ride,17.49,Transportation
Nike,electronics #3490,249.56,Shopping
Trader Joes,food bread #4783,92.43,Groceries
Metro,ride transportation #9147,56.09,Transportation
Kroger,bread groceries,88.1,Groceries
Verizon,payment service utility,329.42,Bills & Utilities
Unknown Vendor,general other service,267.83,Others
Whole Foods,dairy,79.28,Groceries
Chipotle,meal restaurant #4908,574.65,Food & Dining
Various Services,misc payment other #2307,55.27,Others
Electric Company,utility payment monthly #2292,871.96,Bills & Utilities
Shell,gas transportation transit,17.32,Transportation
CVS,doctor medicine #4882,190.96,Healthcare
Pizza Hut,meal restaurant,973.21,Food & Dining
Various Services,service other,357.75,Others
Walmart,groceries dairy,194.72,Groceries
Trader Joes,produce,149.29,Groceries
Safeway,groceries meat,115.19,Groceries
Whole Foods,groceries #6608,134.99,Groceries
Uber,transportation,49.04,Transportation
Walmart,groceries meat food,81.16,Groceries
Xbox,movie streaming #4363,28.18,Entertainment
Whole Foods,dairy food,50.93,Groceries
Unknown Vendor,misc other,507.71,Others
Chipotle,restaurant dinner takeout #6366,770.97,Food & Dining
Verizon,payment bill,31.38,Bills & Utilities
Walmart,bread meat produce,169.3,Groceries
CVS,medicine doctor medical #2701,197.37,Healthcare
Unknown Vendor,general other,489.68,Others
Unknown Vendor,general other payment #9880,249.83,Others
Miscellaneous,service,976.05,Others
Quest Diagnostics,doctor medical prescription,238.18,Healthcare
AMC Theaters,movie game,28.26,Entertainment
Spotify,streaming entertainment music,42.83,Entertainment
CVS,health medicine doctor,252.22,Healthcare
Pizza Hut,delivery,80.51,Food & Dining
McDonalds,meal lunch delivery,52.19,Food & Dining
Target,purchase,21.87,Shopping
Walmart,bread,161.23,Groceries
Amazon,accessories,246.03,Shopping
Trader Joes,groceries,134.22,Groceries
Walgreens,health doctor #2806,134.6,Healthcare
CVS,medical doctor,223.49,Healthcare
Electric Company,payment monthly,550.56,Bills & Utilities
AT&T,monthly,544.77,Bills & Utilities
McDonalds,restaurant meal delivery,427.28,Food & Dining
Pizza Hut,delivery #4704,375.9,Food & Dining
Walgreens,doctor prescription health,380.54,Healthcare
Uber,transportation transit,35.6,Transportation
Uber,ride taxi,35.37,Transportation
Nike,accessories shoes purchase,239.67,Shopping
Shell,gas,61.1,Transportation
Uber,ride transit fuel,59.8,Transportation
Various Services,other misc payment #9002,114.94,Others
Various Services,service payment #5938,29.0,Others
Safeway,groceries bread,160.35,Groceries
Subway,delivery dinner takeout #9121,529.36,Food & Dining
Walmart,bread meat food,64.08,Groceries
Quest Diagnostics,medical doctor medicine,43.97,Healthcare
Local Restaurant,takeout lunch meal #7613,690.82,Food & Dining
Steam,streaming entertainment game,13.83,Entertainment
Pizza Hut,lunch meal #5931,796.55,Food & Dining
Various Services,general service payment #1225,170.39,Others
Walmart,dairy groceries,104.63,Groceries
BP,transit taxi fuel,6.47,Transportation
Trader Joes,food produce dairy #9367,39.31,Groceries
Best Buy,clothes purchase,119.6,Shopping
Amazon,shoes clothes electronics,266.33,Shopping
Electric Company,utility #8736,124.6,Bills & Utilities
Verizon,bill monthly service,197.33,Bills & Utilities
Miscellaneous,service #6651,890.22,Others
Walmart,food bread,93.37,Groceries
Amazon,electronics accessories clothes,213.81,Shopping
Local Restaurant,restaurant meal delivery,654.73,Food & Dining
CVS,medicine medical doctor,385.21,Healthcare
Local Restaurant,takeout #4767,155.77,Food & Dining
Electric Company,payment service,108.19,Bills & Utilities
Verizon,utility bill monthly #4949,635.63,Bills & Utilities
Trader Joes,produce,172.48,Groceries
Subway,dinner,408.4,Food & Dining
Quest Diagnostics,prescription health doctor,475.07,Healthcare
Pizza Hut,dinner takeout,234.27,Food & Dining
H&M,clothes shoes purchase,229.64,Shopping
Subway,dinner takeout #3525,81.02,Food & Dining
Pizza Hut,restaurant takeout,581.37,Food & Dining
Amazon,shoes purchase,145.14,Shopping
Electric Company,payment service monthly,489.6,Bills & Utilities
Lyft,fuel taxi ride,58.74,Transportation
H&M,electronics purchase,125.74,Shopping
Lyft,taxi,43.5,Transportation
Uber,gas,37.15,Transportation
Local Clinic,doctor medicine health,159.37,Healthcare
Unknown Vendor,general payment,943.9,Others
Subway,meal dinner,985.82,Food & Dining
Steam,game #7859,32.58,Entertainment
Target,shoes #2410,198.65,Shopping
Walmart,dairy bread produce #3031,80.78,Groceries
Quest Diagnostics,medicine prescription,389.32,Healthcare
Best Buy,accessories electronics #4108,138.91,Shopping
Lyft,transportation ride transit,40.63,Transportation
Walgreens,prescription,231.35,Healthcare
Water Service,bill payment,546.3,Bills & Utilities
Safeway,bread groceries dairy,186.03,Groceries
Quest Diagnostics,medical prescription,361.41,Healthcare
Various Services,other payment service #1145,338.28,Others
Local Restaurant,dinner,879.05,Food & Dining
Local Restaurant,restaurant takeout,257.31,Food & Dining
Uber,transportation fuel ride,68.67,Transportation
Uber,transit fuel,69.38,Transportation
Water Service,monthly payment,993.66,Bills & Utilities
Kroger,produce bread food #3116,144.28,Groceries
Trader Joes,dairy meat #6596,96.51,Groceries
CVS,health prescription medical,67.94,Healthcare
AT&T,payment monthly,161.78,Bills & Utilities
Verizon,bill monthly #4692,200.85,Bills & Utilities
Local Clinic,medicine doctor,221.72,Healthcare
Kroger,dairy groceries,107.96,Groceries
Pizza Hut,takeout,103.08,Food & Dining
Electric Company,bill payment monthly,211.85,Bills & Utilities
AT&T,monthly bill,996.7,Bills & Utilities
Whole Foods,dairy meat produce,194.19,Groceries
Various Services,misc payment,302.17,Others
Xbox,entertainment movie,46.86,Entertainment
Trader Joes,food meat #1144,147.84,Groceries
Steam,movie game #6370,27.66,Entertainment
Amazon,accessories clothes purchase,295.19,Shopping
H&M,accessories clothes,172.96,Shopping
Walmart,bread groceries,121.85,Groceries
Local Clinic,doctor medical health,138.83,Healthcare
Safeway,produce,151.05,Groceries
Nike,purchase,223.37,Shopping
McDonalds,meal dinner takeout #9916,735.71,Food & Dining
Unknown Vendor,other misc,588.23,Others
Various Services,payment misc service,805.16,Others
AMC Theaters,game #2268,42.22,Entertainment
AT&T,service payment,295.98,Bills & Utilities
Lyft,ride gas taxi,34.53,Transportation
Various Services,general misc payment,41.84,Others
Whole Foods,produce food #3205,176.95,Groceries
Verizon,service utility #5041,987.13,Bills & Utilities
Steam,movie,23.21,Entertainment
Electric Company,monthly service,901.56,Bills & Utilities
Nike,electronics,48.89,Shopping
Unknown Vendor,misc general payment,144.77,Others
Miscellaneous,misc payment #2812,229.01,Others
Nike,clothes electronics shoes,85.77,Shopping
AMC Theaters,movie,14.69,Entertainment
Various Services,misc other service,193.93,Others
Walgreens,prescription medical,125.99,Healthcare
Various Services,service,502.79,Others
CVS,medicine,286.04,Healthcare
Verizon,service,874.24,Bills & Utilities
Water Service,bill payment,775.48,Bills & Utilities
Target,clothes,43.93,Shopping
Water Service,monthly utility service,46.75,Bills & Utilities
AT&T,service bill utility,834.34,Bills & Utilities
Electric Company,service monthly,173.64,Bills & Utilities
Best Buy,accessories clothes,68.1,Shopping
Various Services,service general,390.89,Others
Walmart,groceries dairy meat,56.38,Groceries
Unknown Vendor,other,688.37,Others
CVS,doctor medical health,282.11,Healthcare
Safeway,bread groceries produce,128.5,Groceries
Verizon,monthly bill,841.26,Bills & Utilities
Walmart,bread,27.69,Groceries
BP,fuel transit taxi #5282,21.64,Transportation
Best Buy,purchase clothes,99.36,Shopping
Verizon,payment utility,884.7,Bills & Utilities
Miscellaneous,payment #3507,624.85,Others
Electric Company,service,534.31,Bills & Utilities
CVS,medicine medical prescription,207.26,Healthcare
Nike,accessories purchase,112.11,Shopping
Water Service,utility,24.19,Bills & Utilities
Best Buy,accessories electronics clothes #9930,65.67,Shopping
Steam,music game streaming #6786,46.7,Entertainment
Lyft,ride,37.03,Transportation
Unknown Vendor,service #2998,925.66,Others
Miscellaneous,misc service general,169.75,Others
Unknown Vendor,payment misc general,222.06,Others
Lyft,transit transportation fuel,37.7,Transportation
Verizon,payment,301.96,Bills & Utilities
Safeway,food,23.65,Groceries
Trader Joes,meat bread food #6491,153.99,Groceries
Nike,clothes purchase accessories #1933,285.09,Shopping
Safeway,meat groceries #6955,98.43,Groceries
Local Restaurant,meal dinner delivery,381.19,Food & Dining
CVS,doctor,272.57,Healthcare
Local Restaurant,restaurant lunch #7191,711.67,Food & Dining
Local Clinic,health prescription medicine,346.54,Healthcare
Best Buy,accessories electronics,127.05,Shopping
Unknown Vendor,service payment general,687.69,Others
CVS,medical health,404.89,Healthcare
BP,fuel,52.66,Transportation
H&M,accessories,114.75,Shopping
Pizza Hut,lunch takeout,806.79,Food & Dining
Local Clinic,health,387.16,Healthcare
Water Service,utility #1062,697.79,Bills & Utilities
Target,accessories clothes,38.79,Shopping
Safeway,bread #1781,85.35,Groceries
Water Service,utility,436.69,Bills & Utilities
Amazon,shoes,163.7,Shopping
Various Services,payment general other,235.14,Others
Walmart,dairy bread,79.71,Groceries
Quest Diagnostics,doctor #4236,250.91,Healthcare
Steam,entertainment movie music,45.49,Entertainment
Subway,dinner lunch,121.4,Food & Dining
AT&T,payment service monthly,835.66,Bills & Utilities
BP,gas,70.9,Transportation
Unknown Vendor,misc service,176.15,Others
Electric Company,service #2536,586.8,Bills & Utilities
Lyft,taxi transportation #2995,5.93,Transportation
Unknown Vendor,payment other general,511.26,Others
Electric Company,utility,730.88,Bills & Utilities
Unknown Vendor,other,330.44,Others
Verizon,service payment bill,340.73,Bills & Utilities
Spotify,entertainment streaming,33.34,Entertainment
Whole Foods,dairy groceries,41.02,Groceries
Uber,transit taxi,70.8,Transportation
Amazon,shoes,250.73,Shopping
Best Buy,accessories #6568,258.59,Shopping
Various Services,general other,127.01,Others
Water Service,utility,180.02,Bills & Utilities
Netflix,movie entertainment,13.36,Entertainment
Netflix,streaming movie #8427,49.37,Entertainment
Trader Joes,food #6765,119.61,Groceries
Trader Joes,dairy groceries food,155.08,Groceries
Walmart,groceries bread,96.85,Groceries
Whole Foods,bread dairy,37.77,Groceries
Uber,ride transit,23.3,Transportation
Best Buy,electronics accessories purchase #6916,39.58,Shopping
Shell,taxi,46.2,Transportation
AMC Theaters,movie,27.05,Entertainment
Xbox,music,36.01,Entertainment
Quest Diagnostics,medicine prescription #6191,484.53,Healthcare
BP,ride fuel transit,5.14,Transportation
Nike,purchase #2262,181.03,Shopping
Metro,transit #5323,11.41,Transportation
Miscellaneous,payment service other,50.33,Others
Miscellaneous,payment general #5186,202.19,Others
Electric Company,bill #3750,178.43,Bills & Utilities
Pizza Hut,delivery #3043,729.77,Food & Dining
Electric Company,bill,130.95,Bills & Utilities
CVS,health prescription medicine #2542,204.5,Healthcare
Metro,fuel gas ride,31.14,Transportation
Local Restaurant,meal lunch dinner,484.42,Food & Dining
Trader Joes,food,36.04,Groceries
Verizon,utility,451.61,Bills & Utilities
Unknown Vendor,other,37.58,Others
Water Service,payment bill monthly #7894,282.91,Bills & Utilities
Kroger,produce bread groceries #4809,82.58,Groceries
Netflix,music movie entertainment,23.14,Entertainment
Best Buy,purchase shoes clothes #2158,80.9,Shopping
Water Service,service payment utility,383.07,Bills & Utilities
Metro,taxi,67.71,Transportation
Walmart,produce meat bread #6783,156.08,Groceries
Amazon,accessories,37.51,Shopping
Walgreens,medical,192.66,Healthcare
Metro,taxi #4530,26.84,Transportation
CVS,doctor prescription,435.92,Healthcare
Walgreens,doctor health,326.61,Healthcare
Netflix,game streaming movie,31.87,Entertainment
Electric Company,service bill utility,666.0,Bills & Utilities
Lyft,taxi,33.26,Transportation
Chipotle,dinner meal,710.66,Food & Dining
Verizon,utility monthly #1305,151.05,Bills & Utilities
Subway,takeout meal #7317,122.52,Food & Dining
Miscellaneous,other general #9642,103.39,Others
CVS,prescription medicine doctor,248.09,Healthcare
Steam,game,39.3,Entertainment
Netflix,entertainment,26.16,Entertainment
Miscellaneous,service misc,867.27,Others
AT&T,service payment utility,201.85,Bills & Utilities
Trader Joes,food #5025,196.11,Groceries
Lyft,fuel,26.45,Transportation
Water Service,utility monthly bill,512.89,Bills & Utilities
Electric Company,service payment monthly,576.23,Bills & Utilities
Water Service,bill payment service,326.06,Bills & Utilities
Target,clothes purchase electronics,88.23,Shopping
Lyft,transportation ride #8277,44.13,Transportation
Chipotle,delivery dinner lunch,756.48,Food & Dining
Quest Diagnostics,prescription doctor health #9232,213.42,Healthcare
Steam,entertainment movie streaming,31.01,Entertainment
Electric Company,payment service,620.25,Bills & Utilities
Lyft,gas transportation,76.36,Transportation
Walmart,meat,141.64,Groceries
Subway,dinner meal restaurant,426.31,Food & Dining
Best Buy,clothes accessories,19.26,Shopping
Trader Joes,produce #8265,176.88,Groceries
Walmart,bread,115.47,Groceries
Amazon,electronics clothes accessories #9742,243.44,Shopping
Walgreens,doctor prescription,212.94,Healthcare
Water Service,payment service,891.82,Bills & Utilities
Local Clinic,medicine doctor medical,403.89,Healthcare
Metro,ride transportation gas #1849,45.78,Transportation
Chipotle,lunch meal delivery,226.31,Food & Dining
Netflix,streaming #6595,10.31,Entertainment
Local Clinic,doctor health medical,488.04,Healthcare
Unknown Vendor,service misc general #6198,994.47,Others
Xbox,streaming entertainment,20.14,Entertainment
Verizon,payment #1518,534.53,Bills & Utilities
Shell,gas fuel,23.33,Transportation
Walgreens,medicine health doctor,336.85,Healthcare
Steam,movie game #2819,26.21,Entertainment
Quest Diagnostics,health medicine,159.1,Healthcare
Unknown Vendor,payment general other,378.26,Others
Walgreens,medical medicine health,221.87,Healthcare
Various Services,service misc,889.49,Others
Quest Diagnostics,medical medicine doctor,465.31,Healthcare
Uber,transit #9375,6.84,Transportation
Safeway,bread,105.01,Groceries
Spotify,streaming music movie,31.26,Entertainment
Whole Foods,meat #3649,48.21,Groceries
Subway,takeout #4912,267.22,Food & Dining
Lyft,taxi,79.93,Transportation
AMC Theaters,game,24.91,Entertainment
Walgreens,medical doctor #7745,72.08,Healthcare
Local Clinic,health #6079,21.77,Healthcare
H&M,clothes electronics purchase,102.56,Shopping
Xbox,game movie #3787,32.71,Entertainment
Target,shoes,22.42,Shopping
Nike,electronics,50.67,Shopping
Target,electronics accessories #7584,240.95,Shopping
BP,gas,45.62,Transportation
Netflix,movie music,28.11,Entertainment
CVS,doctor medicine health #1235,161.96,Healthcare
Whole Foods,dairy,20.0,Groceries
Miscellaneous,service payment,48.86,Others
Shell,transit transportation,24.33,Transportation
Best Buy,clothes shoes,267.1,Shopping
Various Services,general service,577.23,Others
Quest Diagnostics,health medical #3673,109.76,Healthcare
Various Services,general #4218,347.38,Others
Various Services,payment misc #1967,165.97,Others
Miscellaneous,misc payment service,872.33,Others
Target,purchase #1312,154.74,Shopping
Xbox,movie,35.9,Entertainment
Kroger,bread meat,45.43,Groceries
Subway,delivery takeout restaurant,541.79,Food & Dining
AMC Theaters,music streaming game,37.49,Entertainment
Lyft,fuel ride transportation,27.91,Transportation
BP,taxi ride #3196,64.85,Transportation
Miscellaneous,other general #9398,431.79,Others
Chipotle,meal,842.09,Food & Dining
Miscellaneous,misc #5024,648.78,Others
Verizon,utility bill #8920,133.48,Bills & Utilities
Best Buy,clothes electronics,247.5,Shopping
AT&T,monthly payment utility,527.22,Bills & Utilities
Quest Diagnostics,doctor health prescription #5306,454.05,Healthcare
AMC Theaters,movie game,20.93,Entertainment
Netflix,music,39.28,Entertainment
Trader Joes,produce bread,82.62,Groceries
Metro,ride gas #8377,37.89,Transportation
Kroger,bread,151.59,Groceries
Lyft,transit gas transportation #6667,51.22,Transportation
Miscellaneous,other payment #6408,94.21,Others
Local Restaurant,lunch takeout #6326,852.3,Food & Dining
Electric Company,service,543.94,Bills & Utilities
Quest Diagnostics,health prescription #9922,30.83,Healthcare
Xbox,music,13.06,Entertainment
Netflix,game movie #8726,18.97,Entertainment
Metro,ride,22.25,Transportation
Netflix,entertainment,42.3,Entertainment
Verizon,utility,54.51,Bills & Utilities
Various Services,misc,831.65,Others
Local Clinic,health,361.58,Healthcare
Miscellaneous,other misc,312.41,Others
Quest Diagnostics,medicine prescription,137.91,Healthcare
H&M,purchase,119.91,Shopping
Local Clinic,health #5804,126.19,Healthcare
H&M,shoes electronics clothes,267.37,Shopping
Nike,purchase shoes,71.55,Shopping
Nike,clothes,72.03,Shopping
Xbox,streaming entertainment music #7046,25.33,Entertainment
Pizza Hut,restaurant delivery takeout #2331,213.7,Food & Dining
Quest Diagnostics,health #2007,485.34,Healthcare
Electric Company,service bill,228.3,Bills & Utilities
Verizon,monthly,491.08,Bills & Utilities
Kroger,bread meat #4526,105.0,Groceries
H&M,clothes electronics #9277,34.98,Shopping
Best Buy,accessories electronics,115.98,Shopping
Metro,transportation gas ride #2041,18.22,Transportation
Kroger,produce groceries food,95.7,Groceries
CVS,medicine #5762,30.77,Healthcare
Water Service,monthly #5963,399.33,Bills & Utilities
Miscellaneous,misc payment service,346.64,Others
Miscellaneous,other misc payment,375.95,Others
Chipotle,meal lunch restaurant,596.17,Food & Dining
Metro,taxi,46.67,Transportation
Trader Joes,dairy bread food #6033,83.44,Groceries
Miscellaneous,service,425.41,Others
AT&T,utility payment #4949,694.19,Bills & Utilities
Nike,clothes,225.0,Shopping
Verizon,monthly #5363,553.42,Bills & Utilities
Miscellaneous,general,271.33,Others
Xbox,movie entertainment,37.29,Entertainment
Electric Company,payment,315.38,Bills & Utilities
Lyft,ride taxi transportation,35.58,Transportation
Verizon,utility,620.54,Bills & Utilities
Spotify,game movie entertainment,20.38,Entertainment
Amazon,shoes,127.05,Shopping
Xbox,streaming movie,42.15,Entertainment
Whole Foods,food produce bread,196.4,Groceries
Target,purchase accessories clothes,281.21,Shopping
Electric Company,payment monthly bill,541.78,Bills & Utilities
Safeway,bread produce,22.36,Groceries
CVS,doctor medicine medical,55.23,Healthcare
Walmart,food meat bread,138.39,Groceries
Nike,clothes accessories,159.52,Shopping
Quest Diagnostics,medicine,411.64,Healthcare
Netflix,movie entertainment,42.74,Entertainment
Electric Company,payment utility bill,687.65,Bills & Utilities
Walgreens,doctor medical prescription,254.63,Healthcare
Nike,purchase #7628,272.42,Shopping
Trader Joes,food groceries #1677,148.24,Groceries
Metro,fuel transit,60.55,Transportation
Xbox,movie streaming,28.3,Entertainment
Lyft,gas transportation,76.75,Transportation
Nike,electronics accessories clothes #5818,274.23,Shopping
Miscellaneous,other general,164.07,Others
Safeway,produce meat,170.15,Groceries
Walgreens,prescription medical,441.75,Healthcare
CVS,doctor #1194,290.41,Healthcare
Best Buy,purchase shoes,197.86,Shopping
Various Services,general payment,278.12,Others
Local Clinic,medical doctor,345.59,Healthcare
Verizon,payment service bill #1238,405.35,Bills & Utilities
Verizon,payment monthly service,452.95,Bills & Utilities
Safeway,dairy groceries bread,68.54,Groceries
Various Services,general service,580.01,Others
Shell,fuel ride,79.57,Transportation
Kroger,dairy groceries produce,52.2,Groceries
Subway,delivery dinner meal,584.11,Food & Dining
Quest Diagnostics,doctor medicine,274.35,Healthcare
CVS,prescription,242.75,Healthcare
Best Buy,shoes clothes,277.6,Shopping
Subway,meal lunch restaurant,69.36,Food & Dining
Target,shoes,37.67,Shopping
Nike,purchase shoes accessories,136.16,Shopping
Amazon,electronics,23.64,Shopping
Target,shoes electronics accessories,291.69,Shopping
Walgreens,medicine doctor,311.05,Healthcare
Unknown Vendor,misc general payment,468.77,Others
Xbox,music movie game #2006,14.25,Entertainment
McDonalds,dinner delivery lunch,149.14,Food & Dining
BP,transportation,44.99,Transportation
AT&T,monthly bill,372.63,Bills & Utilities
Local Restaurant,restaurant,40.26,Food & Dining
Metro,gas transportation fuel,65.23,Transportation
Lyft,ride transportation transit #7790,47.16,Transportation
Water Service,bill service #5928,18.86,Bills & Utilities
BP,transit,43.21,Transportation
AT&T,payment utility monthly,464.83,Bills & Utilities
Miscellaneous,misc general,58.58,Others
Lyft,transportation taxi fuel #4236,29.53,Transportation
Unknown Vendor,other,771.28,Others
Netflix,music streaming entertainment,49.44,Entertainment
Uber,fuel transit taxi #2619,79.2,Transportation
Shell,transportation ride transit,50.99,Transportation
Various Services,misc general service,368.92,Others
Various Services,payment misc,697.46,Others
Quest Diagnostics,medicine health medical,467.18,Healthcare
Water Service,utility monthly,471.81,Bills & Utilities
Whole Foods,food dairy,89.26,Groceries
AT&T,service bill #9361,137.22,Bills & Utilities
Kroger,dairy,175.04,Groceries
H&M,electronics clothes,63.48,Shopping
Verizon,utility bill,77.05,Bills & Utilities
AT&T,bill #9772,954.42,Bills & Utilities
Best Buy,clothes #9160,217.81,Shopping
Verizon,service bill,44.02,Bills & Utilities
Metro,ride #9107,19.5,Transportation
Xbox,game,28.24,Entertainment
Water Service,payment,839.69,Bills & Utilities
Walgreens,health,186.39,Healthcare
Local Restaurant,delivery meal,841.35,Food & Dining
Walmart,meat produce,158.19,Groceries
Safeway,dairy groceries bread,189.37,Groceries
Amazon,purchase electronics shoes #3690,31.61,Shopping
Steam,music entertainment game,17.7,Entertainment
Spotify,movie #7624,16.69,Entertainment
Unknown Vendor,other misc,248.63,Others
Water Service,bill payment #9167,185.52,Bills & Utilities
BP,transit fuel taxi,33.65,Transportation
Unknown Vendor,other payment,98.49,Others
H&M,clothes shoes #5563,170.94,Shopping
Various Services,service other #7553,207.91,Others
Various Services,service misc,137.77,Others
Quest Diagnostics,doctor health medicine,432.21,Healthcare
Trader Joes,bread groceries #9892,157.53,Groceries
Target,shoes clothes electronics,216.12,Shopping
Steam,streaming,32.55,Entertainment
Kroger,bread,24.48,Groceries
Spotify,game #1246,14.58,Entertainment
Metro,transportation,51.34,Transportation
Unknown Vendor,service misc general,377.31,Others
Steam,game,15.55,Entertainment
Miscellaneous,misc service,18.45,Others
Local Restaurant,delivery meal,978.51,Food & Dining
Safeway,bread produce,156.58,Groceries
Unknown Vendor,other payment,107.28,Others
Safeway,meat,197.46,Groceries
CVS,doctor,41.48,Healthcare
Walmart,bread #6256,110.68,Groceries
Local Clinic,medical,294.91,Healthcare
Xbox,streaming #4378,27.93,Entertainment
Shell,transportation,37.53,Transportation
Lyft,transportation #9368,40.43,Transportation
Best Buy,clothes purchase,35.72,Shopping
Miscellaneous,general other misc,195.71,Others
Best Buy,clothes electronics #7420,215.74,Shopping
H&M,accessories,208.04,Shopping
Unknown Vendor,misc payment general #4286,143.86,Others
BP,taxi,51.9,Transportation
Netflix,entertainment,37.78,Entertainment
AMC Theaters,entertainment game music #7799,39.88,Entertainment
McDonalds,takeout dinner,733.52,Food & Dining
Spotify,streaming music,13.85,Entertainment
Walmart,bread groceries,165.22,Groceries
McDonalds,dinner,82.21,Food & Dining
Nike,shoes electronics accessories,234.06,Shopping
Shell,fuel gas transportation #1014,12.25,Transportation
Various Services,service misc payment,370.37,Others
Subway,takeout,123.87,Food & Dining
Local Restaurant,dinner,916.32,Food & Dining
Netflix,game,24.77,Entertainment
Pizza Hut,takeout meal,28.33,Food & Dining
Best Buy,electronics shoes purchase,243.35,Shopping
H&M,accessories,129.02,Shopping
Xbox,streaming game music,49.06,Entertainment
Nike,purchase #7678,242.84,Shopping
Subway,restaurant lunch,910.27,Food & Dining
Various Services,service other,547.75,Others
Best Buy,shoes purchase,47.98,Shopping
BP,transit fuel,35.52,Transportation
Kroger,meat bread #4039,68.94,Groceries
CVS,doctor medicine,163.52,Healthcare
AMC Theaters,streaming,49.5,Entertainment
H&M,accessories shoes purchase #7614,298.3,Shopping
Safeway,bread dairy groceries,41.26,Groceries
Chipotle,delivery takeout,178.92,Food & Dining
CVS,medical prescription health #6426,123.53,Healthcare
Chipotle,takeout,785.36,Food & Dining
Unknown Vendor,other,977.85,Others
Best Buy,clothes #8123,185.73,Shopping
Pizza Hut,restaurant takeout,178.8,Food & Dining
Amazon,purchase accessories #5695,130.11,Shopping
Netflix,music,46.12,Entertainment
CVS,health prescription doctor,169.08,Healthcare
Safeway,dairy groceries food,159.77,Groceries
Unknown Vendor,payment misc,585.91,Others
Miscellaneous,general other,995.47,Others
Chipotle,restaurant meal,897.98,Food & Dining
AMC Theaters,movie entertainment,22.65,Entertainment
Spotify,streaming movie,21.51,Entertainment
CVS,doctor medical health,396.05,Healthcare
AT&T,monthly bill service #2844,650.72,Bills & Utilities
Nike,clothes accessories #3558,208.13,Shopping
McDonalds,takeout meal delivery,577.45,Food & Dining
Walmart,bread,183.39,Groceries
AT&T,monthly service #2814,366.45,Bills & Utilities
AMC Theaters,game,28.19,Entertainment
Electric Company,payment monthly utility,639.61,Bills & Utilities
Unknown Vendor,payment other service,73.22,Others
Walgreens,medical doctor prescription,74.7,Healthcare
Miscellaneous,other general #7721,663.21,Others
Walmart,food produce #9349,193.46,Groceries
Chipotle,delivery takeout,854.03,Food & Dining
Nike,purchase #3246,85.04,Shopping
Spotify,entertainment movie,15.72,Entertainment
Uber,transit ride,59.89,Transportation
Miscellaneous,general service payment #4224,884.4,Others
Subway,restaurant #8175,106.08,Food & Dining
Kroger,dairy groceries produce,100.52,Groceries
Spotify,game streaming,14.76,Entertainment
Trader Joes,produce bread,100.07,Groceries
Kroger,food meat,166.61,Groceries
Metro,ride gas #3443,8.16,Transportation
Amazon,shoes clothes electronics #5634,108.2,Shopping
Target,clothes,205.98,Shopping
Unknown Vendor,misc #2369,935.0,Others
AMC Theaters,entertainment #8844,31.41,Entertainment
Miscellaneous,payment misc,346.29,Others
Safeway,produce bread dairy #4951,79.27,Groceries
Nike,accessories shoes,91.2,Shopping
Pizza Hut,delivery takeout,35.88,Food & Dining
Unknown Vendor,payment other service,693.82,Others
McDonalds,lunch meal delivery #8014,137.44,Food & Dining
Safeway,groceries bread #4088,195.84,Groceries
Local Restaurant,takeout lunch delivery #6859,832.06,Food & Dining
Verizon,utility monthly service,974.92,Bills & Utilities
Water Service,service,109.6,Bills & Utilities
Netflix,streaming,19.0,Entertainment
Verizon,payment bill,88.11,Bills & Utilities
Unknown Vendor,other #3791,666.58,Others
McDonalds,dinner takeout restaurant #6198,942.02,Food & Dining
Best Buy,electronics purchase accessories,149.19,Shopping
Pizza Hut,lunch dinner,209.21,Food & Dining
Electric Company,bill utility,865.74,Bills & Utilities
CVS,prescription doctor #4339,385.99,Healthcare
Lyft,transportation fuel ride,12.53,Transportation
Quest Diagnostics,medical doctor health,425.09,Healthcare
Verizon,bill payment utility,635.56,Bills & Utilities
CVS,doctor,495.23,Healthcare
Various Services,other #6868,253.56,Others
H&M,purchase accessories clothes #5328,17.55,Shopping
Target,purchase clothes accessories,294.8,Shopping
Amazon,clothes,236.11,Shopping
Nike,clothes accessories,282.06,Shopping
Best Buy,purchase accessories electronics,121.34,Shopping
Walgreens,doctor medicine health #8969,290.68,Healthcare
Target,shoes clothes purchase #4888,28.11,Shopping
Local Restaurant,restaurant meal #9538,372.32,Food & Dining
Uber,transit fuel ride,78.72,Transportation
Pizza Hut,restaurant,807.63,Food & Dining
CVS,medical prescription,394.01,Healthcare
Various Services,service other misc,171.71,Others
Various Services,payment,600.66,Others
Amazon,clothes #1310,86.25,Shopping
Walgreens,health prescription doctor,372.23,Healthcare
Miscellaneous,payment service,72.96,Others
Electric Company,service monthly,575.41,Bills & Utilities
Target,electronics purchase clothes #1336,64.58,Shopping
Pizza Hut,delivery restaurant meal,59.09,Food & Dining
Trader Joes,meat,145.02,Groceries
Lyft,ride gas taxi,55.97,Transportation
Local Clinic,prescription medical #6979,177.45,Healthcare
Walgreens,medicine medical health,121.14,Healthcare
Unknown Vendor,other general payment #3450,680.92,Others
Uber,gas,43.7,Transportation
Trader Joes,produce meat bread,55.28,Groceries
Metro,ride taxi fuel,32.49,Transportation
Xbox,music streaming #3340,18.16,Entertainment
Verizon,utility monthly,814.04,Bills & Utilities
Netflix,music streaming entertainment,47.35,Entertainment
Xbox,game streaming #8999,35.63,Entertainment
Local Clinic,prescription medicine #7958,64.08,Healthcare
Walgreens,doctor prescription #9545,348.74,Healthcare
Walgreens,doctor medical medicine,237.09,Healthcare
Steam,movie music game #1318,24.18,Entertainment
Subway,takeout #4484,842.19,Food & Dining
Spotify,streaming #1825,33.78,Entertainment
Local Clinic,medical doctor prescription,449.62,Healthcare
Target,accessories #9920,200.78,Shopping
Lyft,fuel gas transportation,71.58,Transportation
Pizza Hut,takeout meal,201.35,Food & Dining
Shell,ride,32.81,Transportation
Verizon,monthly,713.31,Bills & Utilities
H&M,accessories shoes,158.98,Shopping
Shell,fuel ride transportation,28.54,Transportation
Best Buy,accessories purchase shoes,112.08,Shopping
Xbox,entertainment,14.35,Entertainment
AT&T,monthly utility #3593,389.71,Bills & Utilities
Safeway,groceries,103.5,Groceries
AMC Theaters,streaming game entertainment,43.62,Entertainment
Unknown Vendor,service general,982.85,Others
Electric Company,payment monthly,63.54,Bills & Utilities
Various Services,misc other,897.9,Others
Local Restaurant,lunch,561.97,Food & Dining
AT&T,utility,623.32,Bills & Utilities
Unknown Vendor,general payment service,875.54,Others
Amazon,clothes accessories #7582,133.02,Shopping
Local Restaurant,takeout delivery,878.98,Food & Dining
BP,gas transportation,38.31,Transportation
Local Clinic,medicine doctor health #2260,102.22,Healthcare
Chipotle,meal dinner,202.01,Food & Dining
Walmart,dairy food,98.17,Groceries
Local Clinic,medicine #5821,158.54,Healthcare
Chipotle,takeout delivery,850.39,Food & Dining
Subway,meal dinner,946.45,Food & Dining
Walmart,groceries food meat #6378,96.49,Groceries
H&M,shoes accessories clothes #7511,54.19,Shopping
Best Buy,accessories shoes #3956,71.68,Shopping
Quest Diagnostics,health,480.16,Healthcare
Amazon,purchase accessories shoes,143.75,Shopping
Water Service,bill service monthly,700.94,Bills & Utilities
AMC Theaters,entertainment music,29.8,Entertainment
Target,electronics purchase clothes,39.28,Shopping
Amazon,accessories shoes,120.31,Shopping
Whole Foods,groceries dairy,159.29,Groceries
Various Services,other general #5072,533.27,Others
Verizon,payment bill,410.79,Bills & Utilities
Trader Joes,dairy groceries meat,148.32,Groceries
McDonalds,delivery meal,527.76,Food & Dining
Nike,purchase electronics clothes #8542,214.46,Shopping
Electric Company,utility #1931,946.03,Bills & Utilities
Whole Foods,bread produce,152.79,Groceries
Uber,ride taxi fuel,33.58,Transportation
CVS,medical doctor medicine,91.7,Healthcare
Subway,meal restaurant #8778,28.98,Food & Dining
Miscellaneous,service payment general,924.02,Others
Pizza Hut,meal delivery lunch,630.01,Food & Dining
Walmart,food meat groceries #1550,24.48,Groceries
Lyft,taxi fuel transit,28.48,Transportation
Nike,clothes shoes #3163,164.34,Shopping
Miscellaneous,misc payment other,199.93,Others
Xbox,streaming,41.28,Entertainment
CVS,doctor health medicine,48.64,Healthcare
Target,purchase accessories #4757,151.31,Shopping
Various Services,other,557.11,Others
Amazon,clothes shoes,220.09,Shopping
Miscellaneous,general misc payment,478.16,Others
Verizon,utility #1472,437.94,Bills & Utilities
AT&T,monthly utility,988.25,Bills & Utilities
Nike,accessories electronics shoes,245.59,Shopping
Quest Diagnostics,doctor #8614,254.16,Healthcare
Trader Joes,groceries #7942,54.41,Groceries
Steam,entertainment #6411,38.56,Entertainment
Walgreens,health doctor,228.83,Healthcare
Netflix,entertainment,26.97,Entertainment
Various Services,general service other,221.73,Others
Unknown Vendor,service other general #2580,290.25,Others
Trader Joes,produce,119.41,Groceries
Verizon,service utility bill,210.08,Bills & Utilities
Local Clinic,health,188.56,Healthcare
H&M,clothes purchase electronics #2316,39.84,Shopping
Uber,taxi,45.23,Transportation
Whole Foods,dairy meat,194.52,Groceries
Amazon,shoes purchase,132.12,Shopping
Walgreens,medical medicine #3957,105.08,Healthcare
Spotify,entertainment,11.89,Entertainment
Steam,streaming game,36.32,Entertainment
Local Restaurant,dinner lunch,68.66,Food & Dining
AMC Theaters,streaming movie entertainment,45.68,Entertainment
CVS,doctor medical,160.88,Healthcare
Unknown Vendor,payment misc #5558,247.21,Others
Best Buy,electronics clothes,226.6,Shopping
Whole Foods,dairy #6797,167.28,Groceries
AMC Theaters,game movie,33.97,Entertainment
Miscellaneous,other service payment,110.66,Others
Safeway,dairy #5202,170.92,Groceries
H&M,clothes purchase #5201,282.97,Shopping
H&M,clothes electronics,233.07,Shopping
Various Services,other payment service #1848,705.74,Others
Kroger,food meat #5588,35.19,Groceries
H&M,accessories shoes,177.33,Shopping
Amazon,accessories electronics,240.89,Shopping
McDonalds,restaurant takeout,641.79,Food & Dining
Trader Joes,food bread meat #2518,132.99,Groceries
Target,electronics shoes purchase #4503,145.04,Shopping
Pizza Hut,restaurant delivery takeout,786.39,Food & Dining
Lyft,transportation transit fuel,56.29,Transportation
AT&T,service monthly bill,749.96,Bills & Utilities
Local Clinic,doctor medical #6233,473.27,Healthcare
Kroger,dairy food groceries,116.49,Groceries
Target,shoes,94.91,Shopping
CVS,medical medicine,461.04,Healthcare
Spotify,movie music,39.03,Entertainment
McDonalds,restaurant,918.93,Food & Dining
Walmart,dairy food produce,131.19,Groceries
H&M,shoes electronics #7177,276.63,Shopping
Pizza Hut,meal takeout delivery #4471,100.05,Food & Dining
McDonalds,restaurant takeout delivery,21.28,Food & Dining
Kroger,produce groceries,117.89,Groceries
Amazon,shoes accessories electronics,129.42,Shopping
Trader Joes,groceries meat,148.97,Groceries
Water Service,payment,358.18,Bills & Utilities
Electric Company,payment service,439.16,Bills & Utilities
AT&T,monthly utility bill,834.19,Bills & Utilities
AT&T,bill payment,450.79,Bills & Utilities
Pizza Hut,lunch restaurant,499.07,Food & Dining
Water Service,monthly,115.05,Bills & Utilities
Lyft,fuel,6.67,Transportation
Kroger,groceries,102.5,Groceries
Metro,fuel #9483,27.62,Transportation
Target,electronics accessories clothes,42.46,Shopping
Spotify,game entertainment music,45.3,Entertainment
Walgreens,doctor prescription medicine,347.4,Healthcare
Safeway,food,72.24,Groceries
Amazon,clothes accessories,125.79,Shopping
AMC Theaters,music #9664,39.32,Entertainment
Various Services,general misc,371.85,Others
Unknown Vendor,service #3836,333.33,Others
BP,gas fuel,27.75,Transportation
Pizza Hut,delivery meal restaurant #7855,616.86,Food & Dining
Kroger,food produce groceries,193.05,Groceries
Shell,transit,40.31,Transportation
Water Service,utility bill monthly #8828,349.8,Bills & Utilities
Electric Company,utility,326.31,Bills & Utilities
Unknown Vendor,service,133.34,Others
Target,shoes purchase electronics,233.02,Shopping
Chipotle,lunch delivery meal,416.2,Food & Dining
BP,transportation taxi,32.68,Transportation
CVS,prescription,444.43,Healthcare
Xbox,music movie,16.46,Entertainment
AMC Theaters,streaming game,43.17,Entertainment
Electric Company,monthly bill payment,448.98,Bills & Utilities
Trader Joes,meat produce dairy,110.15,Groceries
Water Service,utility payment,441.63,Bills & Utilities
Best Buy,electronics clothes,89.84,Shopping
Local Clinic,prescription doctor,470.2,Healthcare
Subway,restaurant takeout delivery #2358,664.09,Food & Dining
Subway,lunch restaurant meal,853.39,Food & Dining
CVS,medicine #5649,288.06,Healthcare
Metro,taxi #1551,70.53,Transportation
AT&T,bill service payment #5834,921.2,Bills & Utilities
AT&T,payment bill,484.0,Bills & Utilities
Safeway,groceries #7322,85.29,Groceries
Unknown Vendor,service misc #5591,56.02,Others
Miscellaneous,payment service,206.85,Others
Chipotle,restaurant delivery meal,462.24,Food & Dining
Subway,takeout #9651,560.91,Food & Dining
Steam,game entertainment music,35.76,Entertainment
Walgreens,doctor medical prescription,64.05,Healthcare
Electric Company,payment monthly,300.67,Bills & Utilities
Shell,gas ride fuel #8997,69.76,Transportation
Subway,dinner,334.52,Food & Dining
Safeway,dairy meat bread,87.26,Groceries
Chipotle,delivery,114.73,Food & Dining
Xbox,game,17.02,Entertainment
Water Service,service payment utility #1898,512.88,Bills & Utilities
Water Service,utility #4976,237.67,Bills & Utilities
Xbox,streaming game entertainment,22.53,Entertainment
Walgreens,prescription medical,137.87,Healthcare
Unknown Vendor,payment,479.78,Others
Miscellaneous,misc #9996,961.72,Others
Uber,transit,31.42,Transportation
Walmart,groceries #2017,135.48,Groceries
Safeway,dairy food meat,84.47,Groceries
H&M,clothes electronics #7416,123.27,Shopping
Walgreens,medicine medical,309.63,Healthcare
Electric Company,utility bill service,255.59,Bills & Utilities
Uber,gas taxi,24.25,Transportation
Walgreens,prescription medical doctor #7986,392.53,Healthcare
Chipotle,delivery,133.18,Food & Dining
Trader Joes,produce dairy groceries,91.43,Groceries
Amazon,shoes clothes #7869,287.82,Shopping
Verizon,monthly #6959,400.45,Bills & Utilities
Netflix,movie music game #3363,13.55,Entertainment
Nike,clothes electronics,264.33,Shopping
CVS,medicine health #5286,466.69,Healthcare
Pizza Hut,meal lunch takeout,729.81,Food & Dining
Metro,transportation #2113,26.17,Transportation
Pizza Hut,lunch takeout meal,618.94,Food & Dining
Quest Diagnostics,medical medicine prescription #3860,464.73,Healthcare
Local Restaurant,takeout lunch meal,442.15,Food & Dining
Kroger,dairy bread,23.21,Groceries
Water Service,monthly service,987.29,Bills & Utilities
Walgreens,doctor health prescription,296.36,Healthcare
Walmart,dairy meat #6212,158.63,Groceries
Verizon,payment,517.98,Bills & Utilities
Spotify,movie entertainment streaming,42.35,Entertainment
McDonalds,dinner,779.42,Food & Dining
Whole Foods,meat,199.01,Groceries
AMC Theaters,game #8671,16.39,Entertainment
Target,accessories shoes,104.42,Shopping
Unknown Vendor,misc #6346,351.54,Others
Safeway,food meat produce,180.36,Groceries
Metro,taxi transit transportation #7575,29.6,Transportation
H&M,shoes accessories,108.46,Shopping
BP,ride fuel,41.98,Transportation
Pizza Hut,lunch dinner,35.1,Food & Dining
AT&T,utility monthly #7205,213.53,Bills & Utilities
Various Services,misc,741.33,Others
Walmart,produce dairy meat,64.93,Groceries
Unknown Vendor,service misc other #3398,397.11,Others
CVS,prescription,62.07,Healthcare
Whole Foods,produce,85.74,Groceries
Walmart,bread dairy groceries,171.21,Groceries
Whole Foods,food dairy bread,122.7,Groceries
Miscellaneous,misc,272.57,Others
Spotify,movie,25.18,Entertainment
Target,accessories electronics clothes,244.13,Shopping
Walmart,dairy meat,180.25,Groceries
Unknown Vendor,payment #4330,214.13,Others
Miscellaneous,service,305.4,Others
Pizza Hut,restaurant,469.08,Food & Dining
AMC Theaters,entertainment streaming,14.84,Entertainment
Safeway,bread #1702,23.95,Groceries
Steam,game,49.7,Entertainment
AT&T,utility monthly #2829,595.56,Bills & Utilities
Various Services,other general payment #1408,23.64,Others
Steam,entertainment,42.01,Entertainment
Walmart,dairy food,31.03,Groceries
Chipotle,delivery restaurant dinner,641.33,Food & Dining
Water Service,bill monthly payment,666.87,Bills & Utilities
Electric Company,monthly bill utility,638.3,Bills & Utilities
Verizon,bill monthly,423.09,Bills & Utilities
BP,gas,59.78,Transportation
Local Restaurant,delivery #1612,256.1,Food & Dining
Unknown Vendor,misc service general,911.81,Others
Target,accessories purchase,203.5,Shopping
Target,clothes,78.51,Shopping
Electric Company,monthly utility payment,766.56,Bills & Utilities
Electric Company,monthly utility,965.25,Bills & Utilities
Verizon,monthly #4658,857.09,Bills & Utilities
Local Clinic,health medicine prescription,205.3,Healthcare
Pizza Hut,lunch,430.01,Food & Dining
AMC Theaters,game,24.64,Entertainment
Steam,movie music streaming,16.5,Entertainment
Water Service,utility bill #7392,475.7,Bills & Utilities
Electric Company,payment utility,799.69,Bills & Utilities
Various Services,general misc,98.96,Others
Trader Joes,bread food produce #2184,48.55,Groceries
Verizon,service,418.79,Bills & Utilities
CVS,health medical,94.1,Healthcare
Unknown Vendor,general other payment #2501,200.44,Others
Pizza Hut,restaurant,842.23,Food & Dining
Local Restaurant,takeout restaurant,572.74,Food & Dining
Best Buy,electronics shoes,51.29,Shopping
Nike,accessories #2520,105.11,Shopping
Walgreens,doctor prescription,280.76,Healthcare
Verizon,bill,35.22,Bills & Utilities
Local Clinic,health,416.52,Healthcare
BP,taxi,44.2,Transportation
Pizza Hut,takeout restaurant,55.7,Food & Dining
Miscellaneous,payment misc,154.05,Others
Quest Diagnostics,medical health doctor,372.53,Healthcare
AMC Theaters,entertainment,42.74,Entertainment
Xbox,entertainment game streaming #1086,34.24,Entertainment
Chipotle,dinner takeout,799.95,Food & Dining
H&M,clothes #9869,160.05,Shopping
Target,electronics,162.24,Shopping
CVS,medicine #3646,375.67,Healthcare
Miscellaneous,other payment service,153.65,Others
Metro,gas fuel taxi,26.5,Transportation
Amazon,clothes accessories purchase,230.01,Shopping
Shell,gas taxi transit,32.5,Transportation
Unknown Vendor,payment misc #7727,184.51,Others
Verizon,utility,436.48,Bills & Utilities
Unknown Vendor,other #8770,102.32,Others
Walmart,meat #2022,140.21,Groceries
Whole Foods,bread,57.9,Groceries
Lyft,taxi fuel transportation,16.13,Transportation
AMC Theaters,streaming,22.69,Entertainment
Metro,taxi transportation transit,33.14,Transportation
BP,taxi,61.69,Transportation
BP,fuel taxi ride,36.93,Transportation
Whole Foods,produce,27.45,Groceries
Lyft,fuel,15.69,Transportation
Walmart,groceries produce food #6837,135.76,Groceries
Local Clinic,health prescription #1788,302.3,Healthcare
Amazon,accessories clothes #9485,23.9,Shopping
BP,transit gas #7371,37.62,Transportation
Target,clothes purchase shoes,218.37,Shopping
Netflix,music game entertainment,23.33,Entertainment
Spotify,entertainment movie streaming,29.39,Entertainment
Various Services,service payment other,172.8,Others
Chipotle,takeout restaurant,103.52,Food & Dining
Subway,delivery,686.83,Food & Dining
Quest Diagnostics,doctor #3068,210.76,Healthcare
Amazon,electronics #8302,143.62,Shopping
H&M,purchase electronics #9781,68.38,Shopping
Miscellaneous,other service misc #5147,334.42,Others
Safeway,groceries dairy meat #7624,139.43,Groceries
H&M,purchase clothes,40.68,Shopping
Electric Company,monthly,966.08,Bills & Utilities
BP,taxi transportation,39.43,Transportation
CVS,medicine prescription,372.24,Healthcare
Miscellaneous,service,902.98,Others
Spotify,entertainment,12.96,Entertainment
Trader Joes,meat produce groceries #5537,198.13,Groceries
Local Clinic,doctor,429.88,Healthcare
Verizon,payment bill utility,570.27,Bills & Utilities
Spotify,streaming movie,35.19,Entertainment
Nike,purchase shoes,230.34,Shopping
McDonalds,meal,567.14,Food & Dining
Best Buy,clothes,66.2,Shopping
Water Service,utility #1532,471.4,Bills & Utilities
Whole Foods,food groceries meat,105.06,Groceries
Whole Foods,groceries bread #9671,69.48,Groceries
Quest Diagnostics,medicine medical #1807,407.92,Healthcare
AT&T,bill,625.23,Bills & Utilities
Metro,taxi #2893,5.13,Transportation
Nike,shoes accessories,86.57,Shopping
Netflix,music,18.6,Entertainment
Walmart,groceries,23.68,Groceries
Uber,transit,43.84,Transportation
Local Restaurant,lunch dinner,768.51,Food & Dining
Miscellaneous,payment general,433.0,Others
Nike,clothes purchase,155.33,Shopping
Amazon,purchase accessories #4436,44.06,Shopping
Miscellaneous,payment service #9831,800.12,Others
Miscellaneous,general service other #4751,710.45,Others
Lyft,gas,49.58,Transportation
Miscellaneous,service general,274.67,Others
Uber,transit,50.02,Transportation
Metro,taxi ride fuel #6626,24.6,Transportation
Miscellaneous,other,889.47,Others
Verizon,monthly service utility,54.37,Bills & Utilities
Electric Company,service payment,841.56,Bills & Utilities
H&M,shoes clothes,28.47,Shopping
Uber,gas ride transportation,39.64,Transportation
Uber,transit taxi transportation,74.11,Transportation
Steam,streaming game,14.65,Entertainment
Local Restaurant,takeout restaurant,865.39,Food & Dining
McDonalds,takeout lunch #2667,515.82,Food & Dining
H&M,shoes accessories #5611,24.92,Shopping
Steam,movie music entertainment,16.48,Entertainment
Local Restaurant,meal delivery dinner #5614,550.4,Food & Dining
Water Service,monthly payment,833.41,Bills & Utilities
Walgreens,prescription medicine health,488.0,Healthcare
Miscellaneous,other,303.56,Others
Safeway,groceries dairy #4474,135.47,Groceries
Shell,transit ride #9852,16.78,Transportation
Walgreens,health medical,215.18,Healthcare
Various Services,service payment misc,356.12,Others
Walgreens,health prescription medicine,407.63,Healthcare
Trader Joes,groceries #9546,55.61,Groceries
Subway,dinner takeout lunch,285.02,Food & Dining
AT&T,utility payment bill #5023,552.24,Bills & Utilities
Miscellaneous,misc,547.0,Others
Unknown Vendor,other misc #3741,36.18,Others
H&M,clothes,272.25,Shopping
Subway,takeout lunch restaurant #5118,417.56,Food & Dining
Xbox,music,34.08,Entertainment
Steam,music entertainment #1416,16.52,Entertainment
Steam,game streaming movie,36.85,Entertainment
Various Services,service misc other #8973,208.17,Others
Water Service,bill utility #6357,423.72,Bills & Utilities
Shell,transit gas taxi,38.71,Transportation
Kroger,meat produce bread,24.01,Groceries
Steam,streaming movie #2076,16.43,Entertainment
Various Services,other,126.33,Others
BP,transit taxi fuel #8766,6.09,Transportation
Miscellaneous,general misc,50.07,Others
Subway,lunch delivery #9038,372.66,Food & Dining
Kroger,meat groceries dairy,173.97,Groceries
Walmart,dairy produce food #1312,109.35,Groceries
Lyft,transportation transit ride,9.36,Transportation
McDonalds,takeout,913.72,Food & Dining
Pizza Hut,dinner #4046,41.41,Food & Dining
Quest Diagnostics,medical prescription doctor,380.03,Healthcare
Best Buy,electronics clothes shoes,48.39,Shopping
AMC Theaters,music entertainment #1809,41.87,Entertainment
Xbox,streaming game,45.99,Entertainment
Miscellaneous,payment misc other,807.18,Others
Kroger,dairy food #2959,33.77,Groceries
CVS,prescription medical,135.83,Healthcare
Local Clinic,health medicine,151.78,Healthcare
Target,accessories electronics,231.23,Shopping
H&M,accessories shoes electronics,205.07,Shopping
Miscellaneous,other general service,695.39,Others
Target,shoes clothes,17.58,Shopping
Whole Foods,produce bread,92.1,Groceries
Quest Diagnostics,medicine medical #7593,455.09,Healthcare
AMC Theaters,entertainment game movie,36.04,Entertainment
McDonalds,restaurant delivery #8116,827.84,Food & Dining
Local Restaurant,takeout delivery,954.22,Food & Dining
Local Clinic,medicine,101.55,Healthcare
Best Buy,electronics purchase clothes,251.88,Shopping
Safeway,produce,91.66,Groceries
Metro,ride,9.25,Transportation
Steam,movie music game,41.14,Entertainment
Subway,delivery dinner,163.97,Food & Dining
Electric Company,payment,886.42,Bills & Utilities
Walmart,bread,104.91,Groceries
Lyft,ride transit fuel #7069,11.43,Transportation
Local Restaurant,lunch takeout delivery,977.92,Food & Dining
Trader Joes,groceries food,80.39,Groceries
Trader Joes,meat groceries dairy #6628,94.01,Groceries
Target,clothes accessories electronics,126.8,Shopping
Lyft,fuel transit gas #4944,6.48,Transportation
Miscellaneous,general #5850,871.07,Others
McDonalds,delivery lunch dinner,71.2,Food & Dining
Pizza Hut,dinner meal,121.18,Food & Dining
BP,gas transportation,30.18,Transportation
Subway,delivery dinner #7121,982.45,Food & Dining
Unknown Vendor,payment,837.36,Others
Miscellaneous,service other misc,793.95,Others
Steam,music streaming,18.28,Entertainment
Local Clinic,medicine medical health,100.35,Healthcare
Electric Company,bill service #4049,184.8,Bills & Utilities
Walgreens,prescription medicine medical,461.13,Healthcare
Walgreens,prescription medical doctor #9544,439.62,Healthcare
Safeway,groceries bread,129.46,Groceries
Unknown Vendor,service,512.16,Others
Amazon,shoes clothes,140.89,Shopping
McDonalds,takeout restaurant dinner,937.54,Food & Dining
CVS,medicine medical #2589,63.82,Healthcare
Whole Foods,bread,34.48,Groceries
Pizza Hut,lunch delivery,81.2,Food & Dining
Local Clinic,medicine health,411.78,Healthcare
Uber,ride,53.24,Transportation
Kroger,meat,124.09,Groceries
Walgreens,prescription medicine health,113.22,Healthcare
Local Clinic,medical health #5609,168.33,Healthcare
Spotify,music streaming,27.78,Entertainment
Shell,gas,31.93,Transportation
Kroger,dairy meat #7185,153.49,Groceries
McDonalds,restaurant #9866,802.69,Food & Dining
Safeway,dairy groceries bread #9324,155.97,Groceries
McDonalds,takeout #9662,669.47,Food & Dining
Walgreens,doctor prescription medical #2486,126.93,Healthcare
Uber,taxi fuel transportation,72.74,Transportation
Chipotle,delivery meal takeout,239.57,Food & Dining
Nike,accessories shoes purchase,56.31,Shopping
Amazon,shoes accessories #6312,50.88,Shopping
Local Clinic,health prescription,241.04,Healthcare
Unknown Vendor,misc service,187.82,Others
CVS,health,167.96,Healthcare
Spotify,streaming,35.18,Entertainment
McDonalds,meal dinner,852.83,Food & Dining
Netflix,entertainment streaming,43.8,Entertainment
Miscellaneous,general misc other,834.1,Others
Local Clinic,medicine medical #5860,303.47,Healthcare
Safeway,food bread produce,61.92,Groceries
Miscellaneous,other service,559.91,Others
Whole Foods,meat dairy bread #4492,167.72,Groceries
Netflix,streaming game,12.2,Entertainment
Steam,movie streaming game #9595,30.82,Entertainment
Various Services,other service misc,92.63,Others
Walgreens,prescription medical,493.86,Healthcare
Target,purchase shoes accessories #4711,93.74,Shopping
AMC Theaters,game entertainment movie,12.21,Entertainment
Unknown Vendor,general misc service #1007,716.59,Others
Various Services,payment #2085,527.56,Others
Electric Company,service monthly bill,564.67,Bills & Utilities
Electric Company,bill monthly utility,361.75,Bills & Utilities
Lyft,fuel,20.26,Transportation
Nike,electronics,279.84,Shopping
Subway,takeout lunch delivery #8544,711.98,Food & Dining
Netflix,entertainment,11.89,Entertainment
Best Buy,electronics #8969,21.9,Shopping
Target,purchase,161.18,Shopping
Electric Company,monthly #6169,682.42,Bills & Utilities
Kroger,produce bread food #6199,88.87,Groceries
Whole Foods,bread #4243,191.6,Groceries
Xbox,game movie streaming,30.36,Entertainment
Verizon,utility bill,182.8,Bills & Utilities
Quest Diagnostics,prescription #5746,445.42,Healthcare
H&M,shoes #3402,195.94,Shopping
Subway,delivery,321.19,Food & Dining
Various Services,other service misc,518.45,Others
Water Service,utility payment,651.42,Bills & Utilities
Lyft,ride,8.73,Transportation
Spotify,movie game #1343,23.01,Entertainment
Best Buy,accessories #1420,23.39,Shopping
Unknown Vendor,payment other,678.33,Others
Kroger,meat groceries dairy,81.89,Groceries
Shell,fuel transit taxi #5115,27.46,Transportation
CVS,doctor,109.25,Healthcare
Nike,shoes purchase clothes #1474,120.41,Shopping
AT&T,bill payment,675.32,Bills & Utilities
Amazon,electronics accessories,55.65,Shopping
Nike,purchase shoes,136.22,Shopping
Steam,streaming movie entertainment,32.32,Entertainment
Quest Diagnostics,doctor #8734,216.86,Healthcare
Best Buy,shoes clothes purchase #3233,200.93,Shopping
Shell,fuel ride,70.82,Transportation
Lyft,taxi #4643,27.02,Transportation
Trader Joes,dairy meat food,183.17,Groceries
AT&T,bill service payment,846.32,Bills & Utilities
Verizon,service bill payment,609.23,Bills & Utilities
Amazon,shoes,92.16,Shopping
Miscellaneous,other #9095,653.58,Others
Whole Foods,dairy,76.57,Groceries
Shell,taxi gas transit,47.43,Transportation
Trader Joes,groceries,71.21,Groceries
Target,shoes,85.64,Shopping
CVS,medical health,362.89,Healthcare
BP,fuel gas ride #1466,44.55,Transportation
Shell,transportation taxi,79.5,Transportation
Metro,ride fuel,43.49,Transportation
Pizza Hut,restaurant #4625,231.17,Food & Dining
Nike,shoes,181.81,Shopping
Miscellaneous,misc other service,101.46,Others
Miscellaneous,other misc general #1692,238.2,Others
Amazon,electronics clothes,50.13,Shopping
Nike,accessories,155.47,Shopping
Spotify,music streaming,10.49,Entertainment
Nike,accessories #1104,199.41,Shopping
Electric Company,utility,489.1,Bills & Utilities
Nike,purchase,167.15,Shopping
Quest Diagnostics,health medicine prescription,134.62,Healthcare
Metro,transit,29.34,Transportation
Pizza Hut,takeout delivery restaurant,231.36,Food & Dining
Unknown Vendor,general payment #6012,671.63,Others
McDonalds,dinner takeout,23.48,Food & Dining
Safeway,groceries dairy produce,167.02,Groceries
Local Clinic,prescription #3651,241.02,Healthcare
Water Service,monthly #4840,115.75,Bills & Utilities
Unknown Vendor,payment misc service,186.01,Others
Best Buy,electronics shoes #6780,185.02,Shopping
McDonalds,restaurant delivery meal #2686,324.86,Food & Dining
Verizon,service,490.84,Bills & Utilities
Electric Company,bill,911.12,Bills & Utilities
H&M,purchase #1601,230.35,Shopping
Best Buy,purchase accessories electronics,295.96,Shopping
Various Services,general misc,659.95,Others
Uber,transit #2180,10.88,Transportation
Subway,takeout dinner,158.62,Food & Dining
Shell,transit,33.14,Transportation
Uber,ride transportation fuel,50.02,Transportation
CVS,health,297.73,Healthcare
Chipotle,lunch takeout,771.55,Food & Dining
McDonalds,lunch restaurant #4058,286.16,Food & Dining
H&M,accessories,109.99,Shopping
Whole Foods,meat #5408,141.82,Groceries
CVS,doctor,259.93,Healthcare
Whole Foods,dairy #9873,127.71,Groceries
AT&T,utility monthly service #6196,820.83,Bills & Utilities
AMC Theaters,entertainment game,10.69,Entertainment
Steam,movie streaming #7224,48.45,Entertainment
Unknown Vendor,payment general service,787.91,Others
Target,accessories,240.08,Shopping
Walmart,bread groceries,170.69,Groceries
AMC Theaters,music,33.02,Entertainment
Walgreens,health doctor prescription,488.36,Healthcare
Water Service,utility monthly bill,980.0,Bills & Utilities
Target,electronics accessories clothes #3272,72.44,Shopping
Various Services,payment general,231.33,Others
Uber,taxi,57.98,Transportation
Miscellaneous,general misc #4197,615.64,Others
Miscellaneous,service payment,15.62,Others
Lyft,taxi ride #1625,72.96,Transportation
Steam,game,44.68,Entertainment
Chipotle,delivery,747.6,Food & Dining
Water Service,service monthly payment,486.48,Bills & Utilities
Local Restaurant,dinner takeout #6654,517.42,Food & Dining
Walgreens,health #7749,238.19,Healthcare
Target,electronics,84.58,Shopping
Unknown Vendor,payment misc #7435,534.51,Others
Local Clinic,health doctor medical #8988,137.79,Healthcare
Subway,lunch,843.26,Food & Dining
H&M,electronics shoes clothes #7128,76.32,Shopping
Amazon,purchase electronics accessories,285.98,Shopping
Walgreens,prescription medical #9876,250.32,Healthcare
Walgreens,health medicine #2545,331.75,Healthcare
AMC Theaters,movie entertainment game #7640,11.21,Entertainment
Verizon,utility service,182.0,Bills & Utilities
BP,ride transit taxi,7.96,Transportation
Xbox,streaming entertainment music #2140,38.81,Entertainment
Subway,delivery dinner,310.14,Food & Dining
BP,transit gas transportation,74.68,Transportation
Pizza Hut,meal,387.61,Food & Dining
Verizon,payment monthly service,361.7,Bills & Utilities
Water Service,monthly utility service,704.52,Bills & Utilities
AT&T,service utility,968.95,Bills & Utilities
Target,electronics clothes purchase #2878,219.16,Shopping
Amazon,shoes #1382,165.64,Shopping
Quest Diagnostics,health medical prescription,432.71,Healthcare
Trader Joes,produce,73.14,Groceries
Metro,transit taxi gas,52.8,Transportation
Pizza Hut,lunch,910.93,Food & Dining
Walmart,groceries food,181.86,Groceries
Pizza Hut,meal lunch,876.49,Food & Dining
Local Clinic,health,32.54,Healthcare
Spotify,music,46.35,Entertainment
McDonalds,takeout lunch,702.88,Food & Dining
Local Restaurant,delivery lunch,725.49,Food & Dining
Miscellaneous,service,790.12,Others
Subway,restaurant meal,357.22,Food & Dining
Amazon,purchase shoes accessories,170.33,Shopping
Local Clinic,medical health,235.37,Healthcare
Uber,ride transportation gas #4800,10.84,Transportation
Metro,taxi ride transit,6.45,Transportation
Target,accessories shoes clothes,236.22,Shopping
Nike,electronics #4253,86.77,Shopping
Netflix,game streaming music #6298,41.68,Entertainment
Uber,fuel,45.18,Transportation
Verizon,service bill #3089,769.31,Bills & Utilities
Target,clothes,129.5,Shopping
AT&T,service #1027,38.04,Bills & Utilities
Metro,transit transportation gas,37.58,Transportation
Amazon,purchase,111.37,Shopping
Various Services,general misc,457.02,Others
Amazon,purchase shoes electronics,278.69,Shopping
Lyft,gas ride fuel #6336,57.51,Transportation
Local Restaurant,meal dinner restaurant,154.92,Food & Dining
Shell,gas fuel #8337,50.9,Transportation
BP,gas,60.56,Transportation
BP,ride gas transportation,57.43,Transportation
Electric Company,bill utility #8940,586.8,Bills & Utilities
CVS,prescription,214.63,Healthcare
Pizza Hut,dinner restaurant meal #5040,482.41,Food & Dining
Pizza Hut,delivery,446.67,Food & Dining
Shell,gas transportation #4137,7.83,Transportation
Spotify,streaming #1807,42.17,Entertainment
Target,shoes,90.68,Shopping
Amazon,accessories shoes purchase,221.08,Shopping
Amazon,shoes purchase clothes #8080,225.37,Shopping
Water Service,monthly utility,173.21,Bills & Utilities
Metro,fuel ride taxi #1278,30.54,Transportation
Unknown Vendor,misc payment general,737.63,Others
Walgreens,medical doctor,366.08,Healthcare
Walgreens,medical,416.97,Healthcare
Local Clinic,health #9556,449.04,Healthcare
Safeway,food meat,119.68,Groceries
Quest Diagnostics,doctor medical,139.0,Healthcare
Pizza Hut,lunch takeout,918.09,Food & Dining
Chipotle,meal takeout,468.03,Food & Dining
Walmart,groceries meat #2531,34.14,Groceries
Best Buy,clothes,102.63,Shopping
AMC Theaters,game music movie #2904,38.87,Entertainment
Trader Joes,meat food groceries #6158,81.65,Groceries
Pizza Hut,dinner meal restaurant #2989,836.72,Food & Dining
Local Clinic,medical doctor health,40.73,Healthcare
Lyft,ride transportation,14.28,Transportation
Unknown Vendor,misc service,275.32,Others
BP,taxi ride #1944,35.36,Transportation
AT&T,payment service utility #7785,182.07,Bills & Utilities
Various Services,service misc,261.67,Others
Walgreens,medicine #3284,188.41,Healthcare
Shell,fuel #8377,71.65,Transportation
Trader Joes,dairy produce,158.59,Groceries
Xbox,streaming game movie,13.41,Entertainment
Steam,game movie streaming #1957,45.49,Entertainment
Walgreens,medical #6692,49.54,Healthcare
Walgreens,health medicine doctor,36.03,Healthcare
Subway,lunch dinner restaurant,876.07,Food & Dining
Various Services,other #6531,368.4,Others
Uber,gas ride taxi #4842,42.98,Transportation
Lyft,ride #8036,56.83,Transportation
Whole Foods,dairy food bread,71.87,Groceries
Amazon,shoes electronics,179.84,Shopping
Water Service,service utility monthly,266.03,Bills & Utilities
Whole Foods,dairy food,147.22,Groceries
Safeway,bread,179.36,Groceries
Whole Foods,food dairy,182.47,Groceries
Quest Diagnostics,prescription medicine medical,357.95,Healthcare
BP,transportation #3808,39.67,Transportation
CVS,medicine #8101,403.4,Healthcare
Electric Company,utility #2644,357.56,Bills & Utilities
CVS,medical prescription health,209.81,Healthcare
AT&T,service utility bill,446.88,Bills & Utilities
Target,electronics clothes accessories,196.29,Shopping
Uber,taxi fuel transit,31.38,Transportation
Lyft,fuel,24.88,Transportation
Best Buy,electronics purchase,259.32,Shopping
Electric Company,service payment,658.53,Bills & Utilities
Unknown Vendor,service other misc,844.48,Others
Local Clinic,medicine medical doctor,167.02,Healthcare
Subway,meal takeout #9510,87.73,Food & Dining
Safeway,meat bread dairy,113.87,Groceries
Pizza Hut,dinner,679.53,Food & Dining
McDonalds,lunch dinner,213.51,Food & Dining
AT&T,utility,675.22,Bills & Utilities
Nike,shoes accessories clothes #6598,23.77,Shopping
Water Service,bill utility,908.35,Bills & Utilities
Pizza Hut,lunch,527.25,Food & Dining
Lyft,gas,39.21,Transportation
Whole Foods,food produce,118.28,Groceries
Miscellaneous,general payment,333.36,Others
Netflix,entertainment,12.6,Entertainment
Shell,gas,63.6,Transportation
AT&T,bill,216.33,Bills & Utilities
Verizon,payment bill,445.78,Bills & Utilities
Local Clinic,medical doctor health,166.0,Healthcare
Water Service,bill utility #7497,365.82,Bills & Utilities
Miscellaneous,other payment misc #4942,873.45,Others
Best Buy,electronics,83.86,Shopping
Xbox,entertainment music #3215,35.25,Entertainment
Target,shoes,222.4,Shopping
Safeway,food produce #7388,74.55,Groceries
Best Buy,electronics purchase,201.96,Shopping
Various Services,service other misc,279.16,Others
Nike,shoes accessories clothes,261.47,Shopping
Walmart,meat #7923,129.35,Groceries
Various Services,service other payment #7759,567.64,Others
Unknown Vendor,misc payment service,206.96,Others
Kroger,dairy food,52.66,Groceries
AT&T,monthly service bill,761.5,Bills & Utilities
Various Services,misc other #9464,66.98,Others
Uber,transportation transit,53.52,Transportation
Unknown Vendor,general other misc,550.58,Others
Steam,entertainment,27.15,Entertainment
Electric Company,utility #7620,14.22,Bills & Utilities
Xbox,entertainment game movie,30.21,Entertainment
H&M,purchase clothes electronics,79.2,Shopping
Verizon,payment service #3568,64.44,Bills & Utilities
Trader Joes,meat produce food,57.5,Groceries
Walmart,dairy produce food #3029,60.68,Groceries
AMC Theaters,music,26.6,Entertainment
Electric Company,service,583.88,Bills & Utilities
Xbox,game streaming music,12.8,Entertainment
H&M,accessories shoes,117.96,Shopping
Miscellaneous,general other misc #2065,832.88,Others
Nike,shoes electronics #7486,35.7,Shopping
Pizza Hut,restaurant delivery takeout #8935,930.35,Food & Dining
Netflix,entertainment,14.92,Entertainment
Spotify,music game movie #2653,23.2,Entertainment
Trader Joes,meat produce,24.15,Groceries
Metro,transit ride transportation #4847,14.72,Transportation
Whole Foods,produce meat food,90.37,Groceries
Amazon,shoes,163.89,Shopping
Miscellaneous,payment general service #3763,447.43,Others
H&M,accessories,227.05,Shopping
Whole Foods,dairy food #1711,41.05,Groceries
Walmart,meat dairy,87.4,Groceries
Various Services,general other misc #9247,145.17,Others
Nike,shoes clothes,90.77,Shopping
H&M,purchase shoes electronics #7002,50.8,Shopping
Electric Company,service bill utility,705.88,Bills & Utilities
Miscellaneous,other general,534.91,Others
McDonalds,lunch dinner takeout #4690,968.37,Food & Dining
Netflix,game streaming music #3773,41.04,Entertainment
Local Restaurant,takeout delivery,286.36,Food & Dining
Uber,fuel taxi transit #9759,74.74,Transportation
Various Services,misc payment service,830.87,Others
AT&T,service #8481,542.06,Bills & Utilities
Spotify,game movie #2582,46.94,Entertainment
Spotify,movie game,35.68,Entertainment
CVS,doctor prescription medical #8982,48.05,Healthcare
Spotify,movie entertainment #8825,35.97,Entertainment
Safeway,meat produce #2771,146.4,Groceries
Water Service,monthly,373.08,Bills & Utilities
Metro,transit fuel #5183,68.98,Transportation
Trader Joes,produce bread meat #6762,47.17,Groceries
Shell,gas transportation,24.6,Transportation
Lyft,gas transportation,62.12,Transportation
Chipotle,lunch takeout #9680,432.97,Food & Dining
AT&T,payment bill monthly #5234,247.85,Bills & Utilities
Lyft,gas ride #2380,36.01,Transportation
Shell,ride fuel #8096,41.43,Transportation
AT&T,service,466.61,Bills & Utilities
AT&T,payment service,364.17,Bills & Utilities
Xbox,game entertainment streaming,25.84,Entertainment
Netflix,music,17.89,Entertainment
Best Buy,electronics clothes purchase,70.69,Shopping
Spotify,game entertainment #9516,28.75,Entertainment
Trader Joes,bread food dairy,141.37,Groceries
CVS,prescription medicine,208.74,Healthcare
Nike,purchase #3619,194.4,Shopping
AMC Theaters,music streaming #9212,32.28,Entertainment
Unknown Vendor,other #5052,225.94,Others
Target,clothes,277.82,Shopping
AT&T,utility bill service,792.68,Bills & Utilities
Subway,lunch restaurant delivery,428.28,Food & Dining
Uber,taxi transportation gas,62.8,Transportation
Best Buy,purchase shoes accessories,35.29,Shopping
Unknown Vendor,other #5389,951.21,Others
Xbox,entertainment music movie,40.54,Entertainment
Kroger,groceries #7161,65.52,Groceries
Local Clinic,medicine,241.62,Healthcare
CVS,medical #5029,476.03,Healthcare
Whole Foods,bread meat dairy,188.56,Groceries
Various Services,misc,531.03,Others
Trader Joes,produce,136.12,Groceries
Unknown Vendor,misc other #7303,748.61,Others
Electric Company,bill utility payment,59.49,Bills & Utilities
Walmart,food produce meat,75.8,Groceries
Xbox,game streaming,39.68,Entertainment
Unknown Vendor,payment service,847.11,Others
CVS,health #1611,396.54,Healthcare
Best Buy,purchase accessories electronics,107.49,Shopping
Spotify,music game movie,45.18,Entertainment
Local Restaurant,meal delivery,270.49,Food & Dining
Pizza Hut,meal restaurant delivery,756.39,Food & Dining
Whole Foods,food #8071,151.58,Groceries
Subway,lunch meal restaurant,923.14,Food & Dining
Water Service,service bill,870.56,Bills & Utilities
Whole Foods,bread #1006,139.99,Groceries
Trader Joes,produce bread groceries,144.07,Groceries
Safeway,groceries,197.14,Groceries
Subway,meal #6947,689.78,Food & Dining
Unknown Vendor,general service #4166,433.67,Others
Miscellaneous,general,668.7,Others
Trader Joes,produce dairy,50.71,Groceries
Spotify,entertainment game streaming,33.78,Entertainment
Local Clinic,health prescription medicine,163.94,Healthcare
AT&T,monthly #3521,122.22,Bills & Utilities
Subway,lunch takeout restaurant,999.82,Food & Dining
Water Service,utility bill payment,798.52,Bills & Utilities
Walgreens,medicine medical,26.77,Healthcare
Walgreens,doctor,328.76,Healthcare
Various Services,general payment service,749.24,Others
Walgreens,medical,186.88,Healthcare
Safeway,produce food meat,173.26,Groceries
Unknown Vendor,other #5006,91.3,Others
McDonalds,meal,662.81,Food & Dining
McDonalds,lunch,505.66,Food & Dining
Best Buy,clothes accessories #4885,101.85,Shopping
Target,clothes purchase,268.98,Shopping
CVS,medical medicine,358.95,Healthcare
Whole Foods,food meat #3704,112.0,Groceries
Nike,clothes,256.01,Shopping
Shell,ride taxi #3329,39.67,Transportation
Verizon,monthly #2897,192.35,Bills & Utilities
AT&T,service,606.99,Bills & Utilities
Nike,clothes purchase shoes,178.59,Shopping
Steam,music entertainment #1483,40.72,Entertainment
Trader Joes,food meat bread,145.49,Groceries
Miscellaneous,service general other,977.61,Others
Lyft,taxi fuel,76.37,Transportation
Metro,ride transportation,13.83,Transportation
H&M,accessories electronics #8393,295.0,Shopping
Water Service,payment utility #6449,931.04,Bills & Utilities
Verizon,bill,119.37,Bills & Utilities
Amazon,shoes clothes purchase,243.13,Shopping
Walmart,bread #5203,77.06,Groceries
Amazon,accessories purchase,202.68,Shopping
Target,shoes #3020,258.76,Shopping
AMC Theaters,streaming #9234,43.43,Entertainment
Spotify,game movie streaming #8345,16.35,Entertainment
Water Service,payment monthly #1589,190.29,Bills & Utilities
Uber,transit ride,35.05,Transportation
AT&T,bill monthly payment,657.04,Bills & Utilities
Walgreens,doctor medical,230.66,Healthcare
Spotify,game #9542,28.76,Entertainment
Netflix,streaming music game #3822,24.46,Entertainment
Walmart,bread dairy,75.19,Groceries
AT&T,bill,453.41,Bills & Utilities
Local Restaurant,dinner takeout restaurant,621.27,Food & Dining
Best Buy,purchase accessories #1158,261.73,Shopping
Chipotle,delivery restaurant lunch,123.88,Food & Dining
Walgreens,health prescription medical #9650,39.7,Healthcare
Spotify,game #2647,15.56,Entertainment
BP,transportation ride,16.57,Transportation
Subway,lunch meal restaurant,895.43,Food & Dining
Unknown Vendor,misc payment,193.57,Others
Unknown Vendor,general misc service #3576,694.34,Others
Steam,game music #9703,40.64,Entertainment
Local Restaurant,restaurant dinner delivery #9279,911.95,Food & Dining
Amazon,electronics,184.37,Shopping
Nike,clothes,274.99,Shopping
AT&T,utility monthly #4752,89.77,Bills & Utilities
Safeway,food meat,88.49,Groceries
CVS,medical prescription health,249.62,Healthcare
Xbox,movie entertainment #5148,26.21,Entertainment
Water Service,payment bill monthly,804.57,Bills & Utilities
BP,fuel,79.81,Transportation
Walgreens,doctor medical,64.0,Healthcare
Best Buy,shoes clothes accessories,78.34,Shopping
Netflix,streaming movie #8820,15.98,Entertainment
McDonalds,dinner,749.74,Food & Dining
Pizza Hut,restaurant lunch dinner #2981,768.9,Food & Dining
Local Clinic,medical health doctor,274.29,Healthcare
Walgreens,medicine medical,143.36,Healthcare
Kroger,dairy bread meat,160.29,Groceries
Local Clinic,health #5206,114.57,Healthcare
CVS,doctor prescription,74.74,Healthcare
H&M,purchase shoes electronics,159.16,Shopping
Shell,ride transportation,36.7,Transportation
CVS,doctor #5077,31.38,Healthcare
BP,transit ride taxi,16.52,Transportation
Metro,fuel transportation transit #3640,41.42,Transportation
McDonalds,dinner lunch,944.34,Food & Dining
Spotify,game music entertainment #7141,42.98,Entertainment
Various Services,general misc,578.57,Others
Trader Joes,produce food bread,62.77,Groceries
Verizon,bill,914.04,Bills & Utilities
Metro,transportation,20.06,Transportation
Subway,meal restaurant dinner,952.23,Food & Dining
Target,clothes electronics shoes,37.39,Shopping
Pizza Hut,restaurant takeout lunch #6970,706.7,Food & Dining
Nike,electronics purchase clothes,138.59,Shopping
Target,shoes,101.99,Shopping
Water Service,utility service monthly #5312,84.15,Bills & Utilities
Xbox,entertainment movie game,34.43,Entertainment
Pizza Hut,takeout,780.29,Food & Dining
Unknown Vendor,misc general,337.18,Others
Whole Foods,meat #5512,103.25,Groceries
Nike,purchase,89.54,Shopping
Kroger,produce,65.89,Groceries
Amazon,purchase #4546,66.34,Shopping
AT&T,service bill #6962,786.63,Bills & Utilities
Whole Foods,dairy groceries food,108.84,Groceries
Walgreens,health,48.59,Healthcare
Best Buy,accessories #3792,261.52,Shopping
AT&T,payment bill monthly #9693,199.59,Bills & Utilities
Walgreens,medicine health #4093,197.76,Healthcare
Quest Diagnostics,prescription medical,473.66,Healthcare
Walmart,groceries meat produce #9698,139.45,Groceries
Netflix,game streaming,40.69,Entertainment
Quest Diagnostics,health #1818,283.81,Healthcare
Subway,restaurant,243.97,Food & Dining
Local Clinic,doctor medical health #3294,292.3,Healthcare
Target,accessories,143.08,Shopping
Water Service,utility payment bill,277.03,Bills & Utilities
Xbox,music game,23.46,Entertainment
Verizon,service #4490,52.3,Bills & Utilities
Xbox,streaming game music,39.24,Entertainment
AT&T,utility #9106,952.38,Bills & Utilities
BP,gas,33.56,Transportation
Target,shoes clothes #6136,63.29,Shopping
Kroger,groceries,134.44,Groceries
Local Clinic,doctor health prescription,249.43,Healthcare
Pizza Hut,delivery,482.98,Food & Dining
Water Service,bill,690.36,Bills & Utilities
Trader Joes,meat produce dairy,93.89,Groceries
Walgreens,prescription health,280.12,Healthcare
Electric Company,bill service,943.28,Bills & Utilities
BP,ride taxi,22.3,Transportation
AMC Theaters,entertainment movie streaming,21.39,Entertainment
Netflix,movie #4089,28.09,Entertainment
Spotify,game music,46.5,Entertainment
Pizza Hut,dinner lunch restaurant,930.58,Food & Dining
Electric Company,service utility,752.74,Bills & Utilities
Xbox,streaming game music #6454,12.01,Entertainment
CVS,medical,169.65,Healthcare
Verizon,bill utility,72.58,Bills & Utilities
Uber,fuel taxi #8552,78.76,Transportation
Water Service,payment service,22.19,Bills & Utilities
Lyft,ride transit #4051,68.82,Transportation
Quest Diagnostics,health #7489,470.39,Healthcare
Safeway,produce bread,73.27,Groceries
Walgreens,prescription medical,85.99,Healthcare
Trader Joes,bread food,49.64,Groceries
Miscellaneous,general other,924.58,Others
Electric Company,monthly bill,866.44,Bills & Utilities
Safeway,meat #3860,176.74,Groceries
Unknown Vendor,misc #6734,215.95,Others
Kroger,groceries dairy,50.8,Groceries
Unknown Vendor,service,989.2,Others
Pizza Hut,lunch,770.05,Food & Dining
Quest Diagnostics,doctor,135.0,Healthcare
AT&T,utility #8824,322.87,Bills & Utilities
AT&T,bill,969.07,Bills & Utilities
AT&T,payment monthly,188.82,Bills & Utilities
Miscellaneous,payment general service #6825,657.9,Others
CVS,doctor health prescription #5185,217.78,Healthcare
Trader Joes,meat,174.51,Groceries
Unknown Vendor,payment service other #5090,387.23,Others
McDonalds,dinner,850.71,Food & Dining
Xbox,game movie entertainment #8805,26.78,Entertainment
AMC Theaters,entertainment streaming music,23.73,Entertainment
Walmart,food #3852,132.88,Groceries
Steam,music movie entertainment,40.43,Entertainment
Local Clinic,health medical doctor #3571,88.52,Healthcare
Lyft,fuel,70.92,Transportation
Local Restaurant,takeout,128.43,Food & Dining
Electric Company,bill service payment,706.19,Bills & Utilities
Water Service,payment,415.14,Bills & Utilities
Safeway,produce,113.16,Groceries
Whole Foods,dairy bread food,100.85,Groceries
BP,gas transportation ride,43.64,Transportation
Electric Company,utility payment,175.28,Bills & Utilities
Kroger,food,60.64,Groceries
Whole Foods,dairy groceries,168.34,Groceries
Unknown Vendor,other service general #2306,999.88,Others
Water Service,payment service monthly #3985,195.03,Bills & Utilities
AMC Theaters,movie streaming entertainment,48.89,Entertainment
Trader Joes,bread #1167,21.84,Groceries
Uber,taxi,38.0,Transportation
Electric Company,service payment bill,258.08,Bills & Utilities
Safeway,dairy produce #7007,169.35,Groceries
Metro,fuel,65.82,Transportation
Pizza Hut,lunch dinner,642.81,Food & Dining
Best Buy,purchase shoes,163.5,Shopping
CVS,health medicine #1091,133.6,Healthcare
Safeway,groceries #7480,67.85,Groceries
Miscellaneous,misc service other #7973,135.88,Others
AT&T,bill payment monthly #5704,802.51,Bills & Utilities
Quest Diagnostics,health prescription medicine,318.56,Healthcare
Safeway,bread dairy meat #7974,79.03,Groceries
Amazon,electronics,288.45,Shopping
Nike,shoes #8314,48.69,Shopping
Shell,taxi ride gas #5339,79.88,Transportation
BP,gas transportation transit,7.3,Transportation
Verizon,payment,286.2,Bills & Utilities
Amazon,purchase accessories #3173,32.18,Shopping
Walmart,bread groceries meat,99.99,Groceries
Electric Company,payment,663.11,Bills & Utilities
Trader Joes,produce,104.01,Groceries
Subway,restaurant delivery,87.85,Food & Dining
Spotify,movie game music,27.08,Entertainment
Miscellaneous,general service misc,55.14,Others
Safeway,produce,192.46,Groceries
Subway,delivery meal dinner,514.06,Food & Dining
Local Restaurant,takeout lunch delivery,457.14,Food & Dining
Various Services,other misc general,330.93,Others
Safeway,dairy,191.59,Groceries
Target,clothes electronics accessories #8203,237.75,Shopping
Whole Foods,meat #1194,177.97,Groceries
Verizon,bill #4414,690.05,Bills & Utilities
Target,accessories #6730,271.47,Shopping
Netflix,music game movie #1459,26.96,Entertainment
Quest Diagnostics,doctor,274.46,Healthcare
Safeway,produce bread food,112.37,Groceries
Quest Diagnostics,prescription medical #9309,23.69,Healthcare
Best Buy,shoes clothes #4012,177.42,Shopping
Walgreens,medicine,80.9,Healthcare
Shell,transportation taxi gas,37.08,Transportation
Miscellaneous,service other,860.74,Others
Water Service,monthly #1976,268.5,Bills & Utilities
Target,accessories #5697,250.41,Shopping
Spotify,movie,25.67,Entertainment
Subway,lunch restaurant,760.02,Food & Dining
Lyft,transit ride,13.15,Transportation
AMC Theaters,entertainment music,22.34,Entertainment
Local Clinic,medicine,240.96,Healthcare
Quest Diagnostics,health doctor prescription,136.42,Healthcare
Safeway,groceries meat,161.88,Groceries
Spotify,music #4931,16.32,Entertainment
Local Clinic,prescription,291.51,Healthcare
Pizza Hut,lunch #1412,436.32,Food & Dining
Electric Company,service bill,917.96,Bills & Utilities
Uber,fuel transit gas,37.14,Transportation
Metro,transportation transit #2437,53.41,Transportation
Metro,transportation transit gas,41.45,Transportation
AMC Theaters,entertainment,42.81,Entertainment
Trader Joes,groceries produce,52.48,Groceries
Miscellaneous,other payment,966.28,Others
Trader Joes,bread,128.78,Groceries
Best Buy,clothes accessories,228.38,Shopping
Miscellaneous,misc,792.9,Others
Water Service,payment bill monthly,370.61,Bills & Utilities
Spotify,streaming,26.86,Entertainment
Spotify,music entertainment,30.07,Entertainment
Verizon,payment,838.69,Bills & Utilities
H&M,shoes,183.16,Shopping
BP,ride fuel taxi,18.44,Transportation
Local Restaurant,delivery restaurant,837.52,Food & Dining
Spotify,entertainment movie #1329,23.73,Entertainment
Amazon,shoes accessories,175.11,Shopping
Metro,transportation ride gas,79.16,Transportation
Subway,restaurant meal dinner,346.87,Food & Dining
AT&T,payment #6089,33.54,Bills & Utilities
Walgreens,medical medicine,255.4,Healthcare
Target,accessories purchase,145.87,Shopping
Quest Diagnostics,health,364.33,Healthcare
Electric Company,bill service #6389,756.81,Bills & Utilities
Electric Company,bill payment service,791.43,Bills & Utilities
CVS,medicine prescription #7519,338.15,Healthcare
Amazon,electronics,115.86,Shopping
BP,transportation ride transit,19.73,Transportation
McDonalds,restaurant,259.76,Food & Dining
BP,ride #9733,33.75,Transportation
Walmart,food,25.31,Groceries
AT&T,utility payment bill #1485,175.56,Bills & Utilities
McDonalds,meal takeout,452.4,Food & Dining
CVS,medical prescription doctor,242.03,Healthcare
Various Services,other service payment,574.83,Others
CVS,medicine medical health,89.46,Healthcare
Trader Joes,produce groceries,53.26,Groceries
Local Clinic,medical medicine doctor,488.92,Healthcare
Lyft,transit,23.4,Transportation
Verizon,utility service payment #1720,37.3,Bills & Utilities
Walgreens,doctor,455.4,Healthcare
Whole Foods,meat groceries,107.86,Groceries
Whole Foods,bread groceries,120.28,Groceries
Spotify,music movie streaming #3810,32.03,Entertainment
AT&T,monthly bill,343.72,Bills & Utilities
Trader Joes,meat,183.25,Groceries
Safeway,produce meat,158.96,Groceries
CVS,health #4272,266.28,Healthcare
CVS,health doctor medical,339.36,Healthcare
Pizza Hut,meal lunch #6665,236.88,Food & Dining
Water Service,payment utility service,790.73,Bills & Utilities
Local Clinic,medicine doctor,385.47,Healthcare
Trader Joes,dairy meat groceries #2757,164.39,Groceries
Lyft,transportation fuel transit,70.54,Transportation
Local Restaurant,meal restaurant takeout #6367,322.16,Food & Dining
Chipotle,takeout restaurant delivery,713.31,Food & Dining
H&M,shoes,230.51,Shopping
BP,transit taxi,33.82,Transportation
Trader Joes,produce,79.3,Groceries
Whole Foods,produce,84.17,Groceries
Trader Joes,food groceries,141.1,Groceries
Various Services,service,655.44,Others
Water Service,payment bill service,856.76,Bills & Utilities
Pizza Hut,restaurant takeout #1458,402.39,Food & Dining
Uber,gas,48.62,Transportation
Verizon,service monthly payment,370.16,Bills & Utilities
CVS,prescription,426.95,Healthcare
Water Service,service,714.01,Bills & Utilities
Xbox,movie,10.16,Entertainment
Steam,game movie #8270,48.35,Entertainment
Netflix,music game entertainment #5109,47.11,Entertainment
Electric Company,bill service payment,757.13,Bills & Utilities
H&M,clothes #6392,282.76,Shopping
Uber,ride transportation fuel,41.94,Transportation
Best Buy,shoes,202.0,Shopping
AT&T,bill utility,109.33,Bills & Utilities
Walgreens,health medical #5902,400.62,Healthcare
Pizza Hut,dinner takeout #4325,374.69,Food & Dining
Lyft,transit,59.64,Transportation
Uber,taxi transportation,70.4,Transportation
Water Service,bill #8508,72.65,Bills & Utilities
Walgreens,doctor #2332,162.25,Healthcare
Verizon,monthly bill utility #2778,736.4,Bills & Utilities
AT&T,bill utility service,733.12,Bills & Utilities
Various Services,service misc other,318.61,Others
Quest Diagnostics,doctor medical,279.9,Healthcare
Electric Company,service payment,759.57,Bills & Utilities
Local Restaurant,meal lunch restaurant,789.49,Food & Dining
Amazon,shoes,113.81,Shopping
Spotify,entertainment movie streaming,11.49,Entertainment
Walmart,meat,123.03,Groceries
Spotify,music entertainment movie,20.99,Entertainment
Spotify,streaming game movie,12.36,Entertainment
Trader Joes,produce dairy #8276,136.33,Groceries
Verizon,utility,968.7,Bills & Utilities
Local Clinic,prescription doctor,129.64,Healthcare
Nike,clothes electronics #7905,208.4,Shopping
Unknown Vendor,service payment other,656.16,Others
Uber,taxi,79.56,Transportation
Subway,takeout restaurant delivery,290.8,Food & Dining
Uber,ride transportation,17.36,Transportation
Chipotle,dinner restaurant #4177,316.07,Food & Dining
Chipotle,delivery,308.4,Food & Dining
Miscellaneous,misc other payment,598.97,Others
H&M,accessories purchase shoes,23.73,Shopping
Various Services,misc service general,708.32,Others
Electric Company,bill service payment #4449,704.36,Bills & Utilities
CVS,health medicine,377.62,Healthcare
BP,transportation gas,48.84,Transportation
Shell,gas transportation transit,44.09,Transportation
Pizza Hut,takeout delivery,643.63,Food & Dining
Amazon,shoes,48.9,Shopping
Subway,meal restaurant lunch,833.52,Food & Dining
Whole Foods,groceries bread #8610,189.52,Groceries
Uber,ride gas,16.22,Transportation
Lyft,transit fuel ride,53.02,Transportation
Pizza Hut,dinner #2710,46.56,Food & Dining
Whole Foods,dairy groceries produce,99.65,Groceries
Chipotle,meal lunch takeout #2416,482.46,Food & Dining
Shell,transportation ride #3164,57.62,Transportation
Netflix,game music,35.93,Entertainment
Spotify,game movie #5092,33.94,Entertainment
AT&T,utility,151.79,Bills & Utilities
Subway,lunch meal delivery,338.92,Food & Dining
Spotify,music streaming,15.27,Entertainment
CVS,doctor prescription medicine,272.27,Healthcare
Best Buy,electronics purchase,133.05,Shopping
Electric Company,service #9807,452.29,Bills & Utilities
Netflix,streaming music entertainment #2110,25.61,Entertainment
McDonalds,dinner lunch meal #3202,625.64,Food & Dining
Steam,movie,41.38,Entertainment
AMC Theaters,entertainment game #9844,10.14,Entertainment
Unknown Vendor,payment general other,523.1,Others
H&M,electronics purchase shoes #9949,257.98,Shopping
Miscellaneous,misc payment,235.32,Others
Walmart,food dairy #5270,48.26,Groceries
Walgreens,medical #1393,318.0,Healthcare
Walgreens,doctor medical #1037,173.89,Healthcare
Quest Diagnostics,doctor health medical,338.11,Healthcare
CVS,health medicine medical,456.22,Healthcare
Spotify,entertainment streaming,14.54,Entertainment
Electric Company,payment service #4983,84.87,Bills & Utilities
Unknown Vendor,service payment #3653,77.48,Others
CVS,health medical doctor,41.79,Healthcare
Quest Diagnostics,prescription #2989,380.62,Healthcare
Steam,movie streaming entertainment,35.01,Entertainment
Metro,taxi ride transit,55.81,Transportation
Water Service,monthly,985.51,Bills & Utilities
Local Clinic,doctor prescription,336.09,Healthcare
Best Buy,clothes,298.95,Shopping
AT&T,bill,732.49,Bills & Utilities
Metro,fuel transit #5575,11.71,Transportation
Safeway,groceries dairy #4463,84.48,Groceries
AMC Theaters,streaming music #1323,43.15,Entertainment
AMC Theaters,music,14.36,Entertainment
Nike,electronics,279.65,Shopping
Miscellaneous,payment misc,131.62,Others
BP,ride transit #7629,76.41,Transportation
Kroger,dairy #4214,89.24,Groceries
Quest Diagnostics,medicine #1995,162.74,Healthcare
Trader Joes,dairy groceries meat,82.78,Groceries
Lyft,taxi,44.88,Transportation
Pizza Hut,meal restaurant lunch,328.07,Food & Dining
H&M,purchase shoes clothes,277.31,Shopping
Electric Company,bill payment #5584,622.08,Bills & Utilities
BP,transit transportation,64.29,Transportation
H&M,accessories #4194,77.67,Shopping
Walgreens,medical medicine doctor,73.47,Healthcare
Miscellaneous,other service general,770.22,Others
Nike,shoes accessories electronics #2937,215.5,Shopping
Trader Joes,bread dairy,118.68,Groceries
Shell,transportation transit taxi #3459,27.7,Transportation
Quest Diagnostics,prescription medicine doctor #2352,38.44,Healthcare
Uber,transportation,48.72,Transportation
Various Services,payment,427.47,Others
Safeway,groceries meat,101.22,Groceries
Various Services,misc other,768.52,Others
Walmart,groceries produce dairy #6826,108.76,Groceries
Verizon,payment service bill #2897,229.44,Bills & Utilities
Target,purchase clothes electronics #6331,228.92,Shopping
Quest Diagnostics,health,293.88,Healthcare
Various Services,other #9059,246.41,Others
McDonalds,delivery lunch dinner #9478,775.28,Food & Dining
BP,gas ride fuel,57.04,Transportation
Miscellaneous,misc,483.38,Others
Verizon,monthly service,480.72,Bills & Utilities
Miscellaneous,general #3214,727.86,Others
Miscellaneous,misc general,396.09,Others
Unknown Vendor,misc service general #6181,209.9,Others
Netflix,streaming movie #2742,44.3,Entertainment
CVS,prescription health,232.73,Healthcare
Target,accessories clothes electronics,57.59,Shopping
Shell,gas fuel #8808,49.11,Transportation
Chipotle,restaurant delivery lunch,715.77,Food & Dining
Miscellaneous,payment misc,49.12,Others
Quest Diagnostics,medicine medical,128.65,Healthcare
Local Restaurant,lunch #5682,446.29,Food & Dining
Subway,takeout lunch restaurant #4797,380.94,Food & Dining
Uber,transit #2943,61.63,Transportation
Metro,transportation gas,79.81,Transportation
McDonalds,meal delivery lunch #7999,511.06,Food & Dining
Verizon,bill,894.59,Bills & Utilities
Walgreens,medical health,63.12,Healthcare
H&M,purchase shoes electronics,186.21,Shopping
AMC Theaters,movie,11.09,Entertainment
Verizon,bill service payment,86.33,Bills & Utilities
Miscellaneous,general payment service,368.13,Others
Lyft,gas ride transit #4047,69.9,Transportation
Uber,ride #1438,73.83,Transportation
Pizza Hut,dinner,623.88,Food & Dining
Miscellaneous,misc service payment #4809,715.66,Others
Safeway,produce,157.97,Groceries
Target,clothes accessories electronics,235.95,Shopping
Local Restaurant,delivery takeout,652.91,Food & Dining
Metro,gas fuel transportation,14.22,Transportation
Metro,gas,55.46,Transportation
BP,transit,79.87,Transportation
Various Services,other general payment #1674,816.1,Others
Miscellaneous,general other #9571,935.48,Others
McDonalds,lunch,256.9,Food & Dining
Water Service,utility,314.62,Bills & Utilities
Uber,ride,33.16,Transportation
Nike,purchase,144.24,Shopping
Local Restaurant,restaurant takeout dinner,155.39,Food & Dining
Electric Company,bill utility payment,98.66,Bills & Utilities
Miscellaneous,misc general,37.33,Others
Local Clinic,prescription medicine health #8506,157.76,Healthcare
Pizza Hut,restaurant #2875,523.45,Food & Dining
Subway,takeout,158.33,Food & Dining
Metro,transportation gas ride,11.89,Transportation
Walmart,meat produce #4733,148.32,Groceries
Shell,fuel,61.48,Transportation
Uber,transportation gas,58.56,Transportation
Various Services,payment #8625,520.42,Others
Verizon,payment monthly,576.23,Bills & Utilities
Local Clinic,prescription doctor,262.52,Healthcare
Netflix,music movie,20.03,Entertainment
Chipotle,lunch delivery,614.81,Food & Dining
Whole Foods,meat produce,71.7,Groceries
Nike,purchase #8954,125.48,Shopping
Uber,transportation #9138,70.5,Transportation
McDonalds,delivery #2793,528.04,Food & Dining
Local Clinic,prescription health,71.63,Healthcare
Miscellaneous,other service general,220.65,Others
Subway,delivery restaurant #1175,723.04,Food & Dining
CVS,health doctor,208.92,Healthcare
Amazon,accessories clothes #5658,295.8,Shopping
Whole Foods,bread,124.38,Groceries
Local Restaurant,restaurant takeout lunch,902.01,Food & Dining
Kroger,food meat bread,166.67,Groceries
H&M,clothes electronics accessories,256.89,Shopping
Miscellaneous,other payment,283.51,Others
Electric Company,bill monthly,468.46,Bills & Utilities
Miscellaneous,other misc #7710,145.43,Others
Walgreens,medicine doctor,425.8,Healthcare
Quest Diagnostics,prescription medicine,289.53,Healthcare
Quest Diagnostics,doctor medical medicine,297.01,Healthcare
Metro,gas transit fuel,13.87,Transportation
Walmart,groceries,46.28,Groceries
Safeway,bread groceries #9403,133.64,Groceries
Steam,movie,20.94,Entertainment
Trader Joes,produce,96.45,Groceries
Various Services,payment,413.13,Others
Trader Joes,produce dairy food,146.07,Groceries
Xbox,entertainment streaming movie,33.16,Entertainment
Uber,fuel gas ride,49.61,Transportation
Steam,music game movie,40.99,Entertainment
Uber,ride transit taxi,38.64,Transportation
Spotify,entertainment music streaming,25.17,Entertainment
Shell,transit,49.1,Transportation
Safeway,dairy meat groceries,35.67,Groceries
Target,clothes electronics purchase,136.96,Shopping
Water Service,monthly,421.79,Bills & Utilities
Verizon,monthly payment,684.81,Bills & Utilities
Pizza Hut,dinner,784.55,Food & Dining
Quest Diagnostics,doctor medicine health,337.17,Healthcare
Kroger,dairy,23.01,Groceries
Whole Foods,bread groceries dairy,72.69,Groceries
Walgreens,health prescription,369.44,Healthcare
Local Restaurant,meal dinner restaurant,451.74,Food & Dining
Walmart,dairy groceries food #5573,109.6,Groceries
Metro,gas ride transportation,23.57,Transportation
Metro,gas fuel taxi,61.98,Transportation
Walmart,produce meat #4687,123.79,Groceries
Safeway,meat produce bread,184.07,Groceries
Target,accessories #5118,258.17,Shopping
Local Clinic,doctor medical,459.06,Healthcare
Shell,taxi ride fuel,49.51,Transportation
AMC Theaters,entertainment game music,35.79,Entertainment
BP,gas #4404,72.96,Transportation
Unknown Vendor,other #3959,898.39,Others
Amazon,clothes electronics accessories,129.02,Shopping
Verizon,utility,851.68,Bills & Utilities
Xbox,game movie streaming #2194,46.32,Entertainment
Pizza Hut,meal dinner,488.7,Food & Dining
Whole Foods,food produce #1096,157.84,Groceries
Uber,fuel gas #5307,62.88,Transportation
BP,transit transportation gas #7179,38.69,Transportation
Walgreens,medicine medical,440.98,Healthcare
Walgreens,health #7803,175.28,Healthcare
Amazon,purchase electronics accessories,30.79,Shopping
Walgreens,health prescription doctor #2018,486.37,Healthcare
Walmart,produce,144.87,Groceries
Walmart,groceries,181.54,Groceries
Xbox,streaming entertainment game,49.29,Entertainment
Lyft,fuel transportation gas #3039,22.68,Transportation
Target,shoes purchase accessories,112.92,Shopping
Best Buy,electronics,174.58,Shopping
Walgreens,medicine medical doctor,43.27,Healthcare
Trader Joes,dairy food #4570,88.1,Groceries
Local Restaurant,delivery meal lunch,544.5,Food & Dining
Water Service,monthly payment,963.66,Bills & Utilities
Whole Foods,meat bread dairy #6451,43.26,Groceries
Best Buy,shoes accessories #7782,49.42,Shopping
Subway,takeout meal,310.72,Food & Dining
Verizon,service,637.16,Bills & Utilities
Miscellaneous,other general misc,672.28,Others
Trader Joes,meat dairy #2107,103.8,Groceries
AT&T,service,314.14,Bills & Utilities
Verizon,utility,898.85,Bills & Utilities
Miscellaneous,general payment #6908,82.08,Others
Target,shoes purchase,80.1,Shopping
BP,fuel ride,77.88,Transportation
Miscellaneous,misc other general,675.57,Others
Subway,meal lunch dinner,21.68,Food & Dining
Netflix,music streaming #9702,26.72,Entertainment
Amazon,electronics purchase shoes,217.54,Shopping
Xbox,music movie entertainment,27.87,Entertainment
AT&T,payment,616.45,Bills & Utilities
Pizza Hut,takeout dinner,620.57,Food & Dining
McDonalds,dinner,831.87,Food & Dining
Lyft,gas transportation fuel,62.43,Transportation
Metro,fuel,19.5,Transportation
Amazon,accessories purchase shoes,182.45,Shopping
AT&T,utility payment,238.97,Bills & Utilities
AMC Theaters,game,24.37,Entertainment
Water Service,utility monthly,608.17,Bills & Utilities
Walmart,bread food #9356,98.09,Groceries
CVS,doctor health,451.25,Healthcare
Miscellaneous,other general,453.45,Others
Electric Company,bill #6028,143.9,Bills & Utilities
BP,taxi,58.35,Transportation
Quest Diagnostics,medical medicine #6261,470.14,Healthcare
Water Service,service #6098,103.23,Bills & Utilities
Walmart,groceries food,51.36,Groceries
Steam,entertainment streaming,27.18,Entertainment
Metro,taxi,34.98,Transportation
Subway,delivery takeout dinner,425.86,Food & Dining
Miscellaneous,other service misc #1605,96.7,Others
Trader Joes,bread,159.8,Groceries
Steam,streaming entertainment #2216,14.62,Entertainment
Walmart,dairy produce meat #1605,43.95,Groceries
AMC Theaters,music #6294,42.44,Entertainment
McDonalds,restaurant #5967,823.4,Food & Dining
CVS,prescription medicine health,281.84,Healthcare
Verizon,utility bill payment #4344,237.96,Bills & Utilities
Miscellaneous,service #5082,235.52,Others
Whole Foods,bread,32.49,Groceries
Steam,movie,22.39,Entertainment
Verizon,service payment #5110,728.62,Bills & Utilities
Local Restaurant,restaurant dinner,70.67,Food & Dining
Trader Joes,produce food meat #7436,23.99,Groceries
Local Restaurant,lunch delivery,940.97,Food & Dining
Kroger,dairy bread meat #1306,177.66,Groceries
Miscellaneous,misc general #6551,453.08,Others
Pizza Hut,lunch restaurant,610.8,Food & Dining
Spotify,entertainment music,37.07,Entertainment
Nike,purchase accessories #7856,223.53,Shopping
Trader Joes,food bread #6426,73.57,Groceries
Shell,transit,46.75,Transportation
Local Clinic,doctor,262.36,Healthcare
Target,shoes electronics,242.85,Shopping
Whole Foods,bread meat food,28.8,Groceries
Unknown Vendor,misc other #1993,329.53,Others
Best Buy,clothes electronics shoes #9765,76.17,Shopping
Local Clinic,prescription,236.68,Healthcare
Whole Foods,bread #5367,180.46,Groceries
Spotify,entertainment music streaming #5575,17.18,Entertainment
Kroger,groceries produce bread,32.51,Groceries
Walgreens,health medical,261.11,Healthcare
Chipotle,delivery lunch meal,349.23,Food & Dining
AMC Theaters,streaming movie #7268,25.95,Entertainment
AT&T,utility payment service #7588,502.13,Bills & Utilities
Local Restaurant,meal,18.9,Food & Dining
Spotify,game streaming,38.81,Entertainment
Chipotle,meal,184.63,Food & Dining
Miscellaneous,service,41.93,Others
Unknown Vendor,general,366.48,Others
Steam,movie music game,32.99,Entertainment
Metro,transportation gas transit,67.65,Transportation
Miscellaneous,service #5200,443.12,Others
Lyft,taxi gas #9210,63.71,Transportation
Safeway,produce bread,151.08,Groceries
Local Clinic,medical prescription #8091,209.5,Healthcare
Whole Foods,groceries dairy,106.07,Groceries
Amazon,electronics shoes,53.34,Shopping
Lyft,gas,63.07,Transportation
Xbox,game music #4764,24.32,Entertainment
CVS,medical prescription,407.69,Healthcare
McDonalds,dinner takeout restaurant,186.38,Food & Dining
Steam,game,10.31,Entertainment
Chipotle,meal takeout dinner,168.51,Food & Dining
Metro,transit #8756,40.76,Transportation
Chipotle,meal,279.4,Food & Dining
Netflix,streaming game entertainment,32.32,Entertainment
Whole Foods,food meat produce #5551,90.9,Groceries
Netflix,game music #7275,40.07,Entertainment
Trader Joes,bread,132.3,Groceries
Quest Diagnostics,health medicine prescription,281.49,Healthcare
CVS,medical prescription doctor #3459,498.35,Healthcare
Kroger,bread meat #9055,98.95,Groceries
Verizon,payment #2096,463.35,Bills & Utilities
Miscellaneous,other general misc,947.25,Others
Trader Joes,groceries dairy #1294,111.76,Groceries
Uber,ride transportation gas,7.99,Transportation
Walgreens,medicine doctor #5017,219.14,Healthcare
Steam,music streaming,19.1,Entertainment
H&M,electronics,203.85,Shopping
Metro,taxi,75.65,Transportation
Various Services,service misc general,772.37,Others
Xbox,movie streaming,18.81,Entertainment
McDonalds,lunch,539.55,Food & Dining
Lyft,ride taxi gas,77.22,Transportation
Spotify,game streaming music,23.71,Entertainment
Water Service,utility service,805.52,Bills & Utilities
Verizon,service utility #8508,70.55,Bills & Utilities
Chipotle,dinner #2024,449.18,Food & Dining
Xbox,game music movie,28.66,Entertainment
Unknown Vendor,service general,341.09,Others
Trader Joes,bread #3335,197.84,Groceries
AMC Theaters,game music,47.92,Entertainment
Water Service,payment utility bill,211.54,Bills & Utilities
Nike,accessories,209.83,Shopping
Shell,gas ride,68.14,Transportation
AMC Theaters,movie #9885,18.44,Entertainment
Various Services,service payment,752.29,Others
AMC Theaters,streaming movie #9424,29.03,Entertainment
Quest Diagnostics,medicine #1557,100.28,Healthcare
Whole Foods,groceries,87.11,Groceries
Various Services,other payment #1002,244.95,Others
Amazon,electronics purchase clothes,44.6,Shopping
Nike,clothes shoes purchase,122.75,Shopping
AMC Theaters,streaming entertainment,19.46,Entertainment
Whole Foods,food #6805,143.64,Groceries
Whole Foods,meat #6707,46.28,Groceries
Safeway,groceries,66.36,Groceries
CVS,health prescription #9175,325.74,Healthcare
Target,purchase shoes,108.3,Shopping
McDonalds,dinner takeout lunch,241.89,Food & Dining
Walgreens,medical,230.89,Healthcare
Quest Diagnostics,doctor,251.39,Healthcare
AMC Theaters,entertainment,19.91,Entertainment
Metro,transit taxi transportation,57.33,Transportation
Quest Diagnostics,medicine doctor prescription,26.21,Healthcare
AT&T,utility monthly payment,111.04,Bills & Utilities
Steam,entertainment music,48.55,Entertainment
Walgreens,doctor,340.99,Healthcare
Trader Joes,produce food,22.25,Groceries
Unknown Vendor,misc #9081,863.31,Others
Kroger,food,33.98,Groceries
Steam,entertainment movie #4855,34.95,Entertainment
Kroger,produce groceries #8682,22.92,Groceries
Trader Joes,produce meat groceries,157.26,Groceries
Best Buy,shoes electronics #3803,138.06,Shopping
Subway,meal takeout delivery,862.7,Food & Dining
Local Clinic,doctor medical medicine #3415,408.83,Healthcare
Verizon,monthly utility #9318,408.76,Bills & Utilities
Verizon,service #9185,552.7,Bills & Utilities
AT&T,monthly #8769,802.98,Bills & Utilities
Chipotle,lunch #3122,85.98,Food & Dining
Spotify,game #3399,12.21,Entertainment
Pizza Hut,restaurant #2034,345.39,Food & Dining
Various Services,general misc,474.97,Others
Spotify,entertainment music #1626,21.93,Entertainment
Verizon,utility,67.6,Bills & Utilities
Kroger,groceries produce,126.77,Groceries
CVS,doctor prescription medical,282.69,Healthcare
Shell,fuel taxi #7771,10.87,Transportation
Best Buy,accessories shoes #5363,287.53,Shopping
Verizon,monthly service #1040,486.11,Bills & Utilities
Netflix,movie game streaming #8557,28.98,Entertainment
Uber,transportation fuel,6.46,Transportation
Nike,clothes electronics accessories #6301,109.94,Shopping
Quest Diagnostics,medicine,56.88,Healthcare
Walmart,food produce,196.33,Groceries
Water Service,bill service payment #5423,21.89,Bills & Utilities
Steam,game streaming movie,17.56,Entertainment
Safeway,dairy produce groceries,105.44,Groceries
Walgreens,health doctor #8774,62.07,Healthcare
Uber,fuel ride transit,5.21,Transportation
Quest Diagnostics,health medicine medical #7234,361.95,Healthcare
Xbox,entertainment music game,23.3,Entertainment
Best Buy,clothes accessories purchase #4395,159.69,Shopping
Steam,movie entertainment #2021,42.05,Entertainment
H&M,purchase,175.5,Shopping
Spotify,movie,23.8,Entertainment
Local Clinic,prescription medical medicine,292.63,Healthcare
Walgreens,health,117.38,Healthcare
Trader Joes,produce,83.97,Groceries
Chipotle,lunch meal,545.99,Food & Dining
AT&T,monthly utility,605.33,Bills & Utilities
Kroger,meat bread,58.38,Groceries
Nike,electronics,102.23,Shopping
Uber,transportation fuel ride,69.44,Transportation
Local Restaurant,restaurant,898.12,Food & Dining
Quest Diagnostics,health medicine,361.79,Healthcare
Miscellaneous,other #5812,384.18,Others
Whole Foods,groceries bread,78.79,Groceries
Netflix,game entertainment streaming,49.53,Entertainment
Metro,taxi,56.81,Transportation
Whole Foods,meat groceries #8229,102.15,Groceries
Miscellaneous,service misc other,184.46,Others
Lyft,fuel gas transportation #4038,5.45,Transportation
BP,gas,15.2,Transportation
McDonalds,takeout dinner,17.8,Food & Dining
Lyft,transit,26.97,Transportation
AT&T,service utility monthly,998.21,Bills & Utilities
Lyft,gas transit,70.77,Transportation
Pizza Hut,restaurant takeout delivery,975.2,Food & Dining
Subway,lunch dinner #2746,703.3,Food & Dining
Local Restaurant,delivery lunch,150.12,Food & Dining
Walgreens,medical prescription,83.01,Healthcare
Target,purchase,206.86,Shopping
Unknown Vendor,other #3107,20.52,Others
Metro,gas #1423,32.24,Transportation
Lyft,ride,72.9,Transportation
Local Clinic,prescription,446.87,Healthcare
Verizon,bill service,66.77,Bills & Utilities
Kroger,meat groceries,61.3,Groceries
Whole Foods,bread food dairy #8509,126.55,Groceries
AT&T,monthly #8936,121.93,Bills & Utilities
Netflix,movie entertainment,34.34,Entertainment
Miscellaneous,general,749.51,Others
Nike,clothes shoes,178.28,Shopping
Local Restaurant,restaurant #9606,895.33,Food & Dining
Verizon,bill utility,917.01,Bills & Utilities
Metro,taxi ride transportation,7.07,Transportation
McDonalds,dinner takeout,797.88,Food & Dining
AT&T,utility,998.73,Bills & Utilities
Target,purchase electronics,289.5,Shopping
Water Service,utility monthly #8290,698.99,Bills & Utilities
Water Service,bill service payment,747.51,Bills & Utilities
Verizon,utility #4598,328.13,Bills & Utilities
Local Clinic,medical doctor #9904,498.37,Healthcare
Kroger,dairy bread meat,143.16,Groceries
Electric Company,bill utility,659.09,Bills & Utilities
Various Services,general other #8292,135.25,Others
Local Restaurant,dinner meal #8099,965.12,Food & Dining
Walmart,meat produce dairy,161.69,Groceries
Local Clinic,doctor #5544,438.12,Healthcare
Netflix,game movie,27.45,Entertainment
Subway,dinner,82.24,Food & Dining
Local Clinic,health prescription medical,255.56,Healthcare
Local Clinic,prescription,442.38,Healthcare
AT&T,service bill,977.74,Bills & Utilities
Best Buy,accessories #7374,60.12,Shopping
H&M,purchase,276.61,Shopping
McDonalds,dinner lunch meal,285.51,Food & Dining
Subway,restaurant dinner takeout,165.18,Food & Dining
AMC Theaters,game movie,29.95,Entertainment
Quest Diagnostics,health prescription,449.79,Healthcare
Miscellaneous,misc general,341.64,Others
Electric Company,monthly,484.16,Bills & Utilities
Kroger,groceries food,110.64,Groceries
Local Clinic,medicine health prescription,29.21,Healthcare
McDonalds,delivery,411.28,Food & Dining
Trader Joes,meat food,61.72,Groceries
AMC Theaters,game music,36.41,Entertainment
Various Services,misc,134.06,Others
Various Services,general,997.33,Others
Electric Company,monthly,577.76,Bills & Utilities
AT&T,payment monthly #9887,269.03,Bills & Utilities
Steam,entertainment streaming,27.28,Entertainment
Verizon,monthly bill,940.37,Bills & Utilities
Xbox,game entertainment music,25.97,Entertainment
Netflix,music movie streaming,26.57,Entertainment
Amazon,electronics,55.66,Shopping
Kroger,bread,126.2,Groceries
Electric Company,utility,43.81,Bills & Utilities
Trader Joes,meat #6161,44.46,Groceries
Unknown Vendor,misc service,360.67,Others
Xbox,music,34.19,Entertainment
AT&T,bill monthly,851.05,Bills & Utilities
Quest Diagnostics,prescription medical health #6106,490.59,Healthcare
Kroger,dairy groceries food,158.24,Groceries
Safeway,meat #5262,88.29,Groceries
Xbox,game,26.93,Entertainment
Pizza Hut,takeout,606.21,Food & Dining
Local Restaurant,takeout meal dinner,60.58,Food & Dining
Local Restaurant,restaurant takeout,796.93,Food & Dining
Uber,gas transit transportation,50.38,Transportation
Pizza Hut,meal lunch delivery,319.11,Food & Dining
Unknown Vendor,general,557.89,Others
Subway,lunch dinner,848.81,Food & Dining
Electric Company,payment #9579,716.83,Bills & Utilities
Pizza Hut,meal,240.52,Food & Dining
Electric Company,payment #8467,601.9,Bills & Utilities
Safeway,meat dairy produce #3677,196.82,Groceries
Best Buy,shoes electronics,214.0,Shopping
H&M,electronics shoes clothes,72.8,Shopping
Lyft,gas fuel #3331,73.5,Transportation
Walmart,food produce #6925,77.48,Groceries
Verizon,service #5869,456.9,Bills & Utilities
Miscellaneous,misc other,702.34,Others
Walgreens,health doctor #8736,48.56,Healthcare
Chipotle,takeout dinner,565.8,Food & Dining
Uber,gas,20.33,Transportation
Best Buy,clothes shoes purchase,265.36,Shopping
Steam,movie streaming entertainment,39.53,Entertainment
Spotify,entertainment music,15.66,Entertainment
Metro,fuel taxi,66.56,Transportation
Trader Joes,groceries,35.82,Groceries
Verizon,bill monthly #8534,263.34,Bills & Utilities
Spotify,entertainment streaming #9695,17.35,Entertainment
Water Service,utility,785.58,Bills & Utilities
Local Clinic,doctor medicine medical #2200,247.85,Healthcare
Kroger,dairy #1034,143.46,Groceries
Amazon,accessories shoes #9485,170.81,Shopping
Verizon,payment service monthly,651.92,Bills & Utilities
Unknown Vendor,misc service other #4046,508.51,Others
Verizon,service monthly,454.47,Bills & Utilities
Local Clinic,prescription #3502,75.05,Healthcare
McDonalds,dinner delivery lunch #1993,806.52,Food & Dining
Local Restaurant,dinner delivery lunch,608.89,Food & Dining
Walgreens,prescription medicine medical,275.04,Healthcare
Spotify,music game streaming,20.26,Entertainment
CVS,medical,229.48,Healthcare
Subway,delivery lunch takeout,375.44,Food & Dining
Various Services,service general other,953.88,Others
Amazon,shoes,207.29,Shopping
AT&T,utility service payment #1950,346.5,Bills & Utilities
Quest Diagnostics,prescription medicine health #6763,47.82,Healthcare
Subway,restaurant #2912,517.32,Food & Dining
Pizza Hut,delivery takeout,128.42,Food & Dining
Netflix,music,47.85,Entertainment
Whole Foods,bread produce,162.75,Groceries
Local Clinic,doctor prescription health,53.98,Healthcare
Uber,gas fuel #2215,33.41,Transportation
Metro,transit gas ride,29.38,Transportation
Best Buy,purchase accessories,221.78,Shopping
Xbox,music game entertainment,17.67,Entertainment
Verizon,payment,570.43,Bills & Utilities
Quest Diagnostics,prescription,383.0,Healthcare
Pizza Hut,delivery restaurant,109.66,Food & Dining
Spotify,game,18.33,Entertainment
Walgreens,doctor medical medicine,259.89,Healthcare
Various Services,general,551.05,Others
Electric Company,utility payment,314.08,Bills & Utilities
Unknown Vendor,general payment #3911,13.22,Others
Water Service,service,845.5,Bills & Utilities
Shell,taxi,18.55,Transportation
Various Services,payment,269.63,Others
Steam,entertainment streaming music,28.59,Entertainment
Walgreens,medical,274.2,Healthcare
Metro,taxi fuel gas,62.41,Transportation
H&M,electronics,77.75,Shopping
Spotify,entertainment streaming music,44.48,Entertainment
Steam,movie music streaming,14.84,Entertainment
Uber,gas #4541,42.63,Transportation
Xbox,movie streaming entertainment #1659,17.61,Entertainment
Chipotle,lunch,380.6,Food & Dining
Various Services,misc payment other #4373,161.87,Others
Chipotle,delivery takeout restaurant,449.12,Food & Dining
McDonalds,meal dinner,296.59,Food & Dining
Various Services,payment general service,729.61,Others
Kroger,bread #2354,181.56,Groceries
Kroger,groceries dairy,104.24,Groceries
Quest Diagnostics,health,465.82,Healthcare
Safeway,dairy,43.69,Groceries
Quest Diagnostics,doctor medicine #4097,152.76,Healthcare
Miscellaneous,general misc other #9254,195.08,Others
Best Buy,accessories #1926,124.0,Shopping
BP,transit fuel gas,56.54,Transportation
Shell,fuel gas transportation,36.1,Transportation
Metro,transportation ride,77.6,Transportation
Spotify,movie,39.23,Entertainment
Electric Company,payment monthly,169.74,Bills & Utilities
Trader Joes,bread dairy meat,104.46,Groceries
Target,accessories purchase electronics,141.43,Shopping
Walgreens,medicine doctor medical,147.65,Healthcare
Kroger,produce,116.4,Groceries
Amazon,purchase,46.33,Shopping
Water Service,monthly,495.43,Bills & Utilities
Walgreens,medical medicine health,65.64,Healthcare
Trader Joes,produce meat #7352,198.0,Groceries
CVS,health prescription doctor,394.57,Healthcare
Local Clinic,medical prescription,52.03,Healthcare
Kroger,produce bread food,78.71,Groceries
H&M,purchase clothes accessories,289.76,Shopping
Quest Diagnostics,doctor,454.67,Healthcare
Lyft,transportation transit ride,55.62,Transportation
Quest Diagnostics,prescription health medicine,109.35,Healthcare
Amazon,electronics #7164,40.21,Shopping
Netflix,game,27.61,Entertainment
Water Service,monthly utility,522.3,Bills & Utilities
Shell,gas fuel,21.83,Transportation
Amazon,accessories clothes electronics #7003,84.5,Shopping
Shell,transit transportation,7.22,Transportation
Pizza Hut,dinner,620.72,Food & Dining
Various Services,other payment,725.61,Others
Quest Diagnostics,medicine,367.72,Healthcare
Netflix,movie,45.45,Entertainment
Local Restaurant,lunch #9532,927.99,Food & Dining
Walmart,food groceries,134.0,Groceries
Pizza Hut,restaurant #3434,377.17,Food & Dining
Local Clinic,doctor prescription health,81.94,Healthcare
AMC Theaters,music movie,12.55,Entertainment
BP,transit gas,65.93,Transportation
AMC Theaters,entertainment streaming movie,32.68,Entertainment
Pizza Hut,meal delivery takeout,649.9,Food & Dining
Spotify,entertainment music,16.23,Entertainment
CVS,medicine doctor health #8985,162.31,Healthcare
Netflix,movie music,24.76,Entertainment
AMC Theaters,entertainment,30.61,Entertainment
Various Services,misc,437.48,Others
CVS,doctor,468.18,Healthcare
Water Service,utility payment #8686,792.38,Bills & Utilities
Water Service,utility payment monthly #7957,717.48,Bills & Utilities
AT&T,payment,364.29,Bills & Utilities
Local Clinic,medical,191.69,Healthcare
Various Services,misc general other #7250,906.79,Others
Best Buy,clothes purchase,243.08,Shopping
AMC Theaters,movie streaming entertainment #9119,42.81,Entertainment
Target,accessories electronics,115.47,Shopping
AMC Theaters,movie game entertainment,41.79,Entertainment
Spotify,music,28.42,Entertainment
Whole Foods,food,182.35,Groceries
Walmart,food meat bread,106.87,Groceries
Nike,electronics purchase clothes,174.1,Shopping
Water Service,monthly payment,158.33,Bills & Utilities
Safeway,food meat #3146,154.18,Groceries
Kroger,meat #4873,132.77,Groceries
Quest Diagnostics,medical medicine,183.86,Healthcare
Verizon,service,262.55,Bills & Utilities
Subway,dinner lunch takeout,958.85,Food & Dining
CVS,medical health doctor #2329,209.06,Healthcare
Spotify,movie streaming,21.98,Entertainment
Miscellaneous,payment,383.16,Others
Walgreens,medicine health prescription,486.89,Healthcare
Kroger,meat food dairy,43.34,Groceries
McDonalds,lunch restaurant delivery,992.36,Food & Dining
AMC Theaters,entertainment,36.05,Entertainment
Miscellaneous,service,416.98,Others
Metro,fuel taxi ride #2865,21.78,Transportation
Local Restaurant,meal restaurant takeout,152.28,Food & Dining
Netflix,music,15.47,Entertainment
Electric Company,bill #4711,37.07,Bills & Utilities
Quest Diagnostics,medicine prescription health,26.78,Healthcare
Unknown Vendor,general #8771,334.68,Others
Spotify,movie #7880,47.02,Entertainment
Miscellaneous,payment,999.12,Others
Subway,meal,666.34,Food & Dining
Netflix,streaming game entertainment,21.93,Entertainment
Miscellaneous,other,151.35,Others
Pizza Hut,delivery takeout dinner,451.29,Food & Dining
Quest Diagnostics,prescription,108.06,Healthcare
Unknown Vendor,service other #1766,162.46,Others
Miscellaneous,other #5664,805.22,Others
Netflix,music,21.94,Entertainment
Chipotle,delivery dinner,637.88,Food & Dining
Pizza Hut,takeout #9021,824.87,Food & Dining
Trader Joes,food bread,31.55,Groceries
Chipotle,restaurant #6870,313.92,Food & Dining
Local Clinic,health medicine,104.63,Healthcare
Pizza Hut,meal restaurant,460.48,Food & Dining
Shell,transit,70.14,Transportation
Local Clinic,health medicine prescription,325.79,Healthcare
Water Service,bill,718.12,Bills & Utilities
Target,clothes,296.58,Shopping
Local Restaurant,delivery restaurant takeout,454.52,Food & Dining
Electric Company,bill,692.24,Bills & Utilities
Local Clinic,prescription medical #8211,200.72,Healthcare
Xbox,music,25.26,Entertainment
Various Services,other service,649.64,Others
Target,clothes,186.36,Shopping
AT&T,utility payment,275.58,Bills & Utilities
BP,transportation,50.56,Transportation
Walgreens,health prescription,123.47,Healthcare
Target,accessories electronics,297.15,Shopping
H&M,purchase accessories shoes #7834,20.2,Shopping
Spotify,streaming,30.45,Entertainment
Local Clinic,doctor #4925,175.14,Healthcare
Steam,music game streaming,39.36,Entertainment
Spotify,streaming #3370,14.38,Entertainment
Unknown Vendor,general,815.62,Others
Nike,accessories clothes electronics,17.78,Shopping
Steam,music game entertainment,24.74,Entertainment
Uber,gas,28.34,Transportation
Target,purchase accessories #7717,154.59,Shopping
AMC Theaters,game streaming,13.23,Entertainment
Best Buy,electronics purchase #8602,169.66,Shopping
Shell,ride transportation taxi,52.79,Transportation
Walgreens,prescription,78.02,Healthcare
Verizon,payment monthly,55.74,Bills & Utilities
Spotify,movie music #9246,22.6,Entertainment
Kroger,meat dairy produce,45.17,Groceries
Chipotle,lunch #8415,795.6,Food & Dining
H&M,clothes purchase shoes #3290,285.8,Shopping
Electric Company,monthly,128.7,Bills & Utilities
AMC Theaters,streaming movie,12.62,Entertainment
Xbox,streaming movie,20.77,Entertainment
Best Buy,purchase accessories clothes,200.32,Shopping
Subway,restaurant meal,734.11,Food & Dining
Local Restaurant,dinner delivery,688.55,Food & Dining
Subway,lunch,661.17,Food & Dining
Amazon,clothes #5807,58.3,Shopping
Quest Diagnostics,medical,404.63,Healthcare
Water Service,monthly bill utility,931.89,Bills & Utilities
Unknown Vendor,other service #9665,660.98,Others
Whole Foods,groceries bread dairy,38.2,Groceries
BP,transportation taxi,64.1,Transportation
Local Restaurant,dinner restaurant,758.6,Food & Dining
Uber,ride,47.89,Transportation
Target,purchase shoes clothes,154.85,Shopping
Local Clinic,medical,480.77,Healthcare
Xbox,game,41.61,Entertainment
Lyft,transit gas,11.48,Transportation
Uber,taxi gas,47.65,Transportation
Water Service,payment monthly #1405,866.66,Bills & Utilities
Kroger,groceries produce,194.9,Groceries
Local Clinic,health prescription,105.22,Healthcare
AT&T,utility,216.72,Bills & Utilities
Walmart,meat,39.81,Groceries
Local Restaurant,meal lunch #3973,614.08,Food & Dining
Nike,purchase,182.47,Shopping
Spotify,game music entertainment,26.23,Entertainment
McDonalds,meal lunch takeout,386.89,Food & Dining
Verizon,payment bill,400.18,Bills & Utilities
Unknown Vendor,other payment general,103.14,Others
Amazon,shoes accessories,185.54,Shopping
Verizon,payment #3849,74.61,Bills & Utilities
Uber,fuel ride taxi #6749,49.94,Transportation
BP,transit fuel transportation,46.68,Transportation
Kroger,dairy meat #4549,47.41,Groceries
Quest Diagnostics,medicine doctor health,349.4,Healthcare
H&M,clothes accessories electronics,261.32,Shopping
Verizon,utility monthly,802.11,Bills & Utilities
H&M,shoes electronics,63.28,Shopping
Target,electronics clothes,15.46,Shopping
Pizza Hut,meal dinner #6104,243.65,Food & Dining
BP,taxi ride fuel,14.6,Transportation
Steam,game,20.75,Entertainment
Steam,entertainment streaming,38.45,Entertainment
Unknown Vendor,payment general,900.04,Others
Steam,music entertainment game,26.56,Entertainment
Lyft,fuel,20.63,Transportation
Nike,electronics accessories clothes #7418,45.4,Shopping
Safeway,groceries bread,52.86,Groceries
AMC Theaters,entertainment game,19.84,Entertainment
Uber,taxi fuel,14.21,Transportation
Lyft,fuel,34.67,Transportation
Subway,restaurant delivery,299.18,Food & Dining
Various Services,payment misc #2389,292.34,Others
Various Services,payment,453.04,Others
Water Service,service monthly bill,419.51,Bills & Utilities
Uber,taxi #7300,26.14,Transportation
Uber,gas,72.69,Transportation
Local Restaurant,dinner,190.82,Food & Dining
Electric Company,service #5703,348.58,Bills & Utilities
Various Services,other service payment,882.82,Others
Whole Foods,meat,31.33,Groceries
Unknown Vendor,other service misc,64.04,Others
BP,transportation transit,69.71,Transportation
Shell,transportation ride gas #4149,23.63,Transportation
Various Services,payment other,838.83,Others
Kroger,groceries,131.97,Groceries
Unknown Vendor,payment other,287.23,Others
Target,shoes accessories #2796,15.16,Shopping
Safeway,groceries,171.03,Groceries
Target,purchase,34.39,Shopping
Best Buy,accessories purchase shoes,283.74,Shopping
Walgreens,doctor health medical,326.34,Healthcare
Kroger,dairy bread #3554,133.62,Groceries
H&M,clothes,37.06,Shopping
Spotify,entertainment,32.35,Entertainment
AT&T,service payment,274.37,Bills & Utilities
Subway,restaurant delivery dinner,513.69,Food & Dining
Chipotle,meal lunch delivery,915.31,Food & Dining
Kroger,bread groceries dairy,77.1,Groceries
Spotify,entertainment streaming game,36.13,Entertainment
Best Buy,clothes accessories electronics,223.19,Shopping
Amazon,clothes electronics #4319,215.05,Shopping
Trader Joes,meat dairy,151.36,Groceries
Safeway,produce meat dairy,142.19,Groceries
Quest Diagnostics,prescription health medicine #8420,28.52,Healthcare
AMC Theaters,streaming,36.53,Entertainment
Various Services,misc,571.31,Others
Safeway,food dairy bread,186.73,Groceries
CVS,health,154.56,Healthcare
Lyft,fuel taxi transit,51.34,Transportation
Electric Company,bill,709.04,Bills & Utilities
Walmart,produce dairy groceries #6540,51.28,Groceries
Verizon,payment bill,315.45,Bills & Utilities
Subway,delivery dinner takeout #2608,830.87,Food & Dining
Netflix,movie music entertainment #1883,10.95,Entertainment
Local Clinic,prescription medicine #5011,84.2,Healthcare
Target,accessories,265.8,Shopping
Kroger,groceries food bread #3303,61.39,Groceries
H&M,shoes clothes,94.0,Shopping
Uber,ride transit transportation,25.34,Transportation
Verizon,monthly utility,367.01,Bills & Utilities
Nike,accessories,226.9,Shopping
Walmart,meat,177.98,Groceries
Chipotle,dinner lunch,648.32,Food & Dining
Amazon,shoes #8424,62.45,Shopping
Amazon,purchase electronics,117.79,Shopping
Chipotle,delivery takeout meal,436.83,Food & Dining
Various Services,service payment #4045,877.51,Others
Unknown Vendor,misc payment #1851,119.98,Others
Safeway,produce groceries food,44.34,Groceries
Various Services,service,318.69,Others
Nike,clothes electronics purchase,272.78,Shopping
Walmart,dairy produce #1164,131.36,Groceries
Lyft,ride gas,51.57,Transportation
Trader Joes,bread #5819,20.02,Groceries
Shell,fuel transportation ride,69.43,Transportation
McDonalds,takeout delivery restaurant,282.01,Food & Dining
Electric Company,monthly payment utility #6992,429.56,Bills & Utilities
Walgreens,prescription medicine,382.29,Healthcare
Local Clinic,health prescription doctor #1483,224.95,Healthcare
Walmart,dairy,21.57,Groceries
Various Services,misc other #1895,640.43,Others
Netflix,game,21.23,Entertainment
CVS,doctor health,329.77,Healthcare
Water Service,service,338.96,Bills & Utilities
Miscellaneous,other misc payment,658.91,Others
Verizon,payment service utility #6056,559.6,Bills & Utilities
McDonalds,meal,562.68,Food & Dining
Local Clinic,medical prescription health,42.92,Healthcare
AT&T,utility bill,309.54,Bills & Utilities
AT&T,utility monthly,577.47,Bills & Utilities
Verizon,monthly payment,645.59,Bills & Utilities
CVS,medical #8119,208.71,Healthcare
Nike,clothes,97.99,Shopping
Lyft,taxi gas ride,48.41,Transportation
Metro,taxi,34.35,Transportation
Metro,fuel taxi,47.54,Transportation
H&M,shoes purchase accessories,89.66,Shopping
Electric Company,utility payment,936.74,Bills & Utilities
Local Restaurant,meal #7910,445.05,Food & Dining
Spotify,music,22.48,Entertainment
Unknown Vendor,general other misc,119.37,Others
Electric Company,service,963.39,Bills & Utilities
Kroger,meat bread groceries,191.17,Groceries
AMC Theaters,entertainment movie music #3264,32.02,Entertainment
Miscellaneous,payment other general,756.95,Others
Metro,gas fuel,25.02,Transportation
Lyft,ride transportation transit #1209,28.06,Transportation
Pizza Hut,dinner,400.74,Food & Dining
Miscellaneous,misc,597.53,Others
Walmart,dairy food,180.82,Groceries
McDonalds,dinner meal takeout,383.66,Food & Dining
Local Clinic,doctor medical,136.06,Healthcare
Uber,ride,5.45,Transportation
Verizon,bill,839.54,Bills & Utilities
Miscellaneous,other,154.54,Others
Xbox,entertainment streaming #4517,13.34,Entertainment
Netflix,music movie,33.06,Entertainment
Spotify,movie entertainment game,26.37,Entertainment
Various Services,payment misc other #5055,774.34,Others
Xbox,movie game streaming,26.54,Entertainment
Chipotle,delivery takeout #5926,245.68,Food & Dining
Nike,shoes electronics clothes,24.25,Shopping
McDonalds,dinner,678.2,Food & Dining
Trader Joes,meat #5378,46.75,Groceries
AMC Theaters,music game,20.0,Entertainment
Unknown Vendor,service #6975,586.42,Others
Walgreens,health prescription doctor,304.29,Healthcare
McDonalds,restaurant lunch meal,754.2,Food & Dining
Chipotle,restaurant takeout meal #3480,997.73,Food & Dining
Safeway,produce dairy,113.66,Groceries
Whole Foods,bread #4380,164.2,Groceries
BP,taxi ride fuel #4537,72.5,Transportation
Lyft,transportation #7189,13.0,Transportation
Electric Company,service monthly payment,409.79,Bills & Utilities
Subway,lunch,183.34,Food & Dining
Best Buy,electronics accessories,154.09,Shopping
Best Buy,purchase accessories #2345,174.53,Shopping
Steam,music game movie,12.0,Entertainment
Subway,delivery dinner meal,808.11,Food & Dining
Amazon,electronics clothes,158.16,Shopping
Trader Joes,groceries bread meat,133.78,Groceries
Unknown Vendor,payment service,943.54,Others
McDonalds,delivery restaurant lunch,748.33,Food & Dining
Verizon,payment monthly #1220,425.16,Bills & Utilities
Pizza Hut,dinner #7200,221.16,Food & Dining
McDonalds,delivery lunch,105.05,Food & Dining
Walgreens,medical,202.14,Healthcare
Walgreens,health medicine #5146,83.07,Healthcare
CVS,doctor medicine health #1878,474.97,Healthcare
Netflix,music #4818,23.01,Entertainment
Shell,taxi ride transit,39.38,Transportation
Steam,entertainment music streaming,15.15,Entertainment
Quest Diagnostics,doctor medical,293.4,Healthcare
Lyft,transportation,32.52,Transportation
Miscellaneous,service general,806.93,Others
Walmart,produce,67.67,Groceries
Electric Company,payment monthly service #8703,918.17,Bills & Utilities
Amazon,clothes accessories shoes #1946,114.67,Shopping
Electric Company,monthly,581.58,Bills & Utilities
Electric Company,bill #1881,604.35,Bills & Utilities
Local Restaurant,meal restaurant delivery,878.79,Food & Dining
Chipotle,delivery restaurant,444.82,Food & Dining
Pizza Hut,meal,599.68,Food & Dining
Uber,transit fuel ride,50.04,Transportation
Nike,clothes electronics,86.33,Shopping
Metro,transportation,40.7,Transportation
Pizza Hut,meal takeout lunch #2638,34.91,Food & Dining
Subway,restaurant delivery,29.23,Food & Dining
Walmart,food bread produce,96.1,Groceries
Subway,restaurant lunch,114.95,Food & Dining
Local Clinic,medicine medical doctor,344.66,Healthcare
Kroger,meat bread,138.81,Groceries
AT&T,payment service bill,560.13,Bills & Utilities
H&M,shoes,281.91,Shopping
Walmart,produce food meat,37.34,Groceries
Chipotle,lunch dinner,992.5,Food & Dining
Chipotle,lunch meal #8794,121.86,Food & Dining
Spotify,streaming game movie,40.21,Entertainment
McDonalds,lunch dinner,661.29,Food & Dining
Spotify,entertainment,16.06,Entertainment
Xbox,entertainment game,24.0,Entertainment
Pizza Hut,takeout,541.36,Food & Dining
Best Buy,purchase,146.5,Shopping
Netflix,entertainment #2262,11.4,Entertainment
AMC Theaters,movie,45.61,Entertainment
Chipotle,delivery lunch restaurant,458.19,Food & Dining
Verizon,payment bill #5620,422.11,Bills & Utilities
BP,fuel #6903,23.01,Transportation
Miscellaneous,payment service other,833.56,Others
Various Services,misc general,27.13,Others
Unknown Vendor,service general misc,49.0,Others
Safeway,groceries bread food,69.89,Groceries
BP,transit gas,70.49,Transportation
Uber,ride,49.58,Transportation
Best Buy,purchase #2574,109.08,Shopping
Subway,takeout,268.29,Food & Dining
Metro,fuel gas ride,38.74,Transportation
Unknown Vendor,service other,334.89,Others
Shell,gas,39.31,Transportation
Electric Company,bill utility #3514,471.09,Bills & Utilities
BP,transit #8056,62.87,Transportation
Water Service,monthly bill utility,342.72,Bills & Utilities
Steam,movie streaming #5148,27.24,Entertainment
Spotify,movie streaming entertainment,48.78,Entertainment
Verizon,payment,157.68,Bills & Utilities
Walgreens,health medical doctor,483.8,Healthcare
Lyft,fuel #9931,54.94,Transportation
Best Buy,purchase clothes accessories,70.45,Shopping
Water Service,bill monthly,416.84,Bills & Utilities
Verizon,bill utility,694.17,Bills & Utilities
Trader Joes,dairy,25.76,Groceries
Spotify,entertainment,18.99,Entertainment
Pizza Hut,restaurant delivery lunch,138.43,Food & Dining
Local Clinic,health medical #5692,92.83,Healthcare
Netflix,music,11.04,Entertainment
Shell,fuel,6.68,Transportation
Trader Joes,food bread dairy,80.23,Groceries
Kroger,food dairy bread,180.25,Groceries
Netflix,entertainment music,36.75,Entertainment
Quest Diagnostics,medical health prescription #1749,108.56,Healthcare
Whole Foods,dairy bread,98.11,Groceries
Target,clothes accessories electronics,242.24,Shopping
Walmart,food groceries #8854,106.05,Groceries
Water Service,monthly utility #9185,91.49,Bills & Utilities
Pizza Hut,delivery dinner,163.73,Food & Dining
Steam,entertainment,24.86,Entertainment
Uber,transit,12.15,Transportation
Trader Joes,bread,133.7,Groceries
Miscellaneous,general service payment,556.39,Others
Uber,ride gas transit #6340,36.56,Transportation
Unknown Vendor,payment service general #9655,956.3,Others
Various Services,general other #1703,343.75,Others
Xbox,streaming #9046,28.98,Entertainment
Miscellaneous,misc other payment #6590,708.15,Others
CVS,health medical,35.34,Healthcare
Verizon,monthly utility service,619.19,Bills & Utilities
Amazon,accessories electronics #7823,20.94,Shopping
Unknown Vendor,other #4433,342.06,Others
Local Clinic,medical prescription,59.56,Healthcare
Miscellaneous,misc other service,572.36,Others
Whole Foods,dairy,41.31,Groceries
Electric Company,utility monthly #1109,470.54,Bills & Utilities
Water Service,payment,265.73,Bills & Utilities
Various Services,other general payment,444.38,Others
Unknown Vendor,other,667.28,Others
Walgreens,medicine doctor prescription #4458,386.16,Healthcare
Netflix,music #9520,13.38,Entertainment
Electric Company,payment bill service,808.2,Bills & Utilities
Nike,electronics clothes shoes #5059,260.85,Shopping
Verizon,bill monthly,477.89,Bills & Utilities
Trader Joes,food groceries dairy,106.08,Groceries
Water Service,bill utility,627.82,Bills & Utilities
AT&T,utility payment,170.27,Bills & Utilities
Kroger,bread,92.25,Groceries
Metro,gas taxi ride,73.68,Transportation
Walmart,meat dairy produce,137.16,Groceries
Lyft,taxi gas,20.73,Transportation
Lyft,taxi #9408,45.04,Transportation
Water Service,bill monthly,493.5,Bills & Utilities
BP,ride,29.89,Transportation
Best Buy,accessories electronics purchase,169.24,Shopping
Pizza Hut,restaurant,486.78,Food & Dining
Uber,transit transportation,28.07,Transportation
Local Restaurant,dinner meal takeout,273.6,Food & Dining
Quest Diagnostics,health doctor medicine,112.05,Healthcare
Metro,taxi fuel,44.96,Transportation
Kroger,bread produce #5896,75.46,Groceries
Quest Diagnostics,prescription medicine doctor,26.27,Healthcare
Electric Company,bill utility service,854.37,Bills & Utilities
Trader Joes,produce,170.34,Groceries
AT&T,bill monthly #8892,708.46,Bills & Utilities
Water Service,monthly payment,133.64,Bills & Utilities
Local Restaurant,lunch #1760,434.83,Food & Dining
Chipotle,takeout #1543,216.65,Food & Dining
Whole Foods,food,45.52,Groceries
Pizza Hut,restaurant #8581,54.56,Food & Dining
Lyft,taxi fuel gas,11.25,Transportation
Local Restaurant,lunch restaurant,325.6,Food & Dining
Walgreens,prescription,175.08,Healthcare
CVS,health,167.72,Healthcare
Local Restaurant,dinner,513.79,Food & Dining
Shell,gas taxi,24.08,Transportation
Safeway,produce bread dairy,174.66,Groceries
Chipotle,dinner #3264,372.08,Food & Dining
Chipotle,takeout,547.36,Food & Dining
Uber,ride transportation taxi,32.26,Transportation
Trader Joes,dairy bread produce,43.41,Groceries
CVS,health medicine doctor #7861,75.27,Healthcare
Nike,purchase,83.05,Shopping
Water Service,service utility,852.67,Bills & Utilities
AMC Theaters,movie entertainment music,29.5,Entertainment
McDonalds,takeout #7306,929.79,Food & Dining
Local Clinic,doctor prescription health,72.66,Healthcare
Target,purchase accessories electronics,235.4,Shopping
H&M,purchase electronics accessories #5402,218.59,Shopping
Unknown Vendor,general,964.4,Others
Unknown Vendor,general service payment,683.86,Others
Quest Diagnostics,health,241.04,Healthcare
Walmart,food groceries dairy,148.18,Groceries
Shell,taxi fuel ride #2022,5.08,Transportation
Quest Diagnostics,medical health,219.49,Healthcare
Miscellaneous,service misc,537.3,Others
Walgreens,prescription doctor medicine,296.6,Healthcare
McDonalds,lunch delivery restaurant #9590,82.65,Food & Dining
Walmart,bread meat food,147.61,Groceries
Miscellaneous,other general,945.62,Others
Various Services,service payment,399.67,Others
BP,ride transportation,43.87,Transportation
Miscellaneous,general,485.06,Others
Walgreens,medicine,181.76,Healthcare
Shell,gas transit #2989,58.81,Transportation
Netflix,streaming movie,10.72,Entertainment
Best Buy,electronics clothes,100.66,Shopping
Chipotle,restaurant,906.8,Food & Dining
Local Restaurant,restaurant lunch,990.95,Food & Dining
Quest Diagnostics,medical medicine prescription,296.77,Healthcare
Xbox,music streaming,35.97,Entertainment
AMC Theaters,entertainment game,21.45,Entertainment
Pizza Hut,meal,167.16,Food & Dining
Walmart,groceries,143.83,Groceries
McDonalds,delivery takeout,784.17,Food & Dining
Walgreens,doctor,187.77,Healthcare
AMC Theaters,music,45.97,Entertainment
Local Clinic,prescription health,324.17,Healthcare
Lyft,fuel ride,73.81,Transportation
Metro,fuel #4398,55.83,Transportation
CVS,doctor medical prescription,182.55,Healthcare
Quest Diagnostics,doctor,135.78,Healthcare
Best Buy,purchase shoes,96.17,Shopping
Amazon,electronics,290.64,Shopping
Safeway,dairy bread,85.57,Groceries
Metro,ride,53.35,Transportation
Miscellaneous,other,711.62,Others
Shell,gas #1597,54.98,Transportation
Unknown Vendor,general service,852.8,Others
Shell,fuel #7571,9.61,Transportation
Local Clinic,medicine medical,226.46,Healthcare
Amazon,purchase clothes accessories #1501,63.87,Shopping
Local Clinic,doctor medicine prescription,417.54,Healthcare
Subway,dinner lunch restaurant,452.6,Food & Dining
Whole Foods,produce dairy meat,100.04,Groceries
Whole Foods,meat bread produce #7327,171.83,Groceries
Best Buy,electronics shoes clothes,282.91,Shopping
Steam,entertainment music #2205,16.39,Entertainment
Netflix,streaming entertainment #2029,22.83,Entertainment
Nike,shoes,194.75,Shopping
Nike,shoes clothes,143.09,Shopping
Metro,ride gas transportation #8214,10.52,Transportation
Nike,shoes electronics,191.41,Shopping
Walgreens,medicine medical,393.35,Healthcare
Miscellaneous,service misc general,800.42,Others
Local Clinic,medical #9695,333.42,Healthcare
Pizza Hut,lunch takeout dinner #8827,818.38,Food & Dining
Shell,transportation transit,66.53,Transportation
Various Services,general service,238.35,Others
Local Restaurant,takeout lunch dinner,201.82,Food & Dining
BP,taxi,5.19,Transportation
Various Services,misc general payment,297.9,Others
Various Services,service other payment #1275,108.73,Others
AMC Theaters,movie music #3217,45.83,Entertainment
Quest Diagnostics,medical,62.09,Healthcare
Various Services,service general,365.93,Others
Walgreens,prescription #7913,191.91,Healthcare
Steam,game streaming #6458,17.99,Entertainment
Netflix,game movie,45.08,Entertainment
BP,gas transportation,37.37,Transportation
Trader Joes,bread #9338,171.51,Groceries
Lyft,taxi ride gas,11.43,Transportation
AMC Theaters,entertainment,44.07,Entertainment
Water Service,monthly bill service,180.33,Bills & Utilities
McDonalds,restaurant dinner #6416,973.13,Food & Dining
McDonalds,dinner #7156,886.25,Food & Dining
Verizon,bill monthly #1669,154.37,Bills & Utilities
Netflix,movie #6807,42.37,Entertainment
Amazon,shoes electronics #6900,50.72,Shopping
Safeway,bread,23.12,Groceries
Quest Diagnostics,medical,91.46,Healthcare
Best Buy,accessories,60.09,Shopping
Quest Diagnostics,health,304.48,Healthcare
Xbox,streaming music #4200,24.18,Entertainment
Shell,gas,64.88,Transportation
Metro,taxi fuel transit,19.96,Transportation
Unknown Vendor,other payment #4987,990.9,Others
Metro,taxi #1630,10.59,Transportation
McDonalds,restaurant meal #6887,209.91,Food & Dining
Local Restaurant,meal dinner,454.57,Food & Dining
Verizon,payment #6174,455.63,Bills & Utilities
Verizon,service utility bill #9312,490.33,Bills & Utilities
Netflix,streaming game #2017,22.25,Entertainment
Local Clinic,medical health doctor #8009,374.91,Healthcare
Quest Diagnostics,prescription doctor medicine,47.12,Healthcare
Walgreens,doctor prescription medicine,238.85,Healthcare
Unknown Vendor,misc,722.82,Others
Walmart,groceries food meat,113.34,Groceries
Walgreens,medicine,79.4,Healthcare
Walgreens,doctor,410.11,Healthcare
Subway,dinner meal,233.93,Food & Dining
Chipotle,takeout restaurant delivery,168.26,Food & Dining
Lyft,fuel gas ride,60.77,Transportation
AT&T,bill service,647.15,Bills & Utilities
Lyft,ride taxi transportation #1500,71.72,Transportation
Chipotle,restaurant delivery meal #6177,251.97,Food & Dining
Target,shoes,88.93,Shopping
Unknown Vendor,general payment,409.72,Others
Various Services,service,434.52,Others
AMC Theaters,streaming entertainment,26.71,Entertainment
Xbox,streaming movie,35.06,Entertainment
AMC Theaters,streaming,23.09,Entertainment
Unknown Vendor,misc,525.05,Others
Whole Foods,groceries meat,145.16,Groceries
Verizon,bill,905.34,Bills & Utilities
Unknown Vendor,misc payment service,453.26,Others
BP,transit taxi gas #5980,74.75,Transportation
Whole Foods,groceries food meat #9324,170.86,Groceries
H&M,clothes purchase shoes #7559,71.78,Shopping
AMC Theaters,entertainment streaming,15.2,Entertainment
Best Buy,purchase shoes,110.67,Shopping
CVS,prescription medical doctor,350.05,Healthcare
Amazon,shoes accessories,248.49,Shopping
Unknown Vendor,general other service #1716,314.37,Others
Verizon,monthly utility,131.35,Bills & Utilities
Kroger,produce food bread,33.43,Groceries
McDonalds,meal lunch,350.5,Food & Dining
Lyft,transit,26.76,Transportation
Local Clinic,health doctor medical,369.53,Healthcare
Amazon,accessories clothes #3313,220.94,Shopping
Local Clinic,prescription medical,170.92,Healthcare
Unknown Vendor,payment service,577.43,Others
Whole Foods,food groceries,170.74,Groceries
Trader Joes,food groceries bread #6522,55.05,Groceries
CVS,health,356.7,Healthcare
Shell,transit,24.02,Transportation
Steam,movie music,48.43,Entertainment
Trader Joes,dairy meat #9109,34.08,Groceries
Chipotle,takeout lunch dinner,32.49,Food & Dining
Water Service,monthly,212.73,Bills & Utilities
Spotify,entertainment streaming,24.14,Entertainment
Walgreens,prescription medicine,184.3,Healthcare
Uber,gas transportation,63.15,Transportation
Netflix,entertainment #6025,44.04,Entertainment
BP,transit gas taxi,70.35,Transportation
Best Buy,clothes #3538,245.85,Shopping
Local Clinic,medical health,40.7,Healthcare
Nike,accessories,206.98,Shopping
BP,gas transportation,61.34,Transportation
Walmart,bread dairy groceries,131.69,Groceries
Metro,gas fuel #5919,52.88,Transportation
AT&T,bill payment,714.45,Bills & Utilities
Electric Company,bill utility #8859,774.64,Bills & Utilities
Water Service,service bill payment,81.94,Bills & Utilities
Target,clothes #6276,272.52,Shopping
Walgreens,prescription doctor health #5413,253.89,Healthcare
McDonalds,lunch delivery dinner,310.87,Food & Dining
AMC Theaters,movie game entertainment,11.71,Entertainment
Target,accessories electronics shoes,292.68,Shopping
AT&T,service utility,398.56,Bills & Utilities
Netflix,streaming entertainment,24.65,Entertainment
Amazon,clothes electronics,217.13,Shopping
Best Buy,electronics shoes accessories,200.37,Shopping
Unknown Vendor,other misc service #9152,923.08,Others
Various Services,other misc,308.02,Others
Quest Diagnostics,health medical #6048,491.59,Healthcare
Walmart,dairy groceries produce,31.45,Groceries
Chipotle,lunch #9297,645.2,Food & Dining
AT&T,monthly service bill,98.58,Bills & Utilities
Target,purchase shoes accessories,109.82,Shopping
Xbox,streaming,46.78,Entertainment
Verizon,bill service,577.93,Bills & Utilities
Lyft,fuel ride gas,16.23,Transportation
Unknown Vendor,payment #6499,35.69,Others
Chipotle,lunch takeout,107.09,Food & Dining
Safeway,produce bread,120.6,Groceries
Various Services,general other #5087,439.82,Others
Nike,accessories electronics #2914,254.04,Shopping
Xbox,streaming movie game,21.29,Entertainment
Electric Company,bill service,663.85,Bills & Utilities
Whole Foods,bread produce food,182.23,Groceries
Quest Diagnostics,medical prescription,86.21,Healthcare
Steam,movie game,38.98,Entertainment
Subway,delivery takeout,756.4,Food & Dining
Amazon,electronics,229.42,Shopping
Safeway,dairy groceries,83.66,Groceries
Best Buy,accessories,60.77,Shopping
CVS,health doctor medical #3162,246.22,Healthcare
Lyft,fuel,72.91,Transportation
Pizza Hut,lunch takeout meal #5152,144.76,Food & Dining
McDonalds,dinner,827.0,Food & Dining
Walgreens,medicine #3693,64.72,Healthcare
Verizon,payment monthly service,166.77,Bills & Utilities
Various Services,payment service,37.78,Others
BP,transit ride,27.02,Transportation
Kroger,produce meat food,108.82,Groceries
Lyft,transportation gas,7.41,Transportation
AT&T,payment,785.15,Bills & Utilities
Miscellaneous,other,674.93,Others
Walmart,meat,43.84,Groceries
Spotify,streaming #5874,46.47,Entertainment
Spotify,music streaming,46.29,Entertainment
Target,clothes accessories electronics #3165,109.54,Shopping
Safeway,produce food,166.33,Groceries
Best Buy,electronics,41.65,Shopping
Pizza Hut,takeout meal restaurant,236.06,Food & Dining
McDonalds,dinner #9487,760.15,Food & Dining
Water Service,bill,671.75,Bills & Utilities
Xbox,game music #8623,14.98,Entertainment
Spotify,game music #4141,35.61,Entertainment
Uber,transit fuel,70.29,Transportation
Xbox,game music,29.09,Entertainment
Verizon,service bill utility #4656,249.44,Bills & Utilities
Quest Diagnostics,medicine,95.84,Healthcare
Nike,electronics shoes,263.71,Shopping
BP,fuel ride,75.26,Transportation
Trader Joes,produce food #1289,115.11,Groceries
Walmart,dairy,103.77,Groceries
Trader Joes,groceries,72.32,Groceries
Kroger,food dairy,188.99,Groceries
CVS,doctor,178.88,Healthcare
Netflix,streaming music #3434,23.56,Entertainment
Best Buy,purchase shoes accessories,240.24,Shopping
Uber,transportation,18.28,Transportation
Electric Company,monthly payment utility #2681,793.32,Bills & Utilities
Verizon,utility,628.56,Bills & Utilities
Trader Joes,meat,31.58,Groceries
Electric Company,utility,482.15,Bills & Utilities
Water Service,payment utility #3456,767.65,Bills & Utilities
H&M,purchase electronics,147.63,Shopping
AMC Theaters,music game,35.32,Entertainment
Kroger,produce food groceries #3331,165.51,Groceries
Unknown Vendor,payment other #6804,501.89,Others
Chipotle,delivery dinner #4972,912.93,Food & Dining
Nike,shoes,15.34,Shopping
Netflix,streaming #4892,21.37,Entertainment
AT&T,bill monthly payment #7875,476.18,Bills & Utilities
CVS,prescription doctor,39.12,Healthcare
AMC Theaters,music game movie #8341,37.23,Entertainment
Verizon,payment,458.56,Bills & Utilities
AT&T,monthly bill,323.59,Bills & Utilities
Xbox,streaming music movie,40.2,Entertainment
Xbox,movie music #2181,18.57,Entertainment
Pizza Hut,meal #1968,13.89,Food & Dining
Netflix,entertainment music,42.11,Entertainment
Local Restaurant,delivery takeout lunch #3874,475.53,Food & Dining
Xbox,movie game,44.79,Entertainment
Various Services,misc service,778.75,Others
Various Services,other general payment,437.4,Others
Shell,gas ride transportation,39.48,Transportation
Target,shoes purchase accessories,111.76,Shopping
Amazon,shoes accessories electronics #6301,196.68,Shopping
Miscellaneous,misc general,271.32,Others
Electric Company,service monthly #1783,589.13,Bills & Utilities
Local Clinic,medical,478.67,Healthcare
Pizza Hut,takeout delivery meal #6190,58.46,Food & Dining
Kroger,produce #1166,63.55,Groceries
Netflix,music,34.49,Entertainment
Amazon,clothes accessories electronics,85.69,Shopping
Miscellaneous,general misc service #9146,467.94,Others
AT&T,service bill,349.6,Bills & Utilities
Miscellaneous,misc,128.46,Others
Whole Foods,food #1581,111.13,Groceries
Amazon,shoes accessories #7701,100.09,Shopping
Safeway,produce food,192.06,Groceries
Subway,meal,561.7,Food & Dining
Spotify,game streaming music #5491,27.02,Entertainment
Amazon,clothes,17.46,Shopping
Walmart,dairy meat bread,170.03,Groceries
Shell,transit,58.54,Transportation
McDonalds,delivery dinner lunch #5684,832.28,Food & Dining
Walmart,groceries food,190.4,Groceries
Local Clinic,medical #7096,295.01,Healthcare
Walgreens,health medical medicine #3228,399.44,Healthcare
Kroger,dairy groceries meat #5957,117.07,Groceries
Whole Foods,bread,76.08,Groceries
Pizza Hut,restaurant #9315,613.33,Food & Dining
Netflix,music #1136,28.63,Entertainment
Steam,game entertainment movie #3244,15.44,Entertainment
Uber,ride transit taxi #7694,46.15,Transportation
Water Service,monthly payment bill #9425,117.53,Bills & Utilities
Pizza Hut,delivery takeout,942.04,Food & Dining
AMC Theaters,movie streaming game,19.01,Entertainment
CVS,medical,322.37,Healthcare
Nike,purchase,135.3,Shopping
Verizon,bill payment utility,964.28,Bills & Utilities
Amazon,accessories shoes,255.92,Shopping
Quest Diagnostics,doctor health #5051,484.22,Healthcare
Chipotle,meal takeout restaurant,998.24,Food & Dining
Miscellaneous,other general,36.34,Others
AT&T,service,24.75,Bills & Utilities
Metro,transit fuel,54.69,Transportation
Various Services,payment misc service,751.94,Others
Best Buy,electronics accessories,103.58,Shopping
Water Service,service monthly bill,795.77,Bills & Utilities
Miscellaneous,other payment general,135.86,Others
Shell,ride,71.59,Transportation
Various Services,misc service general,334.63,Others
Spotify,game #4870,37.63,Entertainment
Quest Diagnostics,health medical doctor #1306,47.3,Healthcare
CVS,doctor medical #7953,112.07,Healthcare
Spotify,music,27.15,Entertainment
AMC Theaters,game movie,47.12,Entertainment
Walgreens,prescription #9865,378.37,Healthcare
Steam,streaming #1938,13.25,Entertainment
CVS,doctor prescription medicine #9109,256.26,Healthcare
Spotify,streaming entertainment,14.53,Entertainment
Nike,electronics purchase clothes,181.29,Shopping
AMC Theaters,music game entertainment,18.28,Entertainment
Amazon,electronics #5040,49.61,Shopping
Various Services,misc payment other #4861,884.74,Others
Quest Diagnostics,doctor health,335.27,Healthcare
Lyft,ride fuel gas,62.32,Transportation
Quest Diagnostics,prescription medicine medical,58.36,Healthcare
H&M,accessories clothes,272.76,Shopping
Kroger,meat food produce #5049,78.48,Groceries
Nike,electronics clothes purchase,51.92,Shopping
Various Services,payment general misc #2456,186.48,Others
Best Buy,purchase shoes accessories,115.8,Shopping
AT&T,monthly #1625,99.73,Bills & Utilities
Unknown Vendor,other,425.2,Others
Steam,music,31.88,Entertainment
McDonalds,meal,421.15,Food & Dining
Target,electronics shoes,229.61,Shopping
Electric Company,utility,52.99,Bills & Utilities
Various Services,other,287.62,Others
Shell,taxi,74.84,Transportation
Kroger,produce,80.44,Groceries
Various Services,service other,666.75,Others
Chipotle,dinner delivery takeout,249.45,Food & Dining
Walgreens,medicine,136.47,Healthcare
Kroger,produce bread,59.34,Groceries
Spotify,game music streaming,47.36,Entertainment
Kroger,meat,149.67,Groceries
Shell,ride transit transportation #8282,31.58,Transportation
Chipotle,lunch restaurant #6065,237.02,Food & Dining
Pizza Hut,lunch,415.8,Food & Dining
Shell,transportation fuel ride,28.6,Transportation
BP,fuel ride transportation #6833,25.74,Transportation
Verizon,payment #1181,971.53,Bills & Utilities
Kroger,meat groceries,114.78,Groceries
Whole Foods,bread #8848,68.92,Groceries
Water Service,payment monthly,592.71,Bills & Utilities
Walgreens,medical health medicine #4012,118.88,Healthcare
Metro,transit taxi ride,53.28,Transportation
Verizon,utility service bill #8316,162.02,Bills & Utilities
Walmart,bread,122.25,Groceries
Xbox,game streaming entertainment,28.55,Entertainment
Spotify,streaming,36.31,Entertainment
Electric Company,service bill #7923,139.75,Bills & Utilities
Miscellaneous,other service,292.59,Others
Chipotle,takeout lunch #1245,190.78,Food & Dining
Safeway,produce bread #3817,67.24,Groceries
McDonalds,takeout delivery,152.31,Food & Dining
Miscellaneous,misc payment,671.24,Others
AMC Theaters,game streaming,43.01,Entertainment
Unknown Vendor,payment #4545,331.93,Others
Various Services,general service,128.99,Others
Safeway,meat,94.52,Groceries
Subway,restaurant delivery lunch,604.45,Food & Dining
Local Clinic,doctor health prescription,59.66,Healthcare
Amazon,shoes,88.2,Shopping
CVS,health medicine,385.63,Healthcare
Lyft,ride #9965,73.09,Transportation
AMC Theaters,streaming movie #5710,23.1,Entertainment
Whole Foods,meat dairy #4626,190.13,Groceries
Electric Company,bill service payment,793.98,Bills & Utilities
Pizza Hut,takeout restaurant meal,649.03,Food & Dining
Spotify,streaming,42.05,Entertainment
Electric Company,payment,784.38,Bills & Utilities
Shell,fuel,51.36,Transportation
Verizon,payment #6019,693.19,Bills & Utilities
Safeway,dairy meat bread,32.83,Groceries
Whole Foods,groceries dairy,167.79,Groceries
Subway,takeout #9465,457.21,Food & Dining
Xbox,movie music,10.69,Entertainment
Kroger,dairy produce groceries,84.91,Groceries
McDonalds,takeout delivery,47.62,Food & Dining
Chipotle,dinner #2824,295.06,Food & Dining
Safeway,food groceries #9175,144.32,Groceries
Electric Company,payment utility monthly,800.93,Bills & Utilities
Uber,gas #7774,68.53,Transportation
Chipotle,delivery dinner,665.13,Food & Dining
Various Services,misc other #3139,331.42,Others
BP,fuel taxi,47.94,Transportation
Water Service,service monthly,719.81,Bills & Utilities
Xbox,entertainment #6499,47.29,Entertainment
CVS,prescription #7979,363.13,Healthcare
Lyft,transportation transit fuel,12.13,Transportation
Local Restaurant,meal restaurant delivery,781.14,Food & Dining
Quest Diagnostics,medicine,288.08,Healthcare
Xbox,streaming #6608,32.23,Entertainment
Walgreens,prescription medicine health,417.6,Healthcare
Safeway,dairy bread,69.74,Groceries
Whole Foods,groceries,197.69,Groceries
Trader Joes,produce,46.65,Groceries
Quest Diagnostics,doctor medicine,123.17,Healthcare
Water Service,bill utility,630.2,Bills & Utilities
Netflix,game music streaming,19.57,Entertainment
Nike,clothes electronics shoes,134.19,Shopping
Whole Foods,dairy food,171.41,Groceries
Kroger,meat dairy #5676,68.11,Groceries
Steam,streaming music game,33.88,Entertainment
McDonalds,lunch delivery,507.18,Food & Dining
Miscellaneous,service other,702.15,Others
Pizza Hut,dinner lunch,668.51,Food & Dining
Electric Company,utility #1206,264.91,Bills & Utilities
Shell,gas transit fuel #9110,36.62,Transportation
Netflix,game movie music,18.96,Entertainment
Lyft,taxi gas ride,47.65,Transportation
Local Restaurant,restaurant lunch,995.95,Food & Dining
Amazon,shoes accessories purchase,75.28,Shopping
Pizza Hut,dinner #8992,809.64,Food & Dining
Walmart,produce food,108.03,Groceries
Subway,dinner lunch delivery,40.2,Food & Dining
Safeway,groceries produce bread,157.32,Groceries
Whole Foods,groceries produce food,145.63,Groceries
McDonalds,dinner meal #9025,11.12,Food & Dining
Xbox,streaming,27.72,Entertainment
Walmart,groceries,77.02,Groceries
Shell,fuel ride,45.33,Transportation
Amazon,shoes,141.63,Shopping
Spotify,game,37.62,Entertainment
Unknown Vendor,service payment,735.92,Others
Chipotle,dinner meal delivery,701.51,Food & Dining
CVS,medicine doctor health #6282,315.91,Healthcare
Safeway,dairy produce groceries,128.25,Groceries
Chipotle,meal dinner,125.47,Food & Dining
Metro,fuel transportation #8910,7.18,Transportation
Pizza Hut,meal,712.29,Food & Dining
Target,accessories electronics clothes,90.89,Shopping
Xbox,streaming game music,39.53,Entertainment
Safeway,food dairy produce #7598,147.31,Groceries
Walgreens,doctor medical prescription #9951,441.37,Healthcare
Local Restaurant,lunch,37.34,Food & Dining
Local Clinic,medical,37.82,Healthcare
Amazon,electronics #3237,287.63,Shopping
H&M,clothes purchase electronics,85.2,Shopping
Trader Joes,dairy meat #3238,138.83,Groceries
Water Service,payment bill utility #4079,749.87,Bills & Utilities
Walgreens,doctor #5359,239.36,Healthcare
Various Services,misc other,98.37,Others
AMC Theaters,game streaming,16.06,Entertainment
Xbox,entertainment,20.29,Entertainment
Various Services,general service other,994.88,Others
Target,electronics shoes purchase #5966,189.26,Shopping
Subway,meal lunch delivery,502.28,Food & Dining
Target,purchase,123.5,Shopping
Quest Diagnostics,prescription doctor,45.45,Healthcare
Electric Company,monthly #3817,396.83,Bills & Utilities
Kroger,bread,114.48,Groceries
Xbox,music game,21.17,Entertainment
Nike,shoes electronics purchase #2511,269.38,Shopping
Safeway,food bread #6831,154.04,Groceries
Safeway,food dairy #5580,81.06,Groceries
Quest Diagnostics,prescription medicine medical #5313,300.86,Healthcare
Target,clothes purchase,91.44,Shopping
Nike,clothes accessories #1207,190.96,Shopping
Trader Joes,produce food bread #8801,177.27,Groceries
Trader Joes,bread produce groceries #6949,127.3,Groceries
Steam,movie game #2959,19.16,Entertainment
Unknown Vendor,misc payment,494.77,Others
Safeway,food #3980,147.31,Groceries
Verizon,utility,343.07,Bills & Utilities
CVS,medicine #8775,66.77,Healthcare
Best Buy,clothes,89.65,Shopping
Whole Foods,food,55.79,Groceries
Netflix,streaming,14.38,Entertainment
Unknown Vendor,misc other #3692,730.18,Others
Xbox,game music,25.69,Entertainment
Local Clinic,medicine doctor prescription,227.9,Healthcare
McDonalds,lunch delivery #3690,745.79,Food & Dining
Verizon,bill,640.24,Bills & Utilities
Electric Company,utility #4904,555.77,Bills & Utilities
Shell,transportation #8036,54.0,Transportation
Electric Company,monthly service bill,618.58,Bills & Utilities
AT&T,utility bill service #6916,476.32,Bills & Utilities
Chipotle,restaurant dinner lunch,552.23,Food & Dining
Netflix,game,13.99,Entertainment
Unknown Vendor,general,494.29,Others
Water Service,monthly,469.04,Bills & Utilities
Quest Diagnostics,doctor health medical,201.15,Healthcare
Safeway,produce dairy #8520,68.58,Groceries
Verizon,payment utility #9795,721.14,Bills & Utilities
Miscellaneous,payment,748.27,Others
McDonalds,takeout meal lunch,865.12,Food & Dining
CVS,health medical doctor,498.35,Healthcare
Uber,ride taxi,60.77,Transportation
Unknown Vendor,misc payment,986.57,Others
AT&T,service monthly bill,799.32,Bills & Utilities
Netflix,entertainment,47.24,Entertainment
Nike,purchase clothes accessories,135.49,Shopping
Uber,gas,64.53,Transportation
Various Services,misc payment #9755,59.18,Others
Shell,transportation transit,10.33,Transportation
Lyft,transportation #2340,60.27,Transportation
Walmart,food #5200,195.76,Groceries
Trader Joes,food produce,119.06,Groceries
Xbox,entertainment game,29.85,Entertainment
CVS,medical doctor medicine,29.26,Healthcare
Walgreens,health prescription medicine,226.2,Healthcare
Local Restaurant,restaurant lunch,983.19,Food & Dining
Electric Company,monthly bill,820.48,Bills & Utilities
Walgreens,medical,83.18,Healthcare
Amazon,electronics,130.4,Shopping
Lyft,gas transportation transit,78.27,Transportation
Best Buy,accessories,278.89,Shopping
Miscellaneous,misc service payment,426.98,Others
Pizza Hut,delivery lunch restaurant #2298,65.51,Food & Dining
Local Clinic,medical,478.42,Healthcare
Chipotle,dinner #9989,895.84,Food & Dining
Miscellaneous,other service,703.13,Others
Miscellaneous,service misc,209.73,Others
Walgreens,health medical #8809,455.17,Healthcare
Chipotle,delivery lunch takeout #4003,717.45,Food & Dining
Target,purchase accessories,176.76,Shopping
Xbox,streaming #1968,17.68,Entertainment
Metro,ride gas,72.26,Transportation
Unknown Vendor,payment service,380.55,Others
Shell,gas ride,16.54,Transportation
Local Clinic,medicine prescription doctor,177.86,Healthcare
McDonalds,takeout delivery dinner,741.81,Food & Dining
Unknown Vendor,payment,847.6,Others
Best Buy,purchase,29.96,Shopping
CVS,health,481.2,Healthcare
Local Restaurant,lunch dinner takeout,676.2,Food & Dining
AMC Theaters,streaming #5236,14.14,Entertainment
Whole Foods,food,120.66,Groceries
Kroger,dairy produce groceries #9105,32.85,Groceries
Whole Foods,dairy food bread,189.43,Groceries
Spotify,entertainment,45.32,Entertainment
Miscellaneous,misc service,58.9,Others
Quest Diagnostics,medical prescription,219.49,Healthcare
Amazon,purchase,47.88,Shopping
Xbox,movie #5912,23.61,Entertainment
Verizon,payment,695.6,Bills & Utilities
Steam,music movie entertainment #2638,10.72,Entertainment
H&M,clothes accessories shoes,201.76,Shopping
Nike,clothes electronics #3406,41.26,Shopping
Unknown Vendor,payment,438.94,Others
Netflix,music movie entertainment,46.68,Entertainment
Water Service,service,72.41,Bills & Utilities
Unknown Vendor,payment service other #8544,487.22,Others
Target,shoes accessories purchase #6944,111.14,Shopping
Metro,fuel transportation taxi,19.62,Transportation
Shell,fuel gas,77.66,Transportation
AMC Theaters,movie #7890,38.51,Entertainment
Unknown Vendor,payment general other #1864,75.56,Others
H&M,clothes purchase accessories,294.18,Shopping
Verizon,monthly service bill,349.45,Bills & Utilities
Local Restaurant,takeout,763.71,Food & Dining
Subway,dinner,823.25,Food & Dining
Local Clinic,medicine prescription #4479,351.15,Healthcare
Xbox,movie #6817,23.93,Entertainment
Walmart,meat groceries,53.55,Groceries
Xbox,streaming,39.99,Entertainment
Unknown Vendor,misc,405.23,Others
Miscellaneous,service general,774.3,Others
CVS,medicine,357.5,Healthcare
Lyft,gas,44.69,Transportation
Verizon,payment service,699.45,Bills & Utilities
Local Restaurant,lunch,16.54,Food & Dining
McDonalds,takeout restaurant meal #3444,157.31,Food & Dining
H&M,shoes accessories clothes,155.27,Shopping
Shell,gas #4502,67.78,Transportation
Lyft,gas #5783,68.09,Transportation
Local Clinic,health doctor,460.2,Healthcare
Netflix,game music,20.23,Entertainment
AMC Theaters,game entertainment,20.92,Entertainment
Various Services,general,949.18,Others
Trader Joes,groceries bread dairy,103.71,Groceries
Amazon,electronics,282.44,Shopping
Spotify,streaming music entertainment,10.27,Entertainment
Chipotle,takeout,678.85,Food & Dining
Spotify,music #8141,21.82,Entertainment
Amazon,electronics,79.85,Shopping
Nike,purchase,200.79,Shopping
Miscellaneous,service other general #4196,471.55,Others
Xbox,entertainment,35.3,Entertainment
Trader Joes,food groceries produce #2406,90.31,Groceries
Spotify,movie entertainment,23.2,Entertainment
Unknown Vendor,general misc #8560,875.76,Others
Verizon,monthly,86.28,Bills & Utilities
Xbox,movie game entertainment #7961,37.7,Entertainment
AT&T,payment monthly,906.13,Bills & Utilities
CVS,medicine,462.23,Healthcare
Safeway,dairy meat produce,140.32,Groceries
Xbox,movie streaming,17.54,Entertainment
Steam,movie game streaming,45.93,Entertainment
Local Clinic,medical #5647,435.69,Healthcare
Various Services,misc,542.87,Others
Safeway,groceries food meat #1474,161.03,Groceries
H&M,purchase clothes,149.81,Shopping
Metro,ride transit,69.38,Transportation
Various Services,general other payment,819.37,Others
Various Services,payment misc general #8033,58.66,Others
Subway,restaurant lunch #5323,470.01,Food & Dining
Xbox,streaming,44.55,Entertainment
Walmart,dairy #4774,193.49,Groceries
Various Services,other general #8921,721.43,Others
Spotify,movie game,27.08,Entertainment
AMC Theaters,movie #3735,24.97,Entertainment
Quest Diagnostics,doctor medical health,141.59,Healthcare
Metro,transportation gas taxi #1402,52.05,Transportation
Trader Joes,groceries meat food,120.94,Groceries
Chipotle,restaurant meal,442.9,Food & Dining
Chipotle,restaurant,777.1,Food & Dining
McDonalds,delivery,561.33,Food & Dining
Amazon,purchase electronics clothes,294.51,Shopping
Unknown Vendor,general other,660.99,Others
Local Clinic,prescription #9386,274.38,Healthcare
Trader Joes,dairy food #5264,34.43,Groceries
Metro,gas transit,54.09,Transportation
Kroger,produce #8248,156.18,Groceries
Metro,fuel ride transit #8252,61.8,Transportation
AMC Theaters,music movie #3068,28.61,Entertainment
AT&T,payment bill,729.08,Bills & Utilities
Safeway,produce groceries meat #8847,188.02,Groceries
Shell,fuel gas #5584,33.99,Transportation
Unknown Vendor,service #4670,961.83,Others
Shell,ride transit,33.77,Transportation
H&M,shoes,163.56,Shopping
Kroger,meat,140.92,Groceries
Whole Foods,bread,156.8,Groceries
Various Services,service payment general,750.71,Others
Metro,taxi #4529,42.02,Transportation
Water Service,service,175.93,Bills & Utilities
AT&T,bill,981.1,Bills & Utilities
Walgreens,medical doctor #8487,178.4,Healthcare
Pizza Hut,takeout,956.72,Food & Dining
Metro,transportation taxi,21.59,Transportation
BP,transit gas #9754,46.48,Transportation
Whole Foods,bread dairy #2474,75.31,Groceries
CVS,doctor health #5500,332.87,Healthcare
Miscellaneous,general,470.35,Others
Uber,fuel transit gas,49.59,Transportation
Verizon,utility monthly bill,657.29,Bills & Utilities
H&M,electronics accessories,275.55,Shopping
Chipotle,lunch restaurant,319.42,Food & Dining
Xbox,movie #3276,20.5,Entertainment
Uber,fuel,73.89,Transportation
Electric Company,utility bill,947.67,Bills & Utilities
Nike,purchase shoes electronics,291.09,Shopping
Local Clinic,medicine medical prescription,333.41,Healthcare
AT&T,utility #1908,393.14,Bills & Utilities
Subway,lunch dinner,387.33,Food & Dining
Unknown Vendor,service other #7397,312.84,Others
AMC Theaters,movie game music,32.9,Entertainment
Chipotle,delivery dinner lunch,796.57,Food & Dining
Amazon,accessories purchase shoes #5498,101.66,Shopping
Unknown Vendor,service,794.93,Others
Lyft,fuel,48.04,Transportation
Local Restaurant,restaurant #4131,614.44,Food & Dining
Chipotle,delivery #5617,242.96,Food & Dining
Unknown Vendor,misc payment general #1986,145.41,Others
Shell,ride taxi transit,20.64,Transportation
Miscellaneous,other general service,517.75,Others
Various Services,payment other #4060,648.73,Others
AT&T,utility,898.41,Bills & Utilities
Local Restaurant,meal delivery lunch #3197,724.6,Food & Dining
Local Restaurant,lunch delivery #6505,206.46,Food & Dining
Miscellaneous,general other misc,861.86,Others
Steam,music movie entertainment,43.84,Entertainment
Kroger,food groceries produce #1139,123.13,Groceries
Unknown Vendor,misc #9809,992.11,Others
Miscellaneous,other payment misc,582.73,Others
Quest Diagnostics,medicine health medical,325.03,Healthcare
Electric Company,utility monthly service #5255,171.73,Bills & Utilities
Safeway,groceries dairy,171.03,Groceries
Local Clinic,health doctor medicine #6336,149.33,Healthcare
AMC Theaters,entertainment movie #6970,22.19,Entertainment
Unknown Vendor,payment service other #6349,929.04,Others
Quest Diagnostics,medicine #2267,374.82,Healthcare
Pizza Hut,delivery,19.61,Food & Dining
AT&T,service utility,149.8,Bills & Utilities
Target,accessories shoes,109.96,Shopping
Lyft,ride gas taxi,18.41,Transportation
Shell,ride,73.03,Transportation
Target,electronics purchase accessories,114.43,Shopping
Subway,meal dinner restaurant #5473,659.49,Food & Dining
Best Buy,accessories shoes electronics #3154,96.98,Shopping
BP,taxi,24.19,Transportation
Unknown Vendor,general,441.89,Others
McDonalds,lunch takeout,140.17,Food & Dining
Unknown Vendor,service,798.33,Others
Local Clinic,prescription medicine,355.88,Healthcare
AMC Theaters,music game,25.4,Entertainment
Metro,gas transit #7224,68.4,Transportation
Verizon,payment service bill,458.32,Bills & Utilities
Whole Foods,meat produce food,60.2,Groceries
Electric Company,service utility monthly,803.33,Bills & Utilities
Verizon,monthly bill,663.51,Bills & Utilities
Verizon,bill monthly,570.66,Bills & Utilities
Miscellaneous,service misc,653.49,Others
Kroger,food groceries,174.76,Groceries
Nike,accessories,253.63,Shopping
Walgreens,health prescription,169.91,Healthcare
Walgreens,doctor medical,399.74,Healthcare
Miscellaneous,other service #7355,42.76,Others
Spotify,game music,10.03,Entertainment
Trader Joes,meat #2806,45.25,Groceries
Steam,game streaming entertainment,27.86,Entertainment
McDonalds,restaurant,404.74,Food & Dining
Unknown Vendor,other,145.2,Others
Various Services,general service,420.71,Others
Local Clinic,doctor prescription medicine,233.1,Healthcare
BP,ride transportation fuel #9977,59.71,Transportation
Quest Diagnostics,medical,129.68,Healthcare
Steam,streaming game #9153,39.69,Entertainment
Pizza Hut,lunch dinner,64.32,Food & Dining
Netflix,game streaming entertainment,30.04,Entertainment
Chipotle,takeout restaurant lunch #8702,481.13,Food & Dining
AMC Theaters,streaming music movie,14.46,Entertainment
Amazon,purchase accessories #5004,56.31,Shopping
Miscellaneous,other service,645.85,Others
Shell,gas,73.47,Transportation
Trader Joes,food dairy,21.08,Groceries
Subway,meal,141.38,Food & Dining
Steam,music entertainment movie,31.5,Entertainment
Nike,electronics #4251,228.73,Shopping
Water Service,bill utility service,976.98,Bills & Utilities
Chipotle,dinner,125.39,Food & Dining
AT&T,service monthly bill,94.62,Bills & Utilities
Quest Diagnostics,health prescription doctor,432.24,Healthcare
Various Services,service misc #7648,35.02,Others
AT&T,utility service payment,472.54,Bills & Utilities
McDonalds,dinner restaurant meal #8336,756.56,Food & Dining
Shell,ride,22.94,Transportation
Spotify,music #9358,48.23,Entertainment
Nike,accessories,255.76,Shopping
Safeway,groceries meat dairy,137.03,Groceries
Safeway,meat bread,128.48,Groceries
Various Services,other general,330.51,Others
Unknown Vendor,payment #9790,557.79,Others
Water Service,bill payment utility,757.33,Bills & Utilities
Local Restaurant,lunch delivery restaurant,656.45,Food & Dining
Xbox,streaming game,25.93,Entertainment
Unknown Vendor,payment misc general #1854,333.61,Others
Xbox,streaming game,33.16,Entertainment
Verizon,payment service,970.65,Bills & Utilities
Water Service,service,491.24,Bills & Utilities
Safeway,groceries produce dairy,97.81,Groceries
Local Clinic,doctor health,384.77,Healthcare
H&M,purchase #2732,141.45,Shopping
Netflix,entertainment game music,31.6,Entertainment
Steam,music,18.08,Entertainment
Pizza Hut,meal lunch restaurant,277.37,Food & Dining
Lyft,transportation transit fuel,10.07,Transportation
Unknown Vendor,misc service other #4792,282.22,Others
Steam,movie,37.69,Entertainment
Amazon,electronics,201.67,Shopping
Nike,clothes electronics accessories #9230,31.75,Shopping
Kroger,produce #3847,76.96,Groceries
Verizon,service utility payment #6836,858.02,Bills & Utilities
Subway,meal delivery restaurant #7826,68.31,Food & Dining
Lyft,transit fuel,63.87,Transportation
Trader Joes,groceries dairy,33.82,Groceries
Xbox,movie streaming #7018,33.52,Entertainment
Walgreens,prescription #6699,106.68,Healthcare
H&M,electronics clothes accessories,224.38,Shopping
Local Restaurant,takeout restaurant #2047,434.38,Food & Dining
Netflix,movie music streaming #1747,42.23,Entertainment
Chipotle,restaurant takeout,568.1,Food & Dining
AT&T,bill service payment,24.71,Bills & Utilities
Various Services,general other #8594,373.27,Others
Best Buy,accessories #7742,18.96,Shopping
Electric Company,payment,11.88,Bills & Utilities
McDonalds,meal takeout #4638,873.52,Food & Dining
Spotify,streaming #9126,23.63,Entertainment
Amazon,purchase #7296,138.12,Shopping
Walgreens,medicine #6919,469.98,Healthcare
Uber,taxi gas fuel,70.13,Transportation
Water Service,service,648.7,Bills & Utilities
Pizza Hut,meal lunch dinner,819.19,Food & Dining
Walmart,groceries food produce,53.07,Groceries
BP,gas transportation,34.57,Transportation
Miscellaneous,other misc #1892,338.34,Others
Xbox,streaming,27.75,Entertainment
Water Service,bill #6516,751.01,Bills & Utilities
CVS,health #7815,35.71,Healthcare
Miscellaneous,payment service general,648.99,Others
Best Buy,clothes accessories purchase,88.15,Shopping
Walgreens,medicine,332.89,Healthcare
Subway,dinner,431.28,Food & Dining
Miscellaneous,other misc service,692.01,Others
Kroger,food meat,107.71,Groceries
Steam,movie,28.34,Entertainment
Lyft,ride fuel transportation,47.85,Transportation
Safeway,groceries food #1729,195.02,Groceries
Various Services,service #8684,442.63,Others
BP,gas fuel,64.38,Transportation
Spotify,streaming music entertainment #2653,40.75,Entertainment
Unknown Vendor,other,666.56,Others
AMC Theaters,streaming game music,23.78,Entertainment
Verizon,bill monthly utility,244.65,Bills & Utilities
Uber,ride transit,57.13,Transportation
H&M,accessories,216.72,Shopping
Amazon,electronics purchase #3444,189.22,Shopping
Xbox,game music streaming,30.99,Entertainment
Amazon,clothes accessories electronics,59.74,Shopping
Pizza Hut,meal dinner,904.84,Food & Dining
Safeway,bread food meat #1155,137.01,Groceries
Safeway,meat bread food,196.98,Groceries
Metro,taxi fuel,35.52,Transportation
Pizza Hut,takeout,789.55,Food & Dining
Trader Joes,bread,150.82,Groceries
Various Services,other payment general,71.52,Others
Miscellaneous,misc,779.5,Others
Best Buy,electronics clothes #7565,168.52,Shopping
Target,purchase accessories #2546,133.03,Shopping
Whole Foods,produce,92.36,Groceries
Walgreens,medicine,286.73,Healthcare
Unknown Vendor,general payment service #4591,788.34,Others
Local Restaurant,takeout,257.16,Food & Dining
Best Buy,clothes,185.42,Shopping
BP,transit taxi #2897,29.39,Transportation
Metro,transportation ride,18.59,Transportation
Whole Foods,bread meat dairy,126.43,Groceries
H&M,clothes accessories #8302,83.99,Shopping
CVS,medicine health prescription #4281,211.79,Healthcare
Unknown Vendor,misc payment general,575.67,Others
Quest Diagnostics,health medicine,371.91,Healthcare
Walmart,dairy food #7334,83.59,Groceries
Unknown Vendor,other service payment,467.62,Others
Best Buy,shoes,283.65,Shopping
BP,transit gas,69.09,Transportation
Water Service,payment,745.95,Bills & Utilities
Miscellaneous,other service,673.73,Others
Walgreens,prescription medicine doctor,130.96,Healthcare
Unknown Vendor,general service misc,673.41,Others
Subway,delivery dinner lunch #3920,888.79,Food & Dining
Water Service,utility payment,278.85,Bills & Utilities
Uber,gas,54.32,Transportation
Subway,restaurant,233.0,Food & Dining
Nike,purchase,105.54,Shopping
Water Service,service #9381,425.9,Bills & Utilities
Quest Diagnostics,prescription,459.97,Healthcare
Best Buy,purchase,159.08,Shopping
Verizon,service,45.41,Bills & Utilities
Lyft,gas taxi #5854,28.3,Transportation
Unknown Vendor,payment,589.5,Others
H&M,clothes shoes purchase,290.48,Shopping
Trader Joes,meat bread groceries,91.74,Groceries
AT&T,utility service,96.94,Bills & Utilities
AT&T,bill,151.44,Bills & Utilities
Xbox,game streaming movie #4104,30.62,Entertainment
Nike,purchase electronics accessories,266.89,Shopping
Various Services,general service other,198.27,Others
Local Clinic,doctor prescription,351.15,Healthcare
BP,transit gas,27.86,Transportation
Local Clinic,medicine prescription,397.15,Healthcare
Water Service,utility monthly #5362,737.87,Bills & Utilities
Safeway,bread meat,40.42,Groceries
Kroger,dairy produce,199.29,Groceries
Subway,restaurant takeout #5006,875.08,Food & Dining
CVS,doctor,128.47,Healthcare
BP,fuel,43.3,Transportation
Uber,transit transportation gas,30.29,Transportation
Various Services,misc other general #3863,242.54,Others
Verizon,service #8098,737.23,Bills & Utilities
Uber,taxi gas #1127,40.79,Transportation
Uber,transit fuel,42.4,Transportation
Walgreens,medicine medical doctor,469.1,Healthcare
Local Clinic,medicine,457.53,Healthcare
Unknown Vendor,payment,821.19,Others
Electric Company,utility payment #8730,579.47,Bills & Utilities
Best Buy,clothes purchase electronics,171.48,Shopping
Quest Diagnostics,medicine doctor #8635,446.77,Healthcare
Kroger,food dairy groceries,103.7,Groceries
Metro,transit ride #5633,39.7,Transportation
BP,taxi transportation,41.79,Transportation
Amazon,clothes purchase,127.78,Shopping
Amazon,clothes shoes accessories,62.34,Shopping
AT&T,payment service monthly #1996,487.79,Bills & Utilities
Pizza Hut,delivery dinner,836.53,Food & Dining
BP,fuel gas ride #7230,35.28,Transportation
Whole Foods,produce groceries bread #8791,183.99,Groceries
Pizza Hut,takeout restaurant,987.46,Food & Dining
Miscellaneous,payment service #2091,132.35,Others
Local Clinic,prescription,319.35,Healthcare
Trader Joes,food #9199,64.49,Groceries
Various Services,other,571.64,Others
Verizon,bill utility,832.86,Bills & Utilities
Spotify,streaming entertainment,12.89,Entertainment
BP,ride #7053,64.79,Transportation
CVS,prescription,293.82,Healthcare
Metro,transit fuel,56.1,Transportation
Metro,transportation fuel gas,32.64,Transportation
Lyft,transportation ride transit #7691,7.85,Transportation
Miscellaneous,payment misc,176.96,Others
Nike,shoes clothes purchase,39.28,Shopping
Xbox,movie music streaming #5188,43.0,Entertainment
Walgreens,medicine prescription health #7101,175.12,Healthcare
Whole Foods,groceries,175.98,Groceries
Miscellaneous,misc,859.51,Others
Amazon,purchase accessories #3236,198.73,Shopping
Trader Joes,bread food #5937,39.88,Groceries
Spotify,streaming game,46.36,Entertainment
Trader Joes,groceries dairy bread,67.85,Groceries
Local Clinic,medical #4029,491.4,Healthcare
Metro,ride fuel transportation,68.63,Transportation
Electric Company,bill utility payment #7790,324.73,Bills & Utilities
Pizza Hut,restaurant dinner,423.46,Food & Dining
Local Restaurant,lunch meal #4315,270.91,Food & Dining
Nike,shoes #3076,141.72,Shopping
Metro,ride,45.54,Transportation
Trader Joes,dairy,126.32,Groceries
Safeway,food groceries meat,176.45,Groceries
Shell,ride transportation transit,11.8,Transportation
Local Clinic,health medical,391.07,Healthcare
Walgreens,medicine health,87.34,Healthcare
Trader Joes,dairy,69.03,Groceries
Kroger,produce dairy bread,191.51,Groceries
Netflix,music #2586,28.16,Entertainment
Nike,accessories,177.97,Shopping
Nike,accessories purchase,263.58,Shopping
Xbox,music game streaming,16.41,Entertainment
Metro,ride transportation transit,13.27,Transportation
Kroger,dairy bread,181.43,Groceries
Metro,taxi transportation fuel,54.84,Transportation
CVS,doctor health,439.56,Healthcare
Walgreens,prescription,341.5,Healthcare
Electric Company,utility bill #7136,421.88,Bills & Utilities
Trader Joes,food groceries bread #4175,137.1,Groceries
Verizon,bill service #7689,696.42,Bills & Utilities
Best Buy,purchase,57.52,Shopping
Nike,clothes purchase,15.02,Shopping
Xbox,movie entertainment,23.41,Entertainment
Local Clinic,medicine medical prescription #1103,184.04,Healthcare
Metro,ride taxi gas,59.28,Transportation
Xbox,entertainment music game #2532,28.18,Entertainment
Amazon,clothes accessories electronics,207.18,Shopping
AMC Theaters,music,28.39,Entertainment
Walmart,bread dairy #6375,36.73,Groceries
Metro,taxi gas transit,68.41,Transportation
Whole Foods,food #8113,61.13,Groceries
Spotify,entertainment #2119,10.88,Entertainment
Netflix,movie,28.46,Entertainment
Xbox,game,10.92,Entertainment
Quest Diagnostics,doctor health #7721,63.1,Healthcare
Various Services,misc #4209,802.52,Others
AMC Theaters,movie,13.75,Entertainment
Chipotle,takeout,636.79,Food & Dining
AT&T,service bill payment #6190,832.95,Bills & Utilities
AMC Theaters,entertainment game streaming #6277,28.1,Entertainment
Water Service,service utility #7252,629.38,Bills & Utilities
Shell,transportation gas,42.89,Transportation
AT&T,utility payment,90.65,Bills & Utilities
Uber,transit,22.87,Transportation
Xbox,streaming movie entertainment,31.33,Entertainment
CVS,medicine health #2810,124.5,Healthcare
Local Clinic,medical #2065,437.19,Healthcare
Various Services,service,918.43,Others
Lyft,taxi,30.84,Transportation
Uber,transit #9019,55.44,Transportation
Unknown Vendor,other #7657,454.14,Others
Local Restaurant,dinner,732.35,Food & Dining
Local Clinic,doctor,311.87,Healthcare
Unknown Vendor,misc #5897,134.9,Others
Nike,electronics #5321,249.92,Shopping
Miscellaneous,misc,10.1,Others
Lyft,fuel gas,44.59,Transportation
Local Restaurant,takeout,288.37,Food & Dining
Steam,game entertainment music,13.96,Entertainment
Subway,lunch #7990,42.49,Food & Dining
Walmart,meat food produce,72.99,Groceries
Unknown Vendor,misc payment,599.16,Others
Local Clinic,doctor medicine health,144.14,Healthcare
Netflix,music game,21.19,Entertainment
Walmart,food #8779,144.18,Groceries
Water Service,service payment utility,82.2,Bills & Utilities
Kroger,groceries #6268,61.49,Groceries
Water Service,service monthly bill,511.57,Bills & Utilities
Lyft,transportation transit,49.96,Transportation
Chipotle,delivery dinner lunch #2700,574.2,Food & Dining
Local Clinic,health doctor medical,206.48,Healthcare
Walgreens,doctor prescription,317.4,Healthcare
Lyft,taxi,48.96,Transportation
Local Restaurant,lunch restaurant takeout #2451,112.43,Food & Dining
AT&T,payment bill #6919,399.62,Bills & Utilities
Target,clothes shoes #7634,20.82,Shopping
Netflix,entertainment streaming #5934,39.0,Entertainment
Amazon,purchase,41.38,Shopping
Verizon,service bill,455.33,Bills & Utilities
Local Restaurant,dinner meal takeout #3560,368.58,Food & Dining
Best Buy,electronics accessories shoes #4620,210.21,Shopping
Uber,gas taxi,33.42,Transportation
Local Restaurant,takeout delivery meal,453.14,Food & Dining
AMC Theaters,entertainment,26.74,Entertainment
Spotify,movie game music #6476,17.15,Entertainment
Miscellaneous,service #2143,145.11,Others
Trader Joes,bread meat,145.09,Groceries
Safeway,food meat dairy #8485,146.85,Groceries
Uber,transportation,63.42,Transportation
Whole Foods,groceries meat dairy,75.34,Groceries
Kroger,bread food meat,120.45,Groceries
Spotify,movie music entertainment,47.03,Entertainment
Miscellaneous,general other,65.58,Others
Netflix,entertainment game movie,23.19,Entertainment
Miscellaneous,misc,317.28,Others
CVS,doctor medical medicine,24.16,Healthcare
CVS,prescription,200.51,Healthcare
McDonalds,lunch delivery dinner,916.76,Food & Dining
Subway,dinner meal lunch,430.99,Food & Dining
Verizon,bill payment,787.84,Bills & Utilities
Various Services,other payment,124.62,Others
Spotify,streaming entertainment,38.71,Entertainment
Miscellaneous,payment general other #4540,926.98,Others
Unknown Vendor,service other general,764.89,Others
Spotify,music movie,36.65,Entertainment
Quest Diagnostics,medical,293.43,Healthcare
CVS,health,317.32,Healthcare
Steam,entertainment,37.54,Entertainment
Miscellaneous,other,810.42,Others
Lyft,transit,30.84,Transportation
Unknown Vendor,misc payment other #1383,175.15,Others
Unknown Vendor,payment,181.09,Others
Subway,restaurant takeout lunch,977.49,Food & Dining
Pizza Hut,meal dinner restaurant,312.31,Food & Dining
Chipotle,takeout meal delivery #4466,310.21,Food & Dining
Subway,takeout meal,118.88,Food & Dining
Water Service,utility payment bill,735.55,Bills & Utilities
Subway,delivery,879.44,Food & Dining
Lyft,fuel gas #3658,79.26,Transportation
Spotify,game movie,14.21,Entertainment
Unknown Vendor,payment,276.71,Others
Local Restaurant,dinner takeout meal,202.73,Food & Dining
Best Buy,electronics purchase accessories #6321,238.2,Shopping
Trader Joes,bread meat produce,116.66,Groceries
Shell,taxi,54.24,Transportation
Netflix,music game #7252,43.96,Entertainment
Whole Foods,bread produce,150.66,Groceries
Lyft,transportation taxi ride #5910,12.0,Transportation
Water Service,payment bill,368.2,Bills & Utilities
Amazon,purchase clothes,171.9,Shopping
Amazon,clothes accessories shoes,58.8,Shopping
Local Restaurant,lunch,612.28,Food & Dining
Shell,transit taxi,16.27,Transportation
Walmart,dairy groceries bread,33.54,Groceries
Nike,electronics shoes,95.7,Shopping
Subway,delivery #3021,908.81,Food & Dining
Amazon,shoes clothes,99.76,Shopping
Amazon,electronics clothes #9050,54.35,Shopping
Lyft,taxi,63.33,Transportation
Uber,transportation,73.98,Transportation
Walmart,food #2719,187.02,Groceries
Nike,shoes purchase,17.03,Shopping
AT&T,bill,111.08,Bills & Utilities
Miscellaneous,service,388.34,Others
Unknown Vendor,general,568.05,Others
Subway,lunch meal,20.53,Food & Dining
Miscellaneous,misc #8127,295.83,Others
Walmart,produce groceries,157.71,Groceries
Quest Diagnostics,medical,341.1,Healthcare
Nike,purchase accessories #1783,73.38,Shopping
Whole Foods,groceries,110.1,Groceries
AT&T,service monthly bill,462.9,Bills & Utilities
Spotify,streaming game music,44.33,Entertainment
BP,gas taxi,37.63,Transportation
Chipotle,restaurant delivery dinner,21.45,Food & Dining
Chipotle,delivery dinner,261.38,Food & Dining
Local Clinic,doctor medical,310.85,Healthcare
Local Restaurant,dinner,518.97,Food & Dining
Xbox,streaming movie #2211,41.87,Entertainment
McDonalds,meal dinner takeout,82.3,Food & Dining
Pizza Hut,delivery meal restaurant,161.19,Food & Dining
Water Service,payment utility,85.48,Bills & Utilities
Verizon,monthly bill utility,858.09,Bills & Utilities
Metro,taxi ride gas #1197,28.06,Transportation
Miscellaneous,misc other payment #8224,772.18,Others
Local Clinic,medical health,405.71,Healthcare
Kroger,meat food,158.19,Groceries
Walgreens,medical health,249.05,Healthcare
Metro,transit taxi transportation #7144,64.86,Transportation
Target,electronics purchase accessories,130.46,Shopping
Metro,gas fuel,35.33,Transportation
Trader Joes,dairy meat groceries,83.3,Groceries
AMC Theaters,streaming,23.62,Entertainment
Chipotle,lunch restaurant #9658,343.8,Food & Dining
Spotify,music streaming entertainment,23.34,Entertainment
Steam,game music,34.48,Entertainment
Electric Company,service monthly utility,174.42,Bills & Utilities
Pizza Hut,meal dinner restaurant,219.79,Food & Dining
Metro,ride taxi #1205,11.1,Transportation
Target,purchase shoes accessories,250.4,Shopping
Pizza Hut,delivery restaurant,234.98,Food & Dining
CVS,doctor,333.11,Healthcare
Netflix,game movie entertainment #6147,40.69,Entertainment
Chipotle,dinner meal lunch,804.59,Food & Dining
Safeway,groceries,89.1,Groceries
BP,transportation taxi,17.57,Transportation
H&M,purchase,32.7,Shopping
Safeway,groceries dairy,143.45,Groceries
Netflix,music movie,44.17,Entertainment
Miscellaneous,misc #9156,494.64,Others
Spotify,movie music game #2506,10.44,Entertainment
Quest Diagnostics,health medicine prescription #9465,208.0,Healthcare
Verizon,service,559.43,Bills & Utilities
Netflix,streaming game movie,46.9,Entertainment
Metro,transportation #7367,49.52,Transportation
Metro,transit,46.18,Transportation
Walgreens,doctor #7766,436.86,Healthcare
Steam,game,18.47,Entertainment
Best Buy,purchase,242.7,Shopping
BP,gas transportation fuel #7030,21.72,Transportation
BP,ride gas fuel #5391,11.67,Transportation
Shell,fuel gas transportation,31.01,Transportation
CVS,prescription #6143,328.28,Healthcare
AT&T,payment bill monthly,877.04,Bills & Utilities
AMC Theaters,entertainment streaming movie,16.38,Entertainment
AMC Theaters,streaming game music #9145,40.77,Entertainment
Netflix,music movie,30.95,Entertainment
Unknown Vendor,other service #5903,816.74,Others
Local Restaurant,restaurant delivery,52.02,Food & Dining
McDonalds,meal restaurant takeout,519.83,Food & Dining
Lyft,ride gas,35.61,Transportation
Various Services,other misc #1531,781.95,Others
Best Buy,clothes shoes electronics,69.41,Shopping
Miscellaneous,service general #2228,131.53,Others
AMC Theaters,game music entertainment,15.18,Entertainment
Steam,game,32.59,Entertainment
Local Clinic,health medical doctor,168.53,Healthcare
Local Restaurant,restaurant meal,786.16,Food & Dining
Water Service,bill monthly,130.1,Bills & Utilities
Safeway,food,195.93,Groceries
Walmart,bread #8399,76.05,Groceries
Local Restaurant,takeout meal dinner,403.46,Food & Dining
Chipotle,delivery takeout,281.92,Food & Dining
Target,shoes accessories #5103,134.42,Shopping
Lyft,fuel gas #6848,35.16,Transportation
Best Buy,accessories purchase shoes,147.51,Shopping
Unknown Vendor,service misc payment,63.7,Others
Miscellaneous,service general,963.82,Others
Local Restaurant,meal,32.98,Food & Dining
Lyft,transportation ride fuel #5823,60.57,Transportation
Amazon,electronics purchase accessories #4505,216.6,Shopping
Trader Joes,groceries meat food #9362,57.45,Groceries
AT&T,service,96.07,Bills & Utilities
Local Clinic,doctor medical health,251.1,Healthcare
Water Service,service monthly payment,33.19,Bills & Utilities
AT&T,payment,842.18,Bills & Utilities
Electric Company,bill service,954.79,Bills & Utilities
Pizza Hut,delivery meal dinner,62.02,Food & Dining
Spotify,entertainment #8911,41.76,Entertainment
Electric Company,service utility #3575,59.87,Bills & Utilities
H&M,electronics clothes,23.59,Shopping
Nike,shoes purchase electronics #3920,230.4,Shopping
AT&T,bill,817.95,Bills & Utilities
Various Services,misc general payment,455.88,Others
Xbox,streaming game,26.41,Entertainment
Subway,delivery,382.52,Food & Dining
Local Clinic,health medical doctor #3813,429.88,Healthcare
Unknown Vendor,service #5399,341.49,Others
AT&T,utility,773.89,Bills & Utilities
Metro,transportation #5948,34.92,Transportation
Unknown Vendor,payment general misc,428.25,Others
AT&T,bill service monthly,947.63,Bills & Utilities
Chipotle,delivery restaurant dinner,606.51,Food & Dining
Local Restaurant,meal restaurant delivery,279.58,Food & Dining
Kroger,dairy bread,43.05,Groceries
Water Service,bill service #6113,141.59,Bills & Utilities
Chipotle,delivery takeout,141.06,Food & Dining
Unknown Vendor,payment service,946.05,Others
Miscellaneous,misc,406.96,Others
Unknown Vendor,payment other #6371,389.75,Others
Various Services,payment service,881.1,Others
Lyft,gas taxi,21.07,Transportation
H&M,shoes accessories,271.03,Shopping
Local Clinic,medicine,155.42,Healthcare
Subway,lunch dinner,459.38,Food & Dining
McDonalds,takeout meal #2809,873.98,Food & Dining
Pizza Hut,lunch,135.67,Food & Dining
Nike,shoes electronics accessories,188.1,Shopping
AT&T,service payment,789.69,Bills & Utilities
Water Service,payment,637.95,Bills & Utilities
McDonalds,restaurant,227.68,Food & Dining
Whole Foods,dairy groceries #6258,54.64,Groceries
Chipotle,meal delivery,467.43,Food & Dining
Water Service,utility service monthly,507.71,Bills & Utilities
Water Service,payment,786.92,Bills & Utilities
Miscellaneous,misc payment #4666,887.08,Others
AMC Theaters,entertainment streaming music #8373,19.85,Entertainment
Pizza Hut,dinner takeout,745.15,Food & Dining
Electric Company,monthly payment utility,754.37,Bills & Utilities
H&M,accessories clothes electronics #1048,90.3,Shopping
Verizon,utility #7748,862.2,Bills & Utilities
Whole Foods,bread meat food,24.22,Groceries
Amazon,purchase,264.4,Shopping
Nike,shoes electronics accessories,86.33,Shopping
McDonalds,dinner restaurant lunch,732.06,Food & Dining
Water Service,payment service utility,546.16,Bills & Utilities
Electric Company,bill payment monthly,106.91,Bills & Utilities
BP,fuel gas,16.58,Transportation
Chipotle,restaurant meal dinner #2573,669.55,Food & Dining
Xbox,movie game streaming,26.37,Entertainment
Unknown Vendor,other,45.36,Others
Whole Foods,dairy groceries #6646,25.3,Groceries
Chipotle,takeout #6387,767.78,Food & Dining
Unknown Vendor,other,377.44,Others
BP,fuel transit taxi #5881,64.07,Transportation
Shell,taxi #3096,20.72,Transportation
Spotify,entertainment streaming music,44.67,Entertainment
Target,electronics purchase,209.63,Shopping
Quest Diagnostics,medical medicine doctor,179.47,Healthcare
Shell,taxi,44.0,Transportation
Metro,transportation taxi #2027,17.82,Transportation
Netflix,music movie entertainment,35.26,Entertainment
Local Clinic,medical doctor,351.8,Healthcare
Trader Joes,bread,180.28,Groceries
AMC Theaters,music game entertainment #1857,11.07,Entertainment
Quest Diagnostics,health prescription medicine,23.47,Healthcare
Steam,music,17.46,Entertainment
Safeway,meat,43.68,Groceries
Target,shoes clothes #9064,171.63,Shopping
Local Restaurant,restaurant dinner,699.38,Food & Dining
Local Restaurant,delivery #7483,882.22,Food & Dining
Verizon,monthly payment utility,647.75,Bills & Utilities
Whole Foods,meat produce,124.51,Groceries
Electric Company,monthly,980.14,Bills & Utilities
Trader Joes,meat produce #6548,109.93,Groceries
Walgreens,doctor #5326,290.33,Healthcare
Kroger,produce meat,131.62,Groceries
AMC Theaters,streaming entertainment movie,27.61,Entertainment
Verizon,service #5621,616.69,Bills & Utilities
Whole Foods,meat,80.92,Groceries
AT&T,service bill,448.87,Bills & Utilities
BP,ride gas #2937,75.85,Transportation
Trader Joes,meat,183.53,Groceries
Netflix,music,28.9,Entertainment
Trader Joes,meat food produce #6112,117.62,Groceries
Unknown Vendor,other service general,359.5,Others
McDonalds,restaurant delivery takeout,792.0,Food & Dining
Uber,transit fuel transportation,6.73,Transportation
Local Clinic,health #9319,28.17,Healthcare
Various Services,payment,51.92,Others
Safeway,dairy #6541,80.77,Groceries
Kroger,food meat,92.53,Groceries
Verizon,bill,961.12,Bills & Utilities
Unknown Vendor,general misc service,379.68,Others
Unknown Vendor,service misc #3277,500.64,Others
Spotify,entertainment music #4319,29.24,Entertainment
Shell,transit ride transportation,69.72,Transportation
Metro,gas fuel,50.9,Transportation
Verizon,utility,808.75,Bills & Utilities
Subway,meal restaurant,808.39,Food & Dining
Xbox,streaming movie,22.52,Entertainment
Pizza Hut,restaurant lunch takeout,516.73,Food & Dining
CVS,prescription,410.87,Healthcare
Steam,movie game entertainment,14.88,Entertainment
H&M,purchase clothes #5581,36.23,Shopping
CVS,medicine medical,359.03,Healthcare
Kroger,groceries,35.83,Groceries
Local Restaurant,meal,239.77,Food & Dining
Spotify,streaming game,22.28,Entertainment
Quest Diagnostics,health prescription doctor,228.45,Healthcare
Walgreens,medical prescription,410.77,Healthcare
BP,transit,12.23,Transportation
Whole Foods,groceries,83.76,Groceries
Nike,shoes clothes purchase,27.76,Shopping
Various Services,payment misc #6220,689.81,Others
AMC Theaters,game,33.27,Entertainment
Walgreens,doctor,312.39,Healthcare
Shell,fuel gas #1552,66.66,Transportation
Best Buy,accessories,255.94,Shopping
Electric Company,payment monthly #3884,857.01,Bills & Utilities
McDonalds,restaurant lunch takeout #2744,924.14,Food & Dining
Electric Company,service,389.7,Bills & Utilities
McDonalds,dinner takeout,666.73,Food & Dining
Walgreens,doctor health medicine,389.21,Healthcare
McDonalds,takeout restaurant dinner,478.7,Food & Dining
Water Service,monthly service,565.83,Bills & Utilities
AT&T,utility,99.95,Bills & Utilities
Steam,movie music entertainment,10.26,Entertainment
AMC Theaters,movie game,13.77,Entertainment
Amazon,shoes electronics #3276,277.78,Shopping
AMC Theaters,entertainment streaming,10.92,Entertainment
Trader Joes,produce food,54.57,Groceries
Amazon,shoes purchase clothes,30.31,Shopping
Amazon,purchase,33.34,Shopping
Subway,takeout lunch dinner #2410,721.65,Food & Dining
McDonalds,takeout meal restaurant,846.11,Food & Dining
Walmart,groceries,97.25,Groceries
Uber,ride transit transportation,7.71,Transportation
Amazon,clothes,287.18,Shopping
McDonalds,takeout restaurant,830.84,Food & Dining
Kroger,produce dairy,86.84,Groceries
Netflix,movie #7573,36.19,Entertainment
Various Services,payment service misc,176.01,Others
Best Buy,clothes purchase,296.83,Shopping
Best Buy,shoes clothes #3359,245.02,Shopping
Lyft,gas taxi #8409,47.57,Transportation
Local Clinic,medicine medical,76.35,Healthcare
Water Service,utility service,778.71,Bills & Utilities
McDonalds,meal lunch,766.08,Food & Dining
Walgreens,health medical,438.22,Healthcare
Local Clinic,health prescription doctor,229.52,Healthcare
Electric Company,service monthly #4828,148.42,Bills & Utilities
Walmart,bread produce meat #6674,79.76,Groceries
Target,purchase shoes,261.39,Shopping
Chipotle,delivery #4895,102.24,Food & Dining
Amazon,purchase shoes,229.6,Shopping
Lyft,taxi fuel ride,66.56,Transportation
Lyft,ride,33.52,Transportation
H&M,shoes electronics,128.85,Shopping
Lyft,fuel taxi #2701,52.23,Transportation
Verizon,service #7292,322.11,Bills & Utilities
Shell,transportation gas taxi #7229,57.6,Transportation
Quest Diagnostics,medicine health,135.71,Healthcare
Safeway,meat bread produce,194.44,Groceries
Local Clinic,prescription #9760,424.58,Healthcare
Water Service,utility service bill,311.21,Bills & Utilities
Metro,transportation ride fuel,51.96,Transportation
Electric Company,utility service #2497,488.03,Bills & Utilities
Various Services,general service,512.03,Others
Verizon,payment bill,868.81,Bills & Utilities
Nike,clothes electronics #7380,272.26,Shopping
Walmart,dairy groceries,29.39,Groceries
CVS,doctor prescription #9580,253.12,Healthcare
AMC Theaters,music game #6665,27.23,Entertainment
Safeway,food meat,145.35,Groceries
Local Clinic,doctor prescription,87.48,Healthcare
Miscellaneous,general payment misc #2874,424.14,Others
H&M,electronics shoes,283.92,Shopping
Pizza Hut,meal dinner delivery,484.45,Food & Dining
Subway,meal #1663,58.33,Food & Dining
Walmart,produce food bread,128.47,Groceries
Kroger,bread dairy,136.15,Groceries
McDonalds,dinner,518.85,Food & Dining
Whole Foods,food,37.08,Groceries
Xbox,game,12.18,Entertainment
Shell,gas,11.61,Transportation
Subway,restaurant,376.87,Food & Dining
Nike,shoes,33.33,Shopping
Verizon,bill,99.16,Bills & Utilities
Various Services,misc other,728.59,Others
Unknown Vendor,other misc payment,318.13,Others
Local Clinic,doctor,49.54,Healthcare
Walmart,bread produce #9614,110.72,Groceries
Lyft,ride,19.6,Transportation
Unknown Vendor,other payment misc,798.54,Others
Subway,delivery lunch dinner #5198,197.8,Food & Dining
Miscellaneous,other,667.26,Others
Walgreens,medical medicine prescription,361.88,Healthcare
Spotify,streaming game,27.38,Entertainment
Spotify,movie game entertainment #4856,14.73,Entertainment
Amazon,shoes,134.36,Shopping
McDonalds,restaurant lunch meal,801.71,Food & Dining
Various Services,misc service general,619.72,Others
Walmart,produce bread,79.86,Groceries
CVS,health prescription medical,217.06,Healthcare
Verizon,bill utility monthly,496.15,Bills & Utilities
Unknown Vendor,service,821.28,Others
Xbox,movie streaming entertainment,26.59,Entertainment
Lyft,ride #4548,60.92,Transportation
Whole Foods,produce #1643,66.92,Groceries
Walmart,meat groceries dairy #8925,94.54,Groceries
Verizon,bill utility service #1364,668.84,Bills & Utilities
Netflix,game movie streaming #3786,47.5,Entertainment
Best Buy,electronics,146.78,Shopping
Netflix,game,17.64,Entertainment
Safeway,groceries dairy,128.42,Groceries
Steam,streaming entertainment music,36.33,Entertainment
Miscellaneous,other,147.31,Others
Metro,transportation transit fuel,40.35,Transportation
Spotify,music,48.92,Entertainment
Walmart,bread dairy meat,171.58,Groceries
Kroger,bread produce,102.46,Groceries
Unknown Vendor,service,660.6,Others
Water Service,monthly utility payment #7127,663.34,Bills & Utilities
Electric Company,utility payment,636.59,Bills & Utilities
Walgreens,health doctor prescription,228.56,Healthcare
Walgreens,doctor health #6203,48.81,Healthcare
Metro,transportation fuel,9.71,Transportation
Whole Foods,groceries produce dairy #9188,82.92,Groceries
Pizza Hut,restaurant delivery takeout,572.15,Food & Dining
Unknown Vendor,payment other misc #9590,553.65,Others
Netflix,entertainment streaming #8552,14.26,Entertainment
H&M,purchase electronics accessories,101.7,Shopping
Amazon,electronics clothes #8019,294.95,Shopping
Walgreens,medical prescription medicine,354.72,Healthcare
Water Service,bill utility service,66.92,Bills & Utilities
Netflix,entertainment music,34.41,Entertainment
Uber,fuel transportation #2752,78.89,Transportation
Amazon,accessories purchase clothes,152.25,Shopping
Various Services,service misc,546.72,Others
McDonalds,restaurant lunch,412.36,Food & Dining
Unknown Vendor,other,577.69,Others
Uber,fuel transportation,14.94,Transportation
Subway,delivery meal lunch,437.42,Food & Dining
Local Restaurant,meal takeout #9003,251.67,Food & Dining
Water Service,bill service utility,612.05,Bills & Utilities
Spotify,entertainment movie #5975,30.91,Entertainment
Nike,electronics accessories clothes #3516,126.65,Shopping
Walmart,food dairy bread #6529,125.74,Groceries
Lyft,ride,63.95,Transportation
AT&T,service utility,285.95,Bills & Utilities
Safeway,bread groceries dairy #7568,116.27,Groceries
Amazon,shoes,295.49,Shopping
Xbox,entertainment streaming music,37.69,Entertainment
Electric Company,payment utility,489.43,Bills & Utilities
Miscellaneous,service general payment #4156,765.18,Others
CVS,doctor medical health #6762,93.38,Healthcare
Quest Diagnostics,medical prescription health,278.19,Healthcare
Walgreens,medical,304.58,Healthcare
Shell,transportation,40.54,Transportation
Whole Foods,groceries,35.24,Groceries
Unknown Vendor,other,368.17,Others
Miscellaneous,payment,187.96,Others
Netflix,music streaming movie,26.81,Entertainment
Walgreens,medical,261.31,Healthcare
Various Services,misc payment general #7545,824.96,Others
Local Clinic,medical prescription health #6736,312.5,Healthcare
Various Services,misc service,92.58,Others
Walgreens,prescription health #6698,99.03,Healthcare
Kroger,dairy,54.05,Groceries
Best Buy,shoes purchase clothes #7738,107.02,Shopping
Unknown Vendor,misc other,66.79,Others
Metro,ride taxi,24.79,Transportation
Electric Company,payment service utility,356.0,Bills & Utilities
Various Services,other general,533.81,Others
Unknown Vendor,service,304.23,Others
Safeway,meat,21.98,Groceries
Kroger,dairy groceries #6061,172.12,Groceries
Target,clothes purchase electronics,222.19,Shopping
Netflix,movie music,48.74,Entertainment
Trader Joes,meat,86.41,Groceries
Lyft,taxi gas fuel,54.23,Transportation
H&M,purchase accessories electronics,235.95,Shopping
H&M,shoes purchase,215.29,Shopping
AMC Theaters,entertainment game movie,27.65,Entertainment
Kroger,dairy,183.35,Groceries
AMC Theaters,streaming,48.44,Entertainment
H&M,purchase clothes,159.52,Shopping
Various Services,general #8968,188.16,Others
Electric Company,service monthly payment #4919,916.27,Bills & Utilities
Amazon,shoes clothes accessories,156.96,Shopping
Metro,fuel taxi,61.1,Transportation
Chipotle,dinner #8146,758.15,Food & Dining
Various Services,service,157.39,Others
Trader Joes,food #3140,110.71,Groceries
Water Service,monthly utility,335.87,Bills & Utilities
Chipotle,lunch takeout,237.97,Food & Dining
Pizza Hut,lunch delivery,535.36,Food & Dining
Pizza Hut,dinner,729.42,Food & Dining
Best Buy,electronics accessories #6245,207.72,Shopping
Safeway,produce,111.25,Groceries
Various Services,general misc,614.23,Others
Various Services,other,879.13,Others
Target,accessories clothes electronics,24.51,Shopping
Metro,transit fuel transportation #4781,78.93,Transportation
Shell,fuel gas taxi,23.6,Transportation
Miscellaneous,general service #2493,150.56,Others
Subway,lunch dinner #7905,753.73,Food & Dining
Unknown Vendor,general,766.38,Others
Electric Company,utility payment bill,619.12,Bills & Utilities
Walgreens,health doctor #3988,227.17,Healthcare
Unknown Vendor,other #9045,986.81,Others
H&M,purchase clothes shoes,118.14,Shopping
Best Buy,accessories purchase,22.46,Shopping
Safeway,bread dairy,114.29,Groceries
Steam,streaming,48.73,Entertainment
Uber,transit transportation ride,70.76,Transportation
Subway,takeout restaurant delivery,489.57,Food & Dining
AMC Theaters,game #4884,27.35,Entertainment
Kroger,food groceries meat,148.77,Groceries
Spotify,streaming game music #7529,15.36,Entertainment
H&M,electronics shoes accessories,58.84,Shopping
Subway,dinner,693.71,Food & Dining
Local Clinic,prescription,33.52,Healthcare
Verizon,utility #3026,114.65,Bills & Utilities
Amazon,clothes accessories purchase,105.28,Shopping
Electric Company,service monthly payment,872.19,Bills & Utilities
McDonalds,dinner takeout,848.57,Food & Dining
AT&T,utility monthly,245.05,Bills & Utilities
Lyft,taxi transit ride #9143,77.74,Transportation
Steam,game entertainment #6684,22.32,Entertainment
Whole Foods,bread produce food,36.06,Groceries
Amazon,accessories,63.0,Shopping
CVS,prescription health,359.78,Healthcare
Various Services,payment service,245.23,Others
Miscellaneous,service,71.01,Others
Lyft,fuel ride,6.67,Transportation
Chipotle,delivery dinner meal,837.2,Food & Dining
Whole Foods,meat bread,104.66,Groceries
Kroger,produce groceries #6094,157.37,Groceries
Best Buy,clothes purchase,47.31,Shopping
Miscellaneous,other #6321,926.18,Others
Metro,taxi transportation gas,39.83,Transportation
Local Clinic,prescription,40.03,Healthcare
Nike,shoes electronics accessories,82.01,Shopping
Unknown Vendor,service misc payment #4857,251.39,Others
Electric Company,service bill,814.55,Bills & Utilities
Xbox,entertainment #1884,22.35,Entertainment
Various Services,payment other,991.71,Others
Steam,streaming movie,18.81,Entertainment
Best Buy,purchase accessories #2173,62.22,Shopping
Subway,restaurant takeout dinner,707.12,Food & Dining
Unknown Vendor,service general payment,924.56,Others
Netflix,movie entertainment music,24.82,Entertainment
Steam,music game,35.9,Entertainment
Local Clinic,medicine doctor health,304.49,Healthcare
Subway,lunch,713.67,Food & Dining
Target,purchase accessories shoes,210.37,Shopping
AT&T,monthly payment,680.89,Bills & Utilities
Various Services,misc other,286.38,Others
Verizon,bill,653.5,Bills & Utilities
Various Services,misc service,321.8,Others
H&M,shoes,39.5,Shopping
Whole Foods,meat produce,86.06,Groceries
Local Restaurant,takeout #5344,368.53,Food & Dining
Shell,transit taxi ride,32.31,Transportation
Various Services,misc payment service,131.81,Others
Water Service,service utility,470.86,Bills & Utilities
Miscellaneous,general other,69.22,Others
AMC Theaters,streaming music movie #8017,47.03,Entertainment
Various Services,payment service misc,245.3,Others
Uber,ride transit taxi #8958,76.78,Transportation
BP,fuel transit #4555,16.52,Transportation
Spotify,game #4638,43.09,Entertainment
Local Clinic,prescription medical health,191.75,Healthcare
Steam,music movie,37.77,Entertainment
Target,clothes purchase,194.83,Shopping
Xbox,streaming #4487,37.91,Entertainment
Chipotle,delivery,945.82,Food & Dining
Trader Joes,groceries dairy,164.3,Groceries
Amazon,clothes accessories,151.08,Shopping
Xbox,music,42.81,Entertainment
Miscellaneous,other,409.76,Others
Walgreens,medicine,329.82,Healthcare
Unknown Vendor,general misc payment #4203,278.51,Others
Kroger,dairy,157.81,Groceries
Spotify,movie,21.62,Entertainment
Various Services,service misc,66.47,Others
Uber,transit gas ride,70.73,Transportation
Various Services,misc payment,265.13,Others
Walmart,bread meat groceries,117.55,Groceries
Trader Joes,produce,67.92,Groceries
Walgreens,medical health doctor #9770,178.23,Healthcare
Various Services,misc #9655,11.57,Others
Various Services,other service,201.88,Others
Nike,accessories shoes clothes,282.5,Shopping
Walmart,bread dairy meat #9454,117.58,Groceries
Local Restaurant,restaurant,373.34,Food & Dining
Xbox,music game movie,36.1,Entertainment
Miscellaneous,payment misc service,667.31,Others
Verizon,utility payment service,677.48,Bills & Utilities
Amazon,clothes purchase,64.04,Shopping
Local Clinic,health medical,170.04,Healthcare
Electric Company,bill monthly #2564,617.12,Bills & Utilities
BP,ride fuel,52.39,Transportation
Metro,transit fuel transportation,39.6,Transportation
Trader Joes,produce meat,138.61,Groceries
Best Buy,shoes,219.59,Shopping
Unknown Vendor,general misc service,145.54,Others
Uber,gas transportation,28.27,Transportation
Walgreens,doctor #9749,441.86,Healthcare
Metro,transportation transit,33.07,Transportation
CVS,prescription health doctor,463.8,Healthcare
Walgreens,doctor health,90.55,Healthcare
Water Service,monthly service utility #2498,196.46,Bills & Utilities
Miscellaneous,payment other #8575,97.9,Others
Amazon,purchase shoes,175.61,Shopping
Walgreens,medicine doctor #2456,448.97,Healthcare
CVS,doctor prescription,185.27,Healthcare
Subway,restaurant,445.91,Food & Dining
Miscellaneous,service,427.11,Others
Steam,game,45.39,Entertainment
Local Restaurant,takeout restaurant,496.55,Food & Dining
Netflix,music,24.09,Entertainment
Whole Foods,groceries,84.56,Groceries
McDonalds,lunch,717.87,Food & Dining
Uber,gas fuel,72.21,Transportation
Walgreens,medical prescription #1104,293.24,Healthcare
Verizon,bill #5069,784.23,Bills & Utilities
Water Service,utility monthly #8185,459.51,Bills & Utilities
CVS,medicine #9868,50.61,Healthcare
Subway,takeout restaurant meal #7431,128.26,Food & Dining
Chipotle,meal takeout restaurant,407.42,Food & Dining
Spotify,music game streaming #7410,49.57,Entertainment
Lyft,transit taxi fuel #8333,35.35,Transportation
Subway,delivery,551.93,Food & Dining
Water Service,monthly,370.11,Bills & Utilities
Miscellaneous,other,83.34,Others
H&M,accessories purchase clothes,98.99,Shopping
Best Buy,accessories electronics clothes #5420,286.54,Shopping
Lyft,transit ride #6772,58.9,Transportation
Shell,gas taxi transit,8.43,Transportation
Target,clothes electronics purchase,270.8,Shopping
Walgreens,medical health prescription,250.77,Healthcare
Metro,transportation fuel #1539,6.93,Transportation
Nike,accessories electronics clothes,196.68,Shopping
AT&T,payment monthly service #6360,897.63,Bills & Utilities
Electric Company,utility service #4155,162.01,Bills & Utilities
H&M,electronics accessories purchase,100.74,Shopping
AT&T,bill,256.75,Bills & Utilities
Local Clinic,prescription medical,435.95,Healthcare
Spotify,music movie,32.48,Entertainment
Local Restaurant,lunch restaurant,247.05,Food & Dining
Trader Joes,dairy #8561,28.28,Groceries
AMC Theaters,music movie entertainment,17.39,Entertainment
Nike,shoes,249.79,Shopping
Shell,transportation fuel,46.14,Transportation
Walmart,dairy,134.85,Groceries
Local Restaurant,meal #6312,778.03,Food & Dining
Amazon,electronics shoes #8989,212.76,Shopping
Local Clinic,medical medicine health,99.88,Healthcare
Spotify,music,49.33,Entertainment
Steam,streaming #2718,39.57,Entertainment
Metro,gas,17.62,Transportation
Various Services,misc other,676.11,Others
Unknown Vendor,other #1479,400.68,Others
Walmart,dairy food,99.52,Groceries
Walmart,groceries bread,74.77,Groceries
Trader Joes,dairy meat,72.57,Groceries
Safeway,groceries dairy #7555,144.93,Groceries
Amazon,accessories,237.19,Shopping
Best Buy,electronics,150.32,Shopping
Verizon,payment,607.87,Bills & Utilities
Target,clothes electronics #6067,46.43,Shopping
Safeway,groceries bread #9758,60.57,Groceries
Target,purchase,135.51,Shopping
Local Restaurant,dinner delivery takeout,974.58,Food & Dining
Local Clinic,health medical doctor #5464,329.84,Healthcare
Uber,fuel ride,69.15,Transportation
Target,purchase clothes,180.52,Shopping
Subway,delivery takeout #3307,140.75,Food & Dining
AT&T,payment,952.3,Bills & Utilities
Safeway,produce food meat,83.47,Groceries
Unknown Vendor,service other misc,986.33,Others
Steam,movie,11.59,Entertainment
Walgreens,health medicine prescription,211.75,Healthcare
CVS,medical #3051,486.89,Healthcare
Walgreens,health prescription,377.36,Healthcare
Subway,delivery takeout restaurant,251.47,Food & Dining
Local Restaurant,delivery lunch restaurant,514.57,Food & Dining
Metro,fuel ride #9530,51.09,Transportation
Electric Company,service monthly payment #1021,642.91,Bills & Utilities
Walmart,bread dairy produce #2977,128.42,Groceries
Trader Joes,dairy produce #3977,73.82,Groceries
Metro,taxi fuel transportation,25.82,Transportation
Target,shoes,217.62,Shopping
Miscellaneous,misc payment general,57.47,Others
AT&T,utility bill,799.57,Bills & Utilities
Nike,purchase,71.55,Shopping
Miscellaneous,other misc #4257,492.38,Others
Water Service,utility,702.48,Bills & Utilities
Uber,transportation,78.16,Transportation
Uber,taxi #2538,75.23,Transportation
Steam,entertainment movie,28.3,Entertainment
Electric Company,payment utility,538.41,Bills & Utilities
Miscellaneous,service,469.45,Others
AMC Theaters,movie entertainment,14.33,Entertainment
Verizon,utility bill #2463,27.26,Bills & Utilities
Nike,clothes,60.09,Shopping
AMC Theaters,streaming music,45.37,Entertainment
McDonalds,meal #1320,994.01,Food & Dining
Lyft,ride transportation gas,44.34,Transportation
Target,shoes clothes accessories #4980,245.26,Shopping
Miscellaneous,payment service misc,390.32,Others
Various Services,misc other general #4905,585.05,Others
Electric Company,monthly,723.87,Bills & Utilities
AMC Theaters,movie,48.59,Entertainment
Safeway,produce,197.11,Groceries
Best Buy,purchase,15.09,Shopping
BP,taxi,60.42,Transportation
Various Services,payment service misc,898.32,Others
Steam,game #1189,12.87,Entertainment
Various Services,misc,133.62,Others
Electric Company,payment monthly,749.77,Bills & Utilities
Steam,entertainment,11.8,Entertainment
Electric Company,payment bill service #7966,854.75,Bills & Utilities
Xbox,streaming,37.01,Entertainment
Spotify,streaming entertainment #2995,24.97,Entertainment
Whole Foods,groceries food,26.51,Groceries
Verizon,utility,32.06,Bills & Utilities
McDonalds,takeout delivery lunch #2459,625.23,Food & Dining
Local Restaurant,dinner lunch delivery,402.71,Food & Dining
Lyft,transportation gas taxi #4820,17.02,Transportation
Water Service,bill service,478.41,Bills & Utilities
Local Clinic,health #3531,335.03,Healthcare
Quest Diagnostics,medicine,74.04,Healthcare
Chipotle,meal,710.44,Food & Dining
McDonalds,delivery restaurant,200.91,Food & Dining
Shell,transit,9.02,Transportation
AMC Theaters,entertainment music #2429,13.87,Entertainment
Amazon,electronics purchase #5374,191.27,Shopping
Chipotle,meal,46.1,Food & Dining
Unknown Vendor,general,70.1,Others
Nike,shoes purchase,78.78,Shopping
Various Services,service payment,523.21,Others
Whole Foods,bread,147.4,Groceries
Nike,accessories clothes shoes #3565,254.85,Shopping
Walmart,dairy meat food,49.64,Groceries
Local Clinic,health,470.25,Healthcare
Chipotle,lunch delivery meal,472.8,Food & Dining
Shell,ride #5373,12.9,Transportation
Electric Company,payment,198.22,Bills & Utilities
Whole Foods,food groceries,166.29,Groceries
Verizon,monthly #1451,528.88,Bills & Utilities
AT&T,payment #8189,712.15,Bills & Utilities
Local Restaurant,restaurant lunch,206.53,Food & Dining
Electric Company,monthly bill,29.75,Bills & Utilities
Shell,gas transit transportation #1362,33.13,Transportation
Trader Joes,dairy meat,152.06,Groceries
Verizon,service,112.77,Bills & Utilities
AT&T,monthly utility payment,828.69,Bills & Utilities
Quest Diagnostics,prescription doctor medicine,122.42,Healthcare
Trader Joes,meat groceries bread,135.35,Groceries
Uber,gas transit,12.15,Transportation
Lyft,transportation fuel taxi,28.28,Transportation
Netflix,entertainment movie,40.89,Entertainment
CVS,prescription,229.72,Healthcare
Steam,streaming,38.8,Entertainment
Local Clinic,medical medicine health #6038,23.91,Healthcare
Chipotle,restaurant,510.2,Food & Dining
Unknown Vendor,general service,376.67,Others
Local Restaurant,restaurant meal dinner,755.3,Food & Dining
Nike,electronics accessories shoes,272.22,Shopping
Chipotle,meal takeout delivery,486.31,Food & Dining
Uber,gas transportation transit #6302,62.79,Transportation
Whole Foods,meat,112.67,Groceries
Shell,transit gas fuel,18.99,Transportation
Electric Company,monthly #5350,698.54,Bills & Utilities
AMC Theaters,game movie,47.7,Entertainment
Netflix,movie game,24.16,Entertainment
AT&T,monthly #7024,589.09,Bills & Utilities
Water Service,service bill payment,604.65,Bills & Utilities
Uber,ride taxi,18.6,Transportation
Amazon,clothes,284.59,Shopping
Quest Diagnostics,prescription,206.86,Healthcare
AT&T,utility bill monthly,973.04,Bills & Utilities
Electric Company,service monthly,644.54,Bills & Utilities
Safeway,produce,172.98,Groceries
Quest Diagnostics,health doctor medical #8713,324.37,Healthcare
Unknown Vendor,general other,65.55,Others
Local Clinic,prescription,86.76,Healthcare
Quest Diagnostics,medical health doctor #2274,42.74,Healthcare
Trader Joes,food meat #6584,122.31,Groceries
Various Services,other payment general,104.7,Others
Walgreens,doctor prescription medicine,153.99,Healthcare
Chipotle,restaurant meal,276.19,Food & Dining
Miscellaneous,other #4280,853.31,Others
Xbox,game #5403,42.04,Entertainment
Local Clinic,prescription health doctor #7881,480.4,Healthcare
Verizon,monthly payment,705.76,Bills & Utilities
Safeway,dairy,187.76,Groceries
Electric Company,bill monthly #5381,159.6,Bills & Utilities
Verizon,utility bill service,536.64,Bills & Utilities
Miscellaneous,payment service general,303.24,Others
Nike,purchase #9903,142.81,Shopping
Amazon,clothes accessories purchase,81.14,Shopping
Lyft,transportation,31.6,Transportation
Lyft,taxi ride #6465,43.88,Transportation
AMC Theaters,game #9021,30.96,Entertainment
Subway,lunch delivery,511.63,Food & Dining
Chipotle,lunch meal #7870,309.71,Food & Dining
Steam,movie streaming #1975,36.44,Entertainment
Walmart,dairy #4551,63.3,Groceries
Local Clinic,prescription health,108.08,Healthcare
Chipotle,restaurant,50.59,Food & Dining
McDonalds,lunch #5059,805.88,Food & Dining
Xbox,movie #7417,48.82,Entertainment
Local Clinic,medicine health doctor #3032,116.88,Healthcare
Spotify,movie #1202,26.45,Entertainment
Electric Company,monthly,290.57,Bills & Utilities
Water Service,payment utility monthly #5426,865.56,Bills & Utilities
Pizza Hut,dinner,335.69,Food & Dining
Pizza Hut,delivery lunch restaurant,632.2,Food & Dining
Unknown Vendor,payment #6157,884.87,Others
Unknown Vendor,general,826.79,Others
Verizon,payment bill #7835,843.33,Bills & Utilities
Target,electronics,52.79,Shopping
McDonalds,restaurant takeout lunch #7679,715.43,Food & Dining
CVS,prescription,373.59,Healthcare
Xbox,game,22.07,Entertainment
CVS,health medical medicine,258.48,Healthcare
Shell,fuel transportation #9518,74.61,Transportation
Walmart,groceries bread produce,173.53,Groceries
CVS,doctor prescription #1466,306.16,Healthcare
Whole Foods,food #2150,112.29,Groceries
Local Restaurant,takeout dinner lunch #2561,720.04,Food & Dining
Electric Company,bill service utility,977.87,Bills & Utilities
Lyft,gas transportation,66.24,Transportation
Local Restaurant,delivery,644.77,Food & Dining
Water Service,service #6438,627.01,Bills & Utilities
Water Service,service,172.46,Bills & Utilities
Shell,transportation,62.48,Transportation
Spotify,entertainment game music,15.14,Entertainment
Nike,clothes accessories,83.66,Shopping
Best Buy,accessories,74.74,Shopping
Amazon,shoes clothes accessories,97.64,Shopping
Pizza Hut,dinner,414.7,Food & Dining
Walgreens,medicine,209.06,Healthcare
Amazon,accessories #8879,257.8,Shopping
Subway,restaurant lunch,308.56,Food & Dining
Steam,music game,48.18,Entertainment
Walgreens,doctor #2520,198.27,Healthcare
Best Buy,clothes #9412,148.34,Shopping
Safeway,groceries,114.5,Groceries
Electric Company,service,221.63,Bills & Utilities
Walmart,groceries,73.67,Groceries
Xbox,entertainment music streaming,45.33,Entertainment
Pizza Hut,takeout,245.78,Food & Dining
Spotify,movie entertainment streaming #5744,36.43,Entertainment
Water Service,service bill,804.14,Bills & Utilities
Local Clinic,doctor health prescription,105.41,Healthcare
CVS,medicine #5396,36.9,Healthcare
Miscellaneous,other general misc #9040,320.36,Others
Local Clinic,prescription health #4126,284.19,Healthcare
Local Restaurant,lunch,346.91,Food & Dining
Best Buy,shoes clothes #9402,285.43,Shopping
Xbox,music entertainment game #8042,46.74,Entertainment
AT&T,service,234.34,Bills & Utilities
Subway,delivery takeout #8785,761.05,Food & Dining
Target,purchase,161.43,Shopping
Water Service,monthly #7043,778.09,Bills & Utilities
Lyft,ride #3142,7.73,Transportation
Kroger,groceries,76.51,Groceries
Unknown Vendor,service general other #5214,371.74,Others
Electric Company,utility service bill,978.36,Bills & Utilities
Walgreens,medicine doctor health,216.15,Healthcare
Target,electronics purchase clothes,214.74,Shopping
Steam,game,25.56,Entertainment
Uber,ride transportation,68.41,Transportation
Kroger,meat bread dairy,176.29,Groceries
Steam,game movie,16.51,Entertainment
Water Service,service utility bill,729.49,Bills & Utilities
Safeway,dairy food groceries,198.15,Groceries
Pizza Hut,lunch restaurant,573.04,Food & Dining
Trader Joes,dairy produce food,192.66,Groceries
Shell,ride fuel gas,30.84,Transportation
Walmart,bread groceries #1641,33.29,Groceries
Uber,fuel gas #1533,42.95,Transportation
Nike,purchase shoes,69.95,Shopping
Metro,ride taxi fuel,31.44,Transportation
Local Clinic,doctor medicine health,341.19,Healthcare
Electric Company,payment monthly service,739.7,Bills & Utilities
Whole Foods,dairy produce food,138.57,Groceries
Pizza Hut,restaurant dinner,202.33,Food & Dining
AT&T,service #1395,792.64,Bills & Utilities
CVS,health #3118,251.38,Healthcare
Whole Foods,meat,121.65,Groceries
Shell,ride,33.62,Transportation
Subway,takeout,292.61,Food & Dining
Metro,transit,58.24,Transportation
Water Service,service,152.89,Bills & Utilities
H&M,shoes purchase clothes,139.82,Shopping
Amazon,clothes purchase electronics #8451,18.8,Shopping
Local Clinic,prescription medical health #1442,199.71,Healthcare
Water Service,payment monthly utility,361.08,Bills & Utilities
Safeway,groceries dairy,123.46,Groceries
McDonalds,restaurant lunch meal,899.03,Food & Dining
Unknown Vendor,misc,872.33,Others
Various Services,misc,22.14,Others
Miscellaneous,general,457.61,Others
Lyft,gas taxi transportation #3558,31.12,Transportation
Nike,accessories purchase shoes,70.32,Shopping
Whole Foods,food bread meat #5391,128.14,Groceries
Lyft,transportation,51.95,Transportation
Walmart,dairy groceries #4705,140.82,Groceries
Pizza Hut,dinner meal restaurant,362.74,Food & Dining
BP,fuel gas,66.71,Transportation
Best Buy,clothes electronics,60.82,Shopping
Miscellaneous,other,594.89,Others
Netflix,music entertainment movie,11.29,Entertainment
Subway,restaurant takeout #6108,556.37,Food & Dining
McDonalds,dinner restaurant delivery,31.31,Food & Dining
Target,purchase clothes,110.61,Shopping
Local Clinic,doctor,75.0,Healthcare
CVS,doctor medical medicine #5217,267.33,Healthcare
Local Restaurant,dinner restaurant,714.83,Food & Dining
AMC Theaters,game music,13.41,Entertainment
Metro,transit gas #3895,73.06,Transportation
BP,ride transportation gas #3101,74.73,Transportation
CVS,prescription #6459,393.6,Healthcare
Safeway,dairy #3029,163.27,Groceries
Steam,game movie,44.09,Entertainment
Trader Joes,dairy groceries #8391,57.75,Groceries
Safeway,produce,138.55,Groceries
Trader Joes,bread,173.33,Groceries
AT&T,utility #8732,701.53,Bills & Utilities
Various Services,misc,810.65,Others
Local Clinic,medicine health,193.94,Healthcare
Steam,movie game #1600,26.62,Entertainment
Lyft,taxi transit ride,68.24,Transportation
Subway,delivery dinner,111.29,Food & Dining
BP,transportation,59.2,Transportation
Spotify,game music movie #7411,22.49,Entertainment
Unknown Vendor,payment other general #4292,95.98,Others
Metro,gas transportation,44.45,Transportation
Xbox,entertainment game movie,15.11,Entertainment
Unknown Vendor,general,456.02,Others
Amazon,purchase shoes,91.14,Shopping
Unknown Vendor,general payment #1899,393.09,Others
Subway,restaurant delivery takeout,668.12,Food & Dining
Miscellaneous,general other #6890,539.27,Others
Chipotle,delivery restaurant,758.1,Food & Dining
Walmart,bread #7183,159.76,Groceries
Kroger,produce,27.17,Groceries
Local Restaurant,meal,210.12,Food & Dining
CVS,health,135.59,Healthcare
H&M,shoes clothes electronics,234.59,Shopping
Walmart,dairy groceries produce #1925,31.15,Groceries
Spotify,streaming,31.49,Entertainment
Electric Company,service bill,564.06,Bills & Utilities
Pizza Hut,delivery takeout,139.81,Food & Dining
Walmart,meat,199.39,Groceries
AMC Theaters,movie streaming entertainment #3793,46.4,Entertainment
McDonalds,dinner meal,33.4,Food & Dining
Amazon,electronics,108.47,Shopping
Quest Diagnostics,health doctor,423.78,Healthcare
Various Services,payment misc general #1119,557.97,Others
Chipotle,takeout restaurant dinner #6516,959.86,Food & Dining
Whole Foods,food,115.68,Groceries
Local Restaurant,lunch,419.81,Food & Dining
Subway,takeout meal #8327,229.05,Food & Dining
Trader Joes,produce food bread #6690,192.0,Groceries
AMC Theaters,game movie streaming #3692,28.12,Entertainment
Miscellaneous,service general other,775.33,Others
CVS,health,485.27,Healthcare
Walgreens,medicine health,401.63,Healthcare
Kroger,dairy groceries food #1774,63.06,Groceries
Local Clinic,medical medicine,143.01,Healthcare
Amazon,electronics accessories purchase,200.44,Shopping
Best Buy,purchase clothes,62.8,Shopping
Lyft,transit taxi gas,79.9,Transportation
BP,fuel,78.66,Transportation
AMC Theaters,streaming movie music #9246,47.93,Entertainment
Miscellaneous,other payment service,48.51,Others
Uber,fuel transportation,45.62,Transportation
Electric Company,service utility monthly,276.7,Bills & Utilities
Miscellaneous,general misc,729.9,Others
Walmart,bread,62.74,Groceries
Best Buy,shoes purchase clothes,148.81,Shopping
Uber,transportation,55.84,Transportation
Walmart,groceries food,63.67,Groceries
H&M,shoes electronics accessories,276.08,Shopping
Lyft,ride transportation taxi,47.95,Transportation
CVS,doctor health medical,164.13,Healthcare
Verizon,service,904.17,Bills & Utilities
Subway,meal delivery,112.58,Food & Dining
Water Service,monthly service utility,758.64,Bills & Utilities
Uber,transit transportation ride,51.37,Transportation
Lyft,taxi #7505,45.33,Transportation
Trader Joes,dairy food meat,24.13,Groceries
Uber,fuel,36.0,Transportation
Walgreens,doctor prescription medicine #7066,488.78,Healthcare
AMC Theaters,movie,19.6,Entertainment
Target,purchase,164.67,Shopping
Water Service,utility,479.79,Bills & Utilities
Amazon,shoes clothes,123.41,Shopping
CVS,medicine health prescription #4109,427.85,Healthcare
Best Buy,accessories purchase,121.24,Shopping
Uber,ride gas taxi #3978,18.12,Transportation
Lyft,gas taxi transit,73.83,Transportation
Chipotle,takeout delivery,137.48,Food & Dining
Miscellaneous,general misc other,401.61,Others
Water Service,utility service,41.93,Bills & Utilities
Lyft,gas #2905,23.65,Transportation
Walgreens,health doctor prescription #5497,222.85,Healthcare
Various Services,misc service general,614.66,Others
H&M,clothes accessories,67.19,Shopping
Unknown Vendor,other #5321,969.75,Others
Uber,fuel #3589,70.57,Transportation
Metro,transit taxi #7286,71.74,Transportation
CVS,prescription medicine,209.54,Healthcare
H&M,shoes electronics clothes,245.25,Shopping
Miscellaneous,other payment,376.52,Others
Chipotle,dinner restaurant #8113,231.76,Food & Dining
Pizza Hut,dinner delivery meal,444.32,Food & Dining
Various Services,other service #8527,612.21,Others
Nike,electronics purchase,32.23,Shopping
Local Clinic,medical,481.02,Healthcare
Local Restaurant,meal #7220,666.67,Food & Dining
Walmart,bread dairy meat,143.37,Groceries
Xbox,movie streaming entertainment,15.96,Entertainment
Local Restaurant,takeout #9968,813.33,Food & Dining
Local Clinic,prescription doctor,242.99,Healthcare
Whole Foods,dairy #5792,93.9,Groceries
CVS,doctor,456.34,Healthcare
Local Clinic,doctor #9324,367.87,Healthcare
Local Clinic,prescription,97.83,Healthcare
Verizon,payment monthly,999.81,Bills & Utilities
Quest Diagnostics,medical health prescription,341.97,Healthcare
Uber,ride gas,63.19,Transportation
Target,electronics purchase clothes,226.04,Shopping
Miscellaneous,other #5976,676.44,Others
Miscellaneous,service other misc,936.19,Others
Local Restaurant,lunch delivery,585.78,Food & Dining
Uber,fuel transit taxi #9910,76.46,Transportation
Shell,taxi fuel,71.98,Transportation
Lyft,taxi ride,22.42,Transportation
Local Clinic,medicine health,168.99,Healthcare
Verizon,utility service monthly,772.66,Bills & Utilities
Target,accessories shoes purchase #2322,176.84,Shopping
Trader Joes,bread food produce #8824,168.88,Groceries
Xbox,streaming movie game,32.7,Entertainment
Steam,streaming music,35.27,Entertainment
Lyft,gas,54.41,Transportation
Various Services,payment misc,426.45,Others
Amazon,shoes accessories electronics #7033,72.18,Shopping
Various Services,payment,883.0,Others
Water Service,service bill payment,467.16,Bills & Utilities
BP,transportation,77.92,Transportation
Trader Joes,groceries,138.89,Groceries
Shell,transportation,20.87,Transportation
Verizon,bill,596.91,Bills & Utilities
Walmart,bread,58.49,Groceries
Chipotle,meal restaurant,863.62,Food & Dining
Local Restaurant,takeout dinner meal,801.12,Food & Dining
Best Buy,shoes,257.01,Shopping
Amazon,clothes shoes,103.79,Shopping
Walmart,produce #9037,167.97,Groceries
Amazon,electronics purchase,202.71,Shopping
Lyft,transit ride taxi,13.44,Transportation
Trader Joes,meat food groceries,129.67,Groceries
Shell,transportation gas,7.15,Transportation
Kroger,meat food,57.7,Groceries
Electric Company,monthly,726.42,Bills & Utilities
Trader Joes,dairy meat #9289,75.16,Groceries
AMC Theaters,streaming entertainment movie #2659,18.83,Entertainment
Xbox,entertainment music streaming,14.59,Entertainment
Best Buy,clothes purchase shoes,105.85,Shopping
Walmart,bread groceries #8573,49.98,Groceries
Trader Joes,bread #3083,190.74,Groceries
AT&T,service monthly,51.34,Bills & Utilities
AMC Theaters,movie,32.52,Entertainment
Safeway,produce bread,168.25,Groceries
Lyft,transit,12.84,Transportation
Electric Company,payment service monthly,375.66,Bills & Utilities
Local Clinic,health,60.77,Healthcare
Walmart,meat food groceries,36.61,Groceries
Electric Company,utility service monthly,837.6,Bills & Utilities
Walmart,groceries dairy food,144.87,Groceries
Local Restaurant,restaurant delivery,794.11,Food & Dining
Shell,transit taxi transportation #1839,75.18,Transportation
Local Clinic,prescription #1099,219.03,Healthcare
Trader Joes,meat produce bread #8772,102.48,Groceries
Walgreens,doctor,198.3,Healthcare
Various Services,service #5496,333.82,Others
Local Clinic,medicine,344.83,Healthcare
Steam,streaming entertainment music,24.35,Entertainment
Amazon,purchase,78.52,Shopping
Best Buy,electronics shoes clothes,27.91,Shopping
Electric Company,bill utility,335.8,Bills & Utilities
Various Services,payment,782.75,Others
Quest Diagnostics,prescription doctor health,276.1,Healthcare
Xbox,entertainment,27.2,Entertainment
AT&T,bill service monthly #6255,901.31,Bills & Utilities
Electric Company,monthly,106.65,Bills & Utilities
Netflix,music game,23.81,Entertainment
Lyft,transportation transit #7127,29.4,Transportation
Whole Foods,bread #8338,123.06,Groceries
Uber,fuel,78.04,Transportation
Verizon,payment monthly,433.78,Bills & Utilities
Water Service,payment,172.47,Bills & Utilities
Water Service,service payment,195.36,Bills & Utilities
Steam,movie music,29.74,Entertainment
Electric Company,utility #4116,973.86,Bills & Utilities
Quest Diagnostics,medicine health medical,191.9,Healthcare
Various Services,other service payment,562.47,Others
AT&T,bill service utility,904.3,Bills & Utilities
Shell,gas #8995,41.67,Transportation
Pizza Hut,lunch takeout,205.74,Food & Dining
H&M,shoes accessories purchase,81.14,Shopping
Quest Diagnostics,health medicine doctor #8400,344.46,Healthcare
Walmart,food,130.36,Groceries
Whole Foods,food,117.11,Groceries
Uber,transit transportation #1915,37.36,Transportation
Whole Foods,food,70.79,Groceries
Safeway,groceries meat produce,91.93,Groceries
Walgreens,health,69.61,Healthcare
Unknown Vendor,service other payment,598.43,Others
Best Buy,purchase accessories #6550,23.84,Shopping
Uber,ride,74.13,Transportation
Xbox,movie music game,22.95,Entertainment
Miscellaneous,payment,627.1,Others
H&M,purchase accessories clothes,293.88,Shopping
Netflix,entertainment streaming,16.8,Entertainment
Trader Joes,bread groceries dairy,59.74,Groceries
Various Services,general payment #4583,369.77,Others
Uber,ride,68.69,Transportation
Verizon,monthly utility bill,470.66,Bills & Utilities
Walmart,meat food bread,61.42,Groceries
Subway,takeout #3152,459.4,Food & Dining
Metro,fuel,30.64,Transportation
Water Service,service,57.5,Bills & Utilities
Spotify,streaming game entertainment #8574,18.67,Entertainment
Water Service,payment,608.92,Bills & Utilities
Subway,lunch dinner,309.79,Food & Dining
BP,gas transit ride,48.95,Transportation
Netflix,streaming,48.77,Entertainment
CVS,medicine health doctor,92.66,Healthcare
BP,taxi ride #3418,7.74,Transportation
Steam,game #4734,49.79,Entertainment
AMC Theaters,streaming #4252,38.03,Entertainment
Kroger,produce groceries meat #4188,73.43,Groceries
Netflix,entertainment movie game #2705,48.15,Entertainment
Target,shoes electronics purchase #3641,256.7,Shopping
BP,transit fuel,76.81,Transportation
Kroger,bread,129.9,Groceries
Trader Joes,bread produce meat,54.49,Groceries
Spotify,entertainment movie music,35.67,Entertainment
Verizon,payment utility #9932,569.14,Bills & Utilities
Whole Foods,meat bread food,33.7,Groceries
Whole Foods,meat bread #6017,126.65,Groceries
Nike,purchase accessories clothes,102.03,Shopping
AMC Theaters,game streaming movie,11.16,Entertainment
Miscellaneous,general payment #8121,525.1,Others
Xbox,movie streaming #8512,13.83,Entertainment
Water Service,payment,265.35,Bills & Utilities
Xbox,entertainment,30.7,Entertainment
Local Clinic,health medicine medical,232.93,Healthcare
Nike,accessories purchase #4725,189.9,Shopping
Quest Diagnostics,medicine medical prescription,362.73,Healthcare
Uber,transit #1535,7.02,Transportation
Miscellaneous,general service payment,805.22,Others
Trader Joes,meat groceries,63.33,Groceries
Steam,entertainment,32.38,Entertainment
Miscellaneous,misc,326.7,Others
BP,gas fuel,46.09,Transportation
Lyft,gas transportation transit,67.65,Transportation
Local Clinic,medical medicine #2117,456.44,Healthcare
Trader Joes,food groceries produce,102.47,Groceries
Steam,streaming movie,34.32,Entertainment
Local Clinic,doctor medical,420.79,Healthcare
Walmart,meat bread produce #4431,91.23,Groceries
Miscellaneous,payment service #3625,655.64,Others
Netflix,entertainment movie game,14.26,Entertainment
Local Restaurant,meal dinner #9820,321.39,Food & Dining
AT&T,utility,485.06,Bills & Utilities
Kroger,food produce dairy,20.46,Groceries
Electric Company,monthly,551.29,Bills & Utilities
Kroger,dairy meat,182.77,Groceries
AMC Theaters,music game #3956,40.03,Entertainment
Uber,transportation fuel taxi,51.65,Transportation
Water Service,service monthly payment #1301,598.47,Bills & Utilities
Miscellaneous,general misc,49.87,Others
AMC Theaters,music streaming movie #3914,28.58,Entertainment
McDonalds,dinner #8258,468.31,Food & Dining
AMC Theaters,streaming entertainment music #9177,42.78,Entertainment
Verizon,bill service,625.37,Bills & Utilities
Shell,fuel transportation #7210,5.47,Transportation
Spotify,streaming entertainment,46.07,Entertainment
Verizon,bill #9718,773.6,Bills & Utilities
CVS,doctor #1332,124.71,Healthcare
Pizza Hut,lunch dinner,177.46,Food & Dining
Walmart,meat groceries,162.07,Groceries
Chipotle,delivery restaurant #8004,805.72,Food & Dining
Target,clothes,51.25,Shopping
Netflix,entertainment,39.86,Entertainment
McDonalds,dinner meal restaurant,97.79,Food & Dining
Best Buy,accessories purchase #2970,60.5,Shopping
Walgreens,health medicine #8419,386.82,Healthcare
Shell,transit #9985,48.6,Transportation
Miscellaneous,misc general other,437.25,Others
Subway,restaurant takeout #9715,620.99,Food & Dining
Walmart,bread food meat,184.63,Groceries
Unknown Vendor,general misc,994.44,Others
Quest Diagnostics,prescription doctor medical #9413,155.66,Healthcare
Chipotle,meal takeout #2622,506.09,Food & Dining
Verizon,bill payment,243.88,Bills & Utilities
Safeway,food bread,139.03,Groceries
Electric Company,payment monthly utility #7545,827.43,Bills & Utilities
Electric Company,monthly payment #1325,590.58,Bills & Utilities
McDonalds,dinner,426.8,Food & Dining
AMC Theaters,streaming,37.64,Entertainment
Nike,purchase #2662,286.97,Shopping
Verizon,payment,729.3,Bills & Utilities
BP,ride transportation fuel,24.11,Transportation
Various Services,other service,296.86,Others
H&M,accessories electronics purchase,51.45,Shopping
Subway,lunch dinner restaurant #3740,626.34,Food & Dining
Unknown Vendor,misc,24.78,Others
Quest Diagnostics,medicine prescription doctor #1404,453.9,Healthcare
Shell,ride gas taxi,36.66,Transportation
Walmart,food groceries produce,27.45,Groceries
BP,transit fuel transportation #1016,24.07,Transportation
Amazon,clothes shoes,123.1,Shopping
Electric Company,monthly bill utility #6842,468.1,Bills & Utilities
Water Service,monthly service #3730,89.6,Bills & Utilities
Chipotle,meal lunch,432.98,Food & Dining
Metro,ride transportation transit,26.84,Transportation
Uber,ride fuel taxi,79.43,Transportation
Netflix,game music,38.66,Entertainment
Unknown Vendor,service,332.95,Others
Spotify,entertainment,13.14,Entertainment
Miscellaneous,misc,919.57,Others
Metro,gas ride,18.12,Transportation
Miscellaneous,payment general service,459.45,Others
Chipotle,restaurant #1851,960.23,Food & Dining
Kroger,dairy,33.6,Groceries
Electric Company,bill monthly #5247,877.36,Bills & Utilities
Miscellaneous,other general payment #5462,442.6,Others
Chipotle,meal,932.09,Food & Dining
Walmart,bread meat #2845,141.43,Groceries
Xbox,movie,36.22,Entertainment
H&M,electronics accessories,207.46,Shopping
Steam,movie entertainment,34.37,Entertainment
Whole Foods,food dairy #4957,83.87,Groceries
Xbox,streaming,27.61,Entertainment
Steam,music game,28.66,Entertainment
AMC Theaters,music movie streaming,28.65,Entertainment
Various Services,service,455.76,Others
McDonalds,takeout delivery #7792,546.02,Food & Dining
Target,purchase,43.33,Shopping
Various Services,service payment misc #7283,313.97,Others
CVS,medicine health doctor,236.6,Healthcare
Verizon,utility,886.44,Bills & Utilities
Safeway,food bread dairy,199.97,Groceries
Netflix,entertainment game,15.65,Entertainment
Local Clinic,health prescription,297.45,Healthcare
Various Services,other service #7994,17.18,Others
Uber,transit fuel transportation,71.98,Transportation
Netflix,entertainment,37.68,Entertainment
Verizon,monthly,340.2,Bills & Utilities
Electric Company,payment service bill,633.83,Bills & Utilities
Local Clinic,medical #1517,254.25,Healthcare
Electric Company,payment #5824,384.36,Bills & Utilities
Amazon,accessories shoes electronics,194.54,Shopping
Spotify,game movie streaming #8529,23.96,Entertainment
Safeway,dairy groceries,105.92,Groceries
Kroger,dairy meat,56.4,Groceries
CVS,doctor prescription health,449.55,Healthcare
Local Clinic,health medical,198.58,Healthcare
Verizon,payment bill service,542.91,Bills & Utilities
Water Service,monthly utility service,158.89,Bills & Utilities
Whole Foods,produce groceries,143.43,Groceries
AMC Theaters,streaming,19.12,Entertainment
Chipotle,delivery,763.18,Food & Dining
Various Services,misc other,564.17,Others
AT&T,utility bill service,454.37,Bills & Utilities
Spotify,entertainment streaming music,22.82,Entertainment
Metro,gas fuel taxi,34.82,Transportation
Walgreens,medicine doctor health,348.62,Healthcare
Netflix,game streaming #6033,25.18,Entertainment
Amazon,clothes purchase shoes,271.98,Shopping
Shell,gas,36.61,Transportation
Electric Company,bill utility monthly,412.14,Bills & Utilities
CVS,health medical doctor,64.28,Healthcare
Safeway,groceries food dairy,65.29,Groceries
Xbox,movie entertainment game,39.46,Entertainment
Subway,restaurant,114.93,Food & Dining
Metro,taxi fuel,68.74,Transportation
Target,purchase,124.79,Shopping
Miscellaneous,service general,342.67,Others
Water Service,payment bill,298.42,Bills & Utilities
Unknown Vendor,misc #6873,390.74,Others
Lyft,transit transportation gas,51.64,Transportation
Unknown Vendor,misc,887.54,Others
Unknown Vendor,payment service,585.97,Others
Quest Diagnostics,doctor,324.43,Healthcare
Whole Foods,groceries dairy #4845,114.47,Groceries
Nike,accessories #5606,260.86,Shopping
Target,electronics,169.53,Shopping
Unknown Vendor,general #8965,192.77,Others
Lyft,gas fuel,56.33,Transportation
Pizza Hut,meal delivery dinner,328.76,Food & Dining
Trader Joes,bread groceries meat #4849,70.11,Groceries
Trader Joes,dairy groceries,85.87,Groceries
Subway,delivery meal takeout #1541,482.91,Food & Dining
Steam,entertainment music movie,18.91,Entertainment
Miscellaneous,misc service #6909,758.51,Others
Trader Joes,groceries,135.29,Groceries
Various Services,general misc,508.76,Others
Local Clinic,medicine doctor,124.01,Healthcare
Safeway,produce,80.04,Groceries
Netflix,streaming music,20.45,Entertainment
Unknown Vendor,service payment other,206.89,Others
Amazon,purchase accessories #1180,237.34,Shopping
Chipotle,takeout,557.42,Food & Dining
Local Restaurant,takeout restaurant,680.67,Food & Dining
AT&T,payment #6656,929.38,Bills & Utilities
Trader Joes,produce food #5493,83.03,Groceries
Walgreens,medicine prescription health,282.62,Healthcare
Various Services,other service misc,402.46,Others
Subway,dinner,871.33,Food & Dining
Steam,streaming entertainment game,37.77,Entertainment
McDonalds,takeout,979.0,Food & Dining
Whole Foods,bread dairy meat #5278,179.49,Groceries
McDonalds,restaurant meal,787.23,Food & Dining
Nike,clothes,137.75,Shopping
Local Restaurant,meal restaurant,818.21,Food & Dining
Local Clinic,doctor health prescription,405.44,Healthcare
Steam,entertainment #1258,22.87,Entertainment
Verizon,service,354.51,Bills & Utilities
Steam,music entertainment,22.36,Entertainment
Amazon,clothes,244.59,Shopping
Chipotle,takeout #7757,877.01,Food & Dining
Trader Joes,food #5782,156.03,Groceries
Safeway,dairy produce meat,82.7,Groceries
Local Clinic,medicine prescription #5623,441.25,Healthcare
Chipotle,delivery lunch,329.31,Food & Dining
Local Clinic,medical,27.53,Healthcare
Shell,gas fuel taxi,61.15,Transportation
Unknown Vendor,payment other misc,411.46,Others
Xbox,entertainment,46.46,Entertainment
Unknown Vendor,other misc general #1245,575.7,Others
H&M,shoes purchase clothes,74.7,Shopping
BP,ride transit taxi,24.87,Transportation
CVS,doctor health medical,252.47,Healthcare
Unknown Vendor,payment #7565,77.6,Others
Local Clinic,health prescription medical,382.02,Healthcare
Local Restaurant,lunch dinner restaurant #2759,374.73,Food & Dining
Trader Joes,food produce dairy,73.86,Groceries
McDonalds,lunch #1455,83.31,Food & Dining
Steam,game streaming entertainment,28.07,Entertainment
AMC Theaters,entertainment music #8930,35.18,Entertainment
Electric Company,payment bill utility,769.63,Bills & Utilities
Walmart,dairy produce,164.32,Groceries
Steam,entertainment,31.62,Entertainment
Steam,movie entertainment game,10.24,Entertainment
Kroger,produce groceries bread,84.34,Groceries
Nike,accessories electronics shoes,155.55,Shopping
CVS,health doctor,111.21,Healthcare
Walmart,produce dairy,155.1,Groceries
Target,electronics purchase clothes #1769,73.07,Shopping
Amazon,purchase shoes electronics,143.83,Shopping
Various Services,service general misc,616.61,Others
Quest Diagnostics,medicine medical prescription,89.83,Healthcare
Verizon,payment,915.52,Bills & Utilities
Water Service,bill,883.29,Bills & Utilities
Water Service,utility,878.43,Bills & Utilities
Safeway,bread food meat,159.67,Groceries
Best Buy,accessories electronics clothes,223.82,Shopping
AMC Theaters,streaming #1902,33.14,Entertainment
Local Clinic,medicine,405.99,Healthcare
Quest Diagnostics,prescription doctor,285.58,Healthcare
Local Restaurant,lunch,423.85,Food & Dining
Walmart,food dairy groceries #6709,71.59,Groceries
AT&T,service bill monthly,333.16,Bills & Utilities
Unknown Vendor,misc other general #2811,943.56,Others
Various Services,service general other,503.74,Others
Quest Diagnostics,prescription,333.38,Healthcare
Safeway,food produce #4872,42.32,Groceries
Steam,entertainment music game #5526,18.42,Entertainment
Whole Foods,produce food,35.93,Groceries
McDonalds,lunch,379.8,Food & Dining
CVS,doctor,184.19,Healthcare
Subway,lunch meal,612.87,Food & Dining
Miscellaneous,other misc,282.51,Others
Unknown Vendor,general,685.64,Others
Walgreens,prescription,329.73,Healthcare
Verizon,service bill,335.1,Bills & Utilities
Subway,lunch,14.16,Food & Dining
H&M,clothes,218.77,Shopping
CVS,prescription #7380,200.79,Healthcare
Pizza Hut,delivery takeout restaurant #2985,365.04,Food & Dining
Local Clinic,medicine,323.78,Healthcare
AT&T,utility bill service,618.39,Bills & Utilities
Trader Joes,food,74.1,Groceries
Subway,dinner takeout,965.93,Food & Dining
Amazon,electronics,252.09,Shopping
CVS,doctor prescription medicine,314.94,Healthcare
Electric Company,monthly service,165.22,Bills & Utilities
Water Service,service monthly,347.22,Bills & Utilities
Walgreens,medical #8404,344.88,Healthcare
AT&T,bill,396.57,Bills & Utilities
Local Clinic,doctor medical,345.27,Healthcare
Various Services,payment general,131.31,Others
AMC Theaters,music streaming game #7771,36.51,Entertainment
Water Service,bill #2464,980.14,Bills & Utilities
Unknown Vendor,other,227.52,Others
Shell,transit taxi ride,63.32,Transportation
Lyft,transportation fuel ride #7643,56.77,Transportation
Kroger,groceries produce,99.39,Groceries
Local Restaurant,delivery #6416,701.79,Food & Dining
Local Clinic,doctor,110.45,Healthcare
Uber,transportation,59.03,Transportation
AT&T,payment #8451,144.54,Bills & Utilities
Kroger,bread #4151,48.28,Groceries
Steam,movie entertainment,32.37,Entertainment
Trader Joes,dairy produce groceries,41.4,Groceries
Uber,taxi transit fuel,13.83,Transportation
Water Service,utility #9797,21.54,Bills & Utilities
Quest Diagnostics,medical,448.82,Healthcare
Quest Diagnostics,prescription medicine medical,87.88,Healthcare
AT&T,bill,710.72,Bills & Utilities
AMC Theaters,music streaming,14.6,Entertainment
Chipotle,meal,764.86,Food & Dining
Walmart,bread meat produce,65.34,Groceries
Xbox,streaming entertainment,42.72,Entertainment
Walmart,produce groceries food,25.94,Groceries
Quest Diagnostics,medicine health doctor,402.93,Healthcare
Safeway,groceries,190.36,Groceries
Local Clinic,doctor,293.11,Healthcare
Safeway,produce bread,75.3,Groceries
Subway,restaurant lunch,603.84,Food & Dining
Electric Company,bill monthly,399.03,Bills & Utilities
Steam,music movie entertainment,22.81,Entertainment
Quest Diagnostics,medical health #1834,291.7,Healthcare
Electric Company,monthly utility payment #3162,788.38,Bills & Utilities
McDonalds,takeout #9932,218.36,Food & Dining
CVS,medical prescription doctor,192.64,Healthcare
CVS,doctor #2232,110.7,Healthcare
Steam,entertainment streaming movie,26.29,Entertainment
CVS,doctor medicine,160.16,Healthcare
AT&T,bill utility monthly #5252,65.93,Bills & Utilities
Trader Joes,food meat,115.21,Groceries
AT&T,monthly,447.62,Bills & Utilities
AT&T,payment service,278.57,Bills & Utilities
Miscellaneous,misc payment service #6216,806.82,Others
Local Restaurant,meal takeout,636.65,Food & Dining
Xbox,game entertainment #7099,38.65,Entertainment
Shell,fuel,76.24,Transportation
Subway,dinner,199.13,Food & Dining
Spotify,streaming entertainment,28.07,Entertainment
CVS,doctor medical #9815,172.37,Healthcare
Netflix,game,29.97,Entertainment
Local Clinic,medicine medical prescription,305.13,Healthcare
Metro,ride fuel,57.52,Transportation
Quest Diagnostics,medicine,255.38,Healthcare
AMC Theaters,music game,33.01,Entertainment
Uber,transportation #8584,78.04,Transportation
Lyft,transportation fuel ride,51.99,Transportation
Shell,taxi,23.81,Transportation
Kroger,produce groceries food,127.57,Groceries
Various Services,service payment,286.19,Others
Pizza Hut,delivery restaurant meal #4250,735.56,Food & Dining
Chipotle,restaurant meal takeout,824.4,Food & Dining
Subway,lunch dinner #7116,886.52,Food & Dining
Walgreens,medicine prescription medical,204.7,Healthcare
Various Services,misc #1921,282.54,Others
Walmart,bread,64.64,Groceries
Netflix,movie,38.04,Entertainment
Safeway,bread groceries #9124,109.03,Groceries
Lyft,transportation taxi fuel,34.9,Transportation
Safeway,food #9321,112.43,Groceries
Pizza Hut,lunch dinner,882.11,Food & Dining
Quest Diagnostics,prescription doctor,356.41,Healthcare
Water Service,payment,664.72,Bills & Utilities
Quest Diagnostics,medical doctor medicine,273.8,Healthcare
Best Buy,clothes,202.33,Shopping
BP,taxi transportation #2637,52.39,Transportation
Nike,accessories clothes #6378,86.47,Shopping
CVS,medicine medical,256.92,Healthcare
Miscellaneous,misc,302.74,Others
Electric Company,bill payment,934.45,Bills & Utilities
Lyft,ride gas #3892,77.53,Transportation
Miscellaneous,general,828.34,Others
Best Buy,purchase clothes,135.39,Shopping
Spotify,streaming game music #7255,24.93,Entertainment
AT&T,utility,254.18,Bills & Utilities
Steam,music,25.03,Entertainment
Walgreens,medical medicine,97.6,Healthcare
Netflix,streaming entertainment,22.66,Entertainment
McDonalds,delivery,552.43,Food & Dining
Various Services,misc payment service,893.27,Others
Miscellaneous,misc,722.35,Others
Steam,game streaming,10.45,Entertainment
Walgreens,medicine health,481.01,Healthcare
Shell,transit #2908,47.39,Transportation
AT&T,bill,561.58,Bills & Utilities
Whole Foods,produce #3537,60.72,Groceries
Quest Diagnostics,doctor health medical,176.31,Healthcare
Kroger,food,129.59,Groceries
Various Services,service #5961,53.53,Others
Safeway,dairy groceries bread,159.35,Groceries
Walmart,dairy food,97.45,Groceries
Miscellaneous,payment service other,256.48,Others
AMC Theaters,game,45.06,Entertainment
Nike,purchase,31.82,Shopping
Nike,shoes clothes #4694,112.01,Shopping
BP,ride transit #1353,48.13,Transportation
Safeway,dairy meat bread,156.12,Groceries
AMC Theaters,movie #9623,30.29,Entertainment
AMC Theaters,entertainment game,20.36,Entertainment
BP,taxi gas,68.52,Transportation
Safeway,bread groceries #4027,195.76,Groceries
Amazon,clothes electronics purchase,134.1,Shopping
Target,clothes electronics shoes,210.32,Shopping
AMC Theaters,entertainment movie music,19.55,Entertainment
H&M,electronics,146.26,Shopping
Best Buy,shoes #6081,90.85,Shopping
Amazon,accessories shoes electronics,237.95,Shopping
Water Service,utility monthly #4600,592.95,Bills & Utilities
Chipotle,meal restaurant lunch #7132,941.02,Food & Dining
Unknown Vendor,service general other,773.11,Others
Local Restaurant,dinner meal lunch #4421,696.54,Food & Dining
Chipotle,restaurant lunch dinner #2314,236.01,Food & Dining
Various Services,other,443.98,Others
Netflix,entertainment #7192,18.1,Entertainment
Spotify,game movie,17.15,Entertainment
Verizon,monthly payment bill,323.91,Bills & Utilities
AT&T,service #8912,756.82,Bills & Utilities
Trader Joes,produce,117.49,Groceries
Spotify,movie music #6101,33.17,Entertainment
Quest Diagnostics,medicine prescription medical,58.24,Healthcare
Xbox,movie,49.36,Entertainment
Local Restaurant,dinner lunch delivery,441.89,Food & Dining
Various Services,service other general,327.68,Others
Unknown Vendor,other general #8569,894.0,Others
Whole Foods,groceries meat #9266,150.16,Groceries
Target,clothes purchase electronics,61.14,Shopping
Local Clinic,medical health doctor #3786,313.83,Healthcare
Various Services,payment,91.13,Others
Trader Joes,groceries #9011,38.41,Groceries
Chipotle,lunch delivery #3240,478.21,Food & Dining
Target,purchase accessories electronics,195.55,Shopping
Amazon,shoes #8627,80.63,Shopping
Quest Diagnostics,medicine prescription health,309.76,Healthcare
Local Restaurant,restaurant meal #1022,552.21,Food & Dining
Subway,delivery takeout dinner,321.4,Food & Dining
Best Buy,accessories,195.04,Shopping
Whole Foods,dairy food,95.03,Groceries
Lyft,taxi gas,55.51,Transportation
Trader Joes,meat food #3699,132.07,Groceries
Subway,dinner takeout lunch #3022,549.32,Food & Dining
Walgreens,health medical doctor,50.14,Healthcare
Shell,taxi fuel gas,38.29,Transportation
McDonalds,takeout restaurant #3328,201.93,Food & Dining
Metro,transit ride gas #7656,10.81,Transportation
AMC Theaters,streaming entertainment #9942,19.1,Entertainment
AT&T,monthly utility bill,565.05,Bills & Utilities
Metro,taxi fuel gas,11.59,Transportation
AT&T,monthly service,237.24,Bills & Utilities
Local Restaurant,delivery lunch takeout,273.52,Food & Dining
Target,shoes electronics accessories #4895,298.03,Shopping
Local Clinic,medical doctor health #7089,297.95,Healthcare
Shell,ride taxi #8985,75.32,Transportation
Quest Diagnostics,doctor medical,401.25,Healthcare
Local Clinic,doctor health,167.52,Healthcare
Best Buy,accessories electronics #3746,44.67,Shopping
Verizon,service monthly,270.8,Bills & Utilities
Best Buy,shoes purchase electronics,194.27,Shopping
Electric Company,utility,17.39,Bills & Utilities
Water Service,payment bill,441.96,Bills & Utilities
Amazon,accessories clothes electronics,131.69,Shopping
AT&T,bill payment utility,578.62,Bills & Utilities
Kroger,food #1389,30.11,Groceries
Quest Diagnostics,medicine,313.21,Healthcare
Steam,game movie streaming #3097,21.09,Entertainment
Walmart,food produce,197.44,Groceries
McDonalds,takeout,650.44,Food & Dining
Shell,transit ride gas,54.55,Transportation
Safeway,dairy produce bread,89.14,Groceries
AT&T,bill monthly,943.9,Bills & Utilities
AT&T,monthly,37.57,Bills & Utilities
Metro,taxi ride,46.2,Transportation
CVS,prescription,100.26,Healthcare
Walmart,food meat produce #3667,197.35,Groceries
Walgreens,prescription,136.85,Healthcare
Pizza Hut,dinner takeout lunch,446.75,Food & Dining
McDonalds,dinner takeout lunch,51.32,Food & Dining
Spotify,streaming #4621,34.29,Entertainment
BP,fuel ride,78.12,Transportation
Amazon,accessories shoes,286.66,Shopping
Unknown Vendor,service,504.32,Others
Various Services,other payment service,523.29,Others
Pizza Hut,meal lunch,415.35,Food & Dining
Steam,music game,38.88,Entertainment
BP,gas,76.35,Transportation
Subway,takeout,964.1,Food & Dining
Various Services,other general service #8451,360.0,Others
Unknown Vendor,payment #8049,916.64,Others
Verizon,utility bill monthly #8446,311.73,Bills & Utilities
Verizon,payment utility monthly #5347,535.99,Bills & Utilities
Water Service,utility bill monthly,831.73,Bills & Utilities
Uber,transportation gas fuel,48.76,Transportation
Safeway,bread #6670,146.26,Groceries
Local Restaurant,takeout delivery meal #7459,966.15,Food & Dining
Local Restaurant,delivery takeout meal,581.34,Food & Dining
Steam,streaming movie game,34.54,Entertainment
Walmart,meat groceries,156.66,Groceries
Verizon,payment #1386,44.24,Bills & Utilities
Water Service,payment #8653,258.91,Bills & Utilities
Electric Company,payment,34.74,Bills & Utilities
BP,gas ride #3600,15.05,Transportation
Kroger,dairy produce food,193.18,Groceries
Spotify,movie game entertainment,29.3,Entertainment
AMC Theaters,game streaming movie #4534,45.72,Entertainment
AMC Theaters,movie streaming game,46.58,Entertainment
AT&T,payment bill,385.47,Bills & Utilities
Miscellaneous,payment service other,840.6,Others
Netflix,entertainment music #2275,33.3,Entertainment
Local Clinic,health medical,86.46,Healthcare
Steam,entertainment music,48.96,Entertainment
BP,fuel transit ride,57.09,Transportation
Verizon,bill,265.16,Bills & Utilities
Steam,music movie streaming #2996,12.94,Entertainment
Netflix,music #9830,28.47,Entertainment
Local Clinic,prescription medicine doctor,339.28,Healthcare
Various Services,payment,982.0,Others
Subway,meal restaurant,877.32,Food & Dining
AT&T,payment,133.79,Bills & Utilities
Unknown Vendor,other,413.42,Others
Shell,taxi transportation #6591,72.95,Transportation
Unknown Vendor,misc,841.53,Others
Local Restaurant,delivery restaurant lunch #3164,827.71,Food & Dining
Target,accessories clothes shoes,259.96,Shopping
Walgreens,health medicine #9350,233.3,Healthcare
Uber,transportation,51.49,Transportation
Miscellaneous,payment service misc,115.14,Others
Uber,gas transit fuel,33.02,Transportation
Pizza Hut,restaurant lunch,726.04,Food & Dining
Target,purchase clothes,124.32,Shopping
Pizza Hut,meal takeout,208.59,Food & Dining
Spotify,movie game entertainment,30.7,Entertainment
Water Service,payment service bill,681.14,Bills & Utilities
AT&T,utility,108.0,Bills & Utilities
Kroger,dairy meat,144.93,Groceries
Target,clothes,170.87,Shopping
Various Services,service,85.96,Others
Best Buy,electronics #1485,261.23,Shopping
Safeway,dairy bread produce,83.61,Groceries
Whole Foods,groceries bread #1786,67.84,Groceries
Spotify,streaming,21.0,Entertainment
Walgreens,medicine,218.18,Healthcare
Water Service,service utility,825.6,Bills & Utilities
Xbox,game,33.87,Entertainment
Verizon,service payment,281.35,Bills & Utilities
Lyft,gas,20.23,Transportation
Whole Foods,groceries bread dairy,195.94,Groceries
Netflix,game entertainment streaming #7622,46.78,Entertainment
Kroger,produce food,63.83,Groceries
H&M,purchase,275.69,Shopping
Netflix,streaming,42.06,Entertainment
Spotify,entertainment game,23.19,Entertainment
AT&T,payment #9224,586.55,Bills & Utilities
Nike,electronics accessories,51.39,Shopping
AT&T,monthly,379.79,Bills & Utilities
Shell,fuel,9.64,Transportation
Chipotle,lunch,858.0,Food & Dining
Nike,accessories purchase,297.79,Shopping
Verizon,utility monthly bill,283.61,Bills & Utilities
Various Services,payment,106.51,Others
McDonalds,dinner #3789,398.05,Food & Dining
Kroger,meat groceries #2369,58.59,Groceries
Pizza Hut,restaurant #7536,754.39,Food & Dining
Electric Company,service bill payment #6647,75.23,Bills & Utilities
Whole Foods,produce food meat #2351,86.49,Groceries
Nike,shoes,279.37,Shopping
Water Service,monthly bill,948.87,Bills & Utilities
Kroger,food dairy,187.04,Groceries
McDonalds,delivery,305.0,Food & Dining
Miscellaneous,misc general other,428.21,Others
Various Services,general misc,244.68,Others
Netflix,music,12.73,Entertainment
Netflix,streaming,35.59,Entertainment
Amazon,accessories electronics,190.84,Shopping
Quest Diagnostics,medicine health doctor,201.22,Healthcare
Amazon,clothes,181.55,Shopping
Chipotle,meal restaurant delivery,240.88,Food & Dining
Miscellaneous,other general payment,857.48,Others
AMC Theaters,game streaming,40.39,Entertainment
Uber,transportation taxi,25.39,Transportation
Metro,transit transportation fuel,52.23,Transportation
BP,taxi,78.68,Transportation
Safeway,bread meat dairy #3401,186.73,Groceries
Spotify,music,23.99,Entertainment
Spotify,game movie streaming,49.46,Entertainment
Best Buy,purchase shoes accessories,139.92,Shopping
Local Clinic,doctor medicine,54.66,Healthcare
Target,electronics accessories,104.34,Shopping
Water Service,monthly service bill,693.18,Bills & Utilities
Steam,music game,28.49,Entertainment
Lyft,ride,55.56,Transportation
Electric Company,monthly payment utility,824.23,Bills & Utilities
Unknown Vendor,payment misc,61.6,Others
CVS,medicine health,415.46,Healthcare
CVS,health medical doctor,251.39,Healthcare
McDonalds,lunch dinner delivery,172.91,Food & Dining
AT&T,monthly service payment,914.84,Bills & Utilities
Local Restaurant,meal delivery dinner,336.46,Food & Dining
McDonalds,dinner #2537,231.92,Food & Dining
Local Clinic,medical health doctor #3523,445.38,Healthcare
BP,gas,56.43,Transportation
Steam,music movie,47.09,Entertainment
Water Service,bill,498.27,Bills & Utilities
Trader Joes,food groceries meat,169.43,Groceries
Miscellaneous,general misc,630.57,Others
Safeway,produce food dairy,49.65,Groceries
Uber,transportation transit #6230,36.51,Transportation
Kroger,produce,117.56,Groceries
Best Buy,clothes purchase shoes,77.05,Shopping
Safeway,food produce dairy,102.4,Groceries
Local Restaurant,takeout dinner,889.51,Food & Dining
Kroger,bread,71.95,Groceries
Unknown Vendor,general service other,225.77,Others
Uber,taxi,53.25,Transportation
Local Clinic,prescription #8100,448.46,Healthcare
Safeway,groceries dairy #4989,55.36,Groceries
Unknown Vendor,payment,272.31,Others
Walgreens,medical medicine #5042,352.44,Healthcare
Pizza Hut,takeout #3509,489.72,Food & Dining
Xbox,entertainment,33.94,Entertainment
Local Clinic,health medical #7470,188.58,Healthcare
Unknown Vendor,general payment misc #9867,779.27,Others
Best Buy,accessories clothes #6093,190.99,Shopping
BP,fuel transit,19.05,Transportation
Steam,movie #2016,44.29,Entertainment
Steam,entertainment streaming movie,12.84,Entertainment
H&M,accessories shoes purchase,263.17,Shopping
Walgreens,medicine doctor health #9459,70.66,Healthcare
Various Services,service other,300.83,Others
Quest Diagnostics,prescription #5156,85.32,Healthcare
CVS,prescription #4704,70.01,Healthcare
Uber,ride,10.89,Transportation
Unknown Vendor,other,187.07,Others
Local Restaurant,dinner restaurant,200.09,Food & Dining
Safeway,dairy meat,35.39,Groceries
Best Buy,clothes accessories electronics,243.52,Shopping
AT&T,utility,408.24,Bills & Utilities
BP,gas taxi fuel,66.88,Transportation
Spotify,movie,42.4,Entertainment
Verizon,monthly utility payment,164.74,Bills & Utilities
Miscellaneous,misc other,320.34,Others
Chipotle,meal delivery #5662,213.79,Food & Dining
Verizon,monthly service bill,52.37,Bills & Utilities
Uber,taxi transit,49.44,Transportation
Lyft,taxi gas fuel,55.34,Transportation
Verizon,utility service #7635,742.82,Bills & Utilities
Water Service,payment bill utility,49.45,Bills & Utilities
Chipotle,restaurant takeout,897.36,Food & Dining
Netflix,movie streaming game,22.12,Entertainment
Chipotle,delivery lunch takeout,466.15,Food & Dining
Water Service,payment,815.63,Bills & Utilities
Local Clinic,medical health medicine,443.05,Healthcare
Electric Company,service #5182,494.39,Bills & Utilities
Uber,transportation fuel gas #5974,75.16,Transportation
AT&T,service monthly #9140,304.89,Bills & Utilities
AT&T,service,99.13,Bills & Utilities
Lyft,transportation taxi ride,47.18,Transportation
Pizza Hut,restaurant delivery meal #2911,200.87,Food & Dining
Metro,gas transit,16.87,Transportation
Safeway,meat groceries produce #1406,198.63,Groceries
McDonalds,restaurant takeout dinner,85.54,Food & Dining
Miscellaneous,service misc general #5931,163.81,Others
Walmart,dairy,59.15,Groceries
H&M,shoes electronics #7223,105.1,Shopping
AMC Theaters,movie #6932,39.77,Entertainment
Chipotle,takeout delivery dinner,482.03,Food & Dining
Local Clinic,doctor medical,407.05,Healthcare
BP,transit gas,60.5,Transportation
Xbox,music entertainment streaming,43.54,Entertainment
Safeway,groceries dairy meat,160.02,Groceries
Whole Foods,meat dairy,27.78,Groceries
H&M,shoes,266.95,Shopping
Verizon,monthly service,330.03,Bills & Utilities
McDonalds,delivery,176.17,Food & Dining
Quest Diagnostics,health doctor #8548,65.75,Healthcare
Chipotle,lunch,684.42,Food & Dining
Kroger,meat groceries dairy,20.66,Groceries
AMC Theaters,game #8824,44.05,Entertainment
Verizon,bill monthly,428.42,Bills & Utilities
Quest Diagnostics,health,164.14,Healthcare
Kroger,produce groceries dairy,86.73,Groceries
Local Restaurant,lunch takeout,863.96,Food & Dining
Water Service,bill service payment #9159,479.77,Bills & Utilities
Target,purchase,267.68,Shopping
Subway,meal restaurant takeout #6787,456.45,Food & Dining
BP,taxi #8369,17.39,Transportation
AMC Theaters,movie streaming #5371,12.67,Entertainment
CVS,prescription medical medicine,418.58,Healthcare
McDonalds,takeout restaurant,687.81,Food & Dining
Various Services,misc other,372.63,Others
Miscellaneous,other general #4097,894.64,Others
Various Services,payment misc other,303.25,Others
Nike,clothes,196.99,Shopping
Kroger,food bread,144.3,Groceries
Pizza Hut,dinner delivery,342.66,Food & Dining
Local Clinic,health prescription medical,44.38,Healthcare
McDonalds,takeout #7220,538.24,Food & Dining
Unknown Vendor,misc payment #4021,968.55,Others
Xbox,movie streaming game,48.0,Entertainment
Unknown Vendor,service,892.39,Others
BP,gas transportation fuel,32.73,Transportation
CVS,medicine prescription health,412.67,Healthcare
Walgreens,medical #8853,128.97,Healthcare
Miscellaneous,service #9312,684.46,Others
Local Restaurant,meal,130.32,Food & Dining
Metro,taxi gas,66.43,Transportation
McDonalds,meal dinner #2672,254.16,Food & Dining
Lyft,fuel gas,55.89,Transportation
Chipotle,lunch,371.07,Food & Dining
Whole Foods,meat,169.25,Groceries
CVS,medical,36.38,Healthcare
Electric Company,utility,947.66,Bills & Utilities
Uber,fuel ride gas #3445,35.29,Transportation
Target,purchase clothes accessories,282.02,Shopping
Safeway,meat produce,92.97,Groceries
CVS,medical,390.06,Healthcare
Lyft,ride transit transportation,69.73,Transportation
Local Restaurant,dinner takeout restaurant #9517,30.39,Food & Dining
Electric Company,utility,617.77,Bills & Utilities
Verizon,service,574.33,Bills & Utilities
Local Clinic,medical,384.59,Healthcare
Kroger,meat produce bread,58.55,Groceries
BP,transportation gas #1061,54.01,Transportation
Walgreens,medicine,166.28,Healthcare
H&M,accessories electronics clothes #5234,189.42,Shopping
Electric Company,service,572.11,Bills & Utilities
Pizza Hut,meal lunch delivery,541.66,Food & Dining
AMC Theaters,movie entertainment game,10.35,Entertainment
Metro,transportation #6423,26.84,Transportation
Local Clinic,doctor prescription #6963,443.52,Healthcare
Verizon,payment monthly,752.21,Bills & Utilities
Netflix,entertainment,45.61,Entertainment
AT&T,service utility,402.75,Bills & Utilities
Kroger,groceries,35.35,Groceries
Kroger,dairy food produce,137.07,Groceries
Safeway,meat bread food,191.86,Groceries
Various Services,general #5153,502.91,Others
Quest Diagnostics,medicine medical #3705,447.05,Healthcare
Steam,streaming,25.27,Entertainment
Shell,transportation #7343,23.54,Transportation
Netflix,movie game,45.87,Entertainment
Various Services,misc,416.84,Others
H&M,purchase,138.88,Shopping
Miscellaneous,service,70.13,Others
McDonalds,dinner,969.96,Food & Dining
Various Services,payment other general #3966,372.57,Others
Xbox,entertainment,24.28,Entertainment
Whole Foods,meat groceries #4845,58.46,Groceries
Metro,gas,64.39,Transportation
Shell,taxi,78.81,Transportation
Local Clinic,health doctor prescription,174.66,Healthcare
Shell,ride transit taxi #9456,77.68,Transportation
Local Restaurant,takeout #7513,577.92,Food & Dining
AMC Theaters,game streaming #1518,12.22,Entertainment
Amazon,accessories purchase,231.35,Shopping
Subway,delivery,836.88,Food & Dining
Target,electronics,171.44,Shopping
Amazon,accessories shoes electronics #4644,215.42,Shopping
Kroger,groceries produce food,191.1,Groceries
Metro,ride transportation fuel,25.77,Transportation
Best Buy,electronics shoes purchase #6960,266.91,Shopping
H&M,shoes purchase,41.11,Shopping
Water Service,utility #9232,462.12,Bills & Utilities
Walgreens,doctor health prescription,288.63,Healthcare
Pizza Hut,dinner delivery takeout #3307,649.34,Food & Dining
Target,accessories #8904,264.67,Shopping
Safeway,produce bread,171.59,Groceries
Safeway,food,190.72,Groceries
Quest Diagnostics,prescription doctor medical,121.34,Healthcare
Best Buy,purchase,243.47,Shopping
Target,clothes electronics shoes #1426,20.04,Shopping
Water Service,bill,992.84,Bills & Utilities
Various Services,other service payment,118.58,Others
Netflix,game streaming movie,14.38,Entertainment
CVS,medical medicine doctor,460.98,Healthcare
Walmart,produce dairy,73.96,Groceries
Water Service,bill #5114,555.28,Bills & Utilities
Various Services,other service,169.35,Others
Best Buy,electronics,132.77,Shopping
Nike,accessories,115.02,Shopping
Nike,shoes electronics,295.59,Shopping
Uber,gas fuel transportation,5.12,Transportation
Quest Diagnostics,health #3973,53.7,Healthcare
Chipotle,takeout meal,806.79,Food & Dining
McDonalds,restaurant lunch meal,897.81,Food & Dining
McDonalds,meal,177.49,Food & Dining
Target,shoes,249.27,Shopping
AMC Theaters,game music movie,13.91,Entertainment
BP,gas #1321,13.56,Transportation
Uber,transportation ride transit,18.26,Transportation
Whole Foods,bread,196.52,Groceries
Verizon,service bill monthly,805.73,Bills & Utilities
Spotify,entertainment,11.79,Entertainment
Target,purchase,179.95,Shopping
Water Service,payment utility monthly,654.49,Bills & Utilities
AT&T,payment service #3936,109.01,Bills & Utilities
Xbox,game #9858,24.52,Entertainment
H&M,electronics purchase,237.21,Shopping
Local Clinic,prescription medicine medical,492.76,Healthcare
Miscellaneous,general payment #7930,44.74,Others
Local Restaurant,delivery,894.11,Food & Dining
Miscellaneous,payment,692.61,Others
Nike,shoes clothes electronics #6900,57.14,Shopping
Quest Diagnostics,medicine,413.97,Healthcare
Local Clinic,prescription doctor health #5308,436.58,Healthcare
BP,transportation taxi transit,35.59,Transportation
Shell,gas ride,33.47,Transportation
Subway,meal,16.57,Food & Dining
AT&T,payment utility monthly,526.02,Bills & Utilities
Metro,transit,22.64,Transportation
Electric Company,service payment utility #2301,973.78,Bills & Utilities
Target,purchase #5745,229.62,Shopping
Netflix,music movie,24.92,Entertainment
Safeway,food produce #9826,30.43,Groceries
BP,transit transportation fuel,59.75,Transportation
Shell,taxi transit transportation #9991,63.1,Transportation
Quest Diagnostics,medicine prescription,118.34,Healthcare
Best Buy,electronics purchase,142.02,Shopping
Quest Diagnostics,medicine prescription,115.94,Healthcare
Various Services,other,268.98,Others
AMC Theaters,movie streaming entertainment,38.35,Entertainment
Kroger,food,42.43,Groceries
Electric Company,monthly service utility,513.14,Bills & Utilities
Local Restaurant,delivery lunch takeout,871.85,Food & Dining
Nike,electronics shoes accessories #2418,127.25,Shopping
Miscellaneous,other service,501.94,Others
AT&T,bill monthly utility,181.33,Bills & Utilities
Walgreens,prescription doctor medicine #7075,144.17,Healthcare
Amazon,electronics shoes,123.53,Shopping
Subway,dinner delivery takeout,462.92,Food & Dining
Miscellaneous,misc #1982,848.97,Others
Electric Company,bill monthly payment #4272,156.93,Bills & Utilities
Spotify,entertainment streaming #9847,17.59,Entertainment
Target,purchase electronics clothes,281.35,Shopping
Local Clinic,prescription doctor health,168.37,Healthcare
Various Services,service misc,776.64,Others
Spotify,entertainment,13.36,Entertainment
Kroger,bread groceries dairy,39.3,Groceries
Nike,purchase electronics #3553,286.72,Shopping
Various Services,misc,569.1,Others
AMC Theaters,game entertainment #9163,19.52,Entertainment
Local Restaurant,dinner #6187,252.66,Food & Dining
Steam,music streaming game,37.4,Entertainment
Various Services,other service general,97.85,Others
Miscellaneous,general other misc,194.14,Others
Whole Foods,dairy produce,27.45,Groceries
Xbox,music movie streaming,33.59,Entertainment
Subway,takeout dinner,336.4,Food & Dining
Unknown Vendor,general misc,508.14,Others
Kroger,food groceries,28.25,Groceries
Various Services,misc payment service,682.36,Others
Best Buy,accessories #2043,114.34,Shopping
Shell,taxi gas ride,6.25,Transportation
Best Buy,purchase shoes,184.06,Shopping
Amazon,purchase clothes electronics,172.98,Shopping
Verizon,monthly,56.31,Bills & Utilities
Subway,delivery #8032,147.14,Food & Dining
Verizon,monthly payment utility #3031,519.18,Bills & Utilities
Shell,fuel ride taxi,14.1,Transportation
Best Buy,electronics purchase accessories #9530,188.31,Shopping
Local Clinic,health #5865,60.72,Healthcare
BP,ride transit #2835,37.65,Transportation
Spotify,streaming #7451,16.18,Entertainment
Metro,fuel ride transportation,42.41,Transportation
Chipotle,lunch restaurant meal,522.36,Food & Dining
Electric Company,bill utility monthly,377.64,Bills & Utilities
Xbox,streaming,43.98,Entertainment
Lyft,gas taxi,51.37,Transportation
Verizon,bill service monthly #9644,303.81,Bills & Utilities
Amazon,clothes #4393,208.37,Shopping
Walgreens,medicine health,358.38,Healthcare
Whole Foods,dairy bread,113.57,Groceries
Quest Diagnostics,medicine health doctor,260.88,Healthcare
Amazon,clothes shoes purchase,205.7,Shopping
Shell,taxi ride,34.39,Transportation
Local Restaurant,meal,171.14,Food & Dining
BP,taxi fuel,54.71,Transportation
Target,clothes purchase #4617,43.03,Shopping
Walgreens,medicine,226.25,Healthcare
Local Restaurant,takeout meal lunch #9954,903.72,Food & Dining
Walgreens,doctor prescription,475.66,Healthcare
Local Clinic,health medical doctor,270.46,Healthcare
Various Services,misc,343.63,Others
Best Buy,purchase #5982,91.48,Shopping
Target,electronics accessories #5334,289.31,Shopping
CVS,doctor medical health #5567,446.41,Healthcare
McDonalds,dinner,259.55,Food & Dining
Amazon,shoes purchase #2353,251.02,Shopping
Pizza Hut,dinner lunch,975.95,Food & Dining
Verizon,monthly payment,791.56,Bills & Utilities
Various Services,service,123.72,Others
Safeway,dairy produce,96.81,Groceries
H&M,accessories,114.6,Shopping
Metro,transit gas transportation,13.03,Transportation
Nike,clothes shoes,129.24,Shopping
Quest Diagnostics,medicine,400.33,Healthcare
Uber,taxi gas transportation,22.28,Transportation
Electric Company,service,516.08,Bills & Utilities
Quest Diagnostics,medical doctor,300.29,Healthcare
Shell,ride transportation #7784,69.37,Transportation
Shell,transit,72.13,Transportation
Uber,taxi,48.11,Transportation
Metro,transportation,62.98,Transportation
CVS,doctor #3507,34.48,Healthcare
McDonalds,meal dinner lunch,785.88,Food & Dining
Walgreens,doctor,440.45,Healthcare
Steam,music movie game #1873,22.32,Entertainment
Steam,game,35.88,Entertainment
Best Buy,clothes shoes #5098,279.43,Shopping
Walgreens,medicine doctor,94.01,Healthcare
Spotify,music movie,27.6,Entertainment
Safeway,dairy bread food #9913,143.22,Groceries
Unknown Vendor,payment #8585,515.58,Others
Netflix,music #4323,41.25,Entertainment
Unknown Vendor,other #7481,144.62,Others
AT&T,monthly bill service,391.5,Bills & Utilities
Miscellaneous,misc #5904,408.77,Others
Walmart,bread,96.49,Groceries
Miscellaneous,misc service payment,391.88,Others
BP,gas #1851,55.41,Transportation
Quest Diagnostics,medical,35.76,Healthcare
Nike,shoes,69.9,Shopping
Unknown Vendor,service payment,205.53,Others
Safeway,bread food,79.39,Groceries
Lyft,ride gas fuel #7256,42.55,Transportation
Unknown Vendor,payment service,580.15,Others
Quest Diagnostics,medicine prescription health,192.59,Healthcare
Target,electronics accessories,228.67,Shopping
Water Service,payment utility,140.11,Bills & Utilities
AMC Theaters,game movie entertainment,46.11,Entertainment
Water Service,bill service #3158,148.28,Bills & Utilities
Safeway,bread #5587,149.04,Groceries
AMC Theaters,game #5455,23.19,Entertainment
Various Services,misc #5413,141.84,Others
Steam,movie streaming entertainment,39.58,Entertainment
Metro,fuel transportation,71.28,Transportation
Local Clinic,doctor prescription,464.98,Healthcare
Water Service,payment #2100,255.02,Bills & Utilities
Pizza Hut,dinner delivery #4291,915.64,Food & Dining
Quest Diagnostics,health medical medicine,100.66,Healthcare
AMC Theaters,entertainment movie music,49.31,Entertainment
Uber,transportation,55.29,Transportation
Walgreens,medical health,367.29,Healthcare
Spotify,game movie music #2012,31.98,Entertainment
Best Buy,purchase,105.69,Shopping
Unknown Vendor,misc,413.07,Others
McDonalds,lunch,252.63,Food & Dining
Unknown Vendor,misc other,151.53,Others
AMC Theaters,music,48.19,Entertainment
Chipotle,dinner,148.73,Food & Dining
Safeway,food groceries,33.89,Groceries
Unknown Vendor,service payment general #5813,883.56,Others
AT&T,utility monthly payment,272.42,Bills & Utilities
Whole Foods,produce groceries,43.78,Groceries
Verizon,service bill payment,997.45,Bills & Utilities
Local Restaurant,dinner delivery takeout #1171,678.57,Food & Dining
McDonalds,dinner restaurant,535.79,Food & Dining
Local Clinic,prescription medicine,151.85,Healthcare
AT&T,monthly,443.22,Bills & Utilities
Spotify,music,41.28,Entertainment
Miscellaneous,other misc #1191,783.58,Others
Unknown Vendor,misc service general,394.22,Others
Quest Diagnostics,medicine medical health #6909,59.45,Healthcare
Uber,transportation fuel #1923,61.21,Transportation
Best Buy,accessories,35.85,Shopping
Netflix,entertainment streaming #3097,33.32,Entertainment
Target,clothes #9508,244.24,Shopping
AMC Theaters,streaming game entertainment #7367,39.66,Entertainment
Verizon,monthly utility payment,782.86,Bills & Utilities
Various Services,service,425.55,Others
Pizza Hut,delivery takeout,938.58,Food & Dining
McDonalds,meal lunch dinner,398.84,Food & Dining
CVS,doctor health,164.08,Healthcare
Water Service,bill payment service,588.52,Bills & Utilities
Unknown Vendor,payment general,690.52,Others
Verizon,service monthly,174.0,Bills & Utilities
Lyft,transportation #2210,6.12,Transportation
Miscellaneous,other general,932.47,Others
Trader Joes,produce meat dairy,180.78,Groceries
Netflix,streaming movie entertainment,14.83,Entertainment
H&M,purchase clothes shoes #2876,135.8,Shopping
CVS,medicine doctor prescription,33.87,Healthcare
Walgreens,medical doctor prescription,70.13,Healthcare
Netflix,music,28.96,Entertainment
CVS,medical,223.43,Healthcare
Miscellaneous,payment misc,943.08,Others
Best Buy,clothes #7664,87.15,Shopping
Kroger,groceries meat,118.28,Groceries
CVS,health medicine,74.98,Healthcare
Miscellaneous,service,395.34,Others
Walgreens,health doctor,248.92,Healthcare
Uber,transportation fuel gas,66.41,Transportation
Miscellaneous,other,281.24,Others
Kroger,groceries bread produce #1530,91.43,Groceries
Miscellaneous,misc other #1322,858.43,Others
Shell,transportation taxi,9.08,Transportation
Verizon,monthly bill utility,813.83,Bills & Utilities
Water Service,payment #9013,632.15,Bills & Utilities
Uber,transportation,79.03,Transportation
Netflix,entertainment,46.85,Entertainment
Electric Company,utility service #6321,312.75,Bills & Utilities
Walgreens,medicine #9581,64.37,Healthcare
CVS,prescription doctor,355.82,Healthcare
Verizon,utility service monthly #7214,318.79,Bills & Utilities
Trader Joes,bread produce dairy #8530,154.06,Groceries
Amazon,electronics accessories,19.28,Shopping
Various Services,misc general,862.89,Others
Shell,ride,55.27,Transportation
Local Clinic,medicine medical,151.97,Healthcare
Safeway,groceries produce food,193.09,Groceries
Subway,dinner lunch meal #2943,884.73,Food & Dining
Steam,movie game music,39.74,Entertainment
Trader Joes,produce meat #2881,189.03,Groceries
AMC Theaters,movie music,11.07,Entertainment
Target,shoes purchase,222.31,Shopping
Trader Joes,groceries #3187,177.56,Groceries
Shell,taxi transportation,16.77,Transportation
Amazon,shoes,231.11,Shopping
Quest Diagnostics,health,227.97,Healthcare
McDonalds,delivery dinner,969.99,Food & Dining
H&M,purchase electronics,183.48,Shopping
Subway,lunch dinner,105.53,Food & Dining
Uber,transportation transit,48.03,Transportation
Trader Joes,bread #1828,60.47,Groceries
Various Services,payment,57.56,Others
Unknown Vendor,general,140.05,Others
Unknown Vendor,general other,509.9,Others
Nike,accessories,84.51,Shopping
Metro,transportation,78.0,Transportation
Lyft,transit,61.04,Transportation
Safeway,produce,198.66,Groceries
Verizon,utility,837.15,Bills & Utilities
CVS,health #7860,350.8,Healthcare
BP,ride taxi fuel,48.93,Transportation
Best Buy,accessories,55.01,Shopping
Nike,electronics shoes,55.22,Shopping
AT&T,service payment #4534,677.75,Bills & Utilities
McDonalds,meal restaurant,576.49,Food & Dining
Netflix,music entertainment,40.0,Entertainment
Miscellaneous,general #6994,586.55,Others
Miscellaneous,general,157.36,Others
McDonalds,takeout restaurant delivery,822.38,Food & Dining
AMC Theaters,entertainment music streaming,46.03,Entertainment
Unknown Vendor,service misc payment,155.08,Others
Chipotle,lunch restaurant,693.45,Food & Dining
CVS,prescription medicine doctor,387.51,Healthcare
Lyft,transit,25.98,Transportation
McDonalds,dinner takeout,557.61,Food & Dining
Verizon,bill payment utility,819.02,Bills & Utilities
Unknown Vendor,misc #3977,943.45,Others
Walmart,produce,154.14,Groceries
H&M,accessories purchase,274.89,Shopping
Subway,lunch takeout,983.94,Food & Dining
Kroger,groceries meat,105.77,Groceries
Whole Foods,groceries bread food,149.95,Groceries
Walmart,bread groceries #4060,49.72,Groceries
Pizza Hut,dinner #5587,995.67,Food & Dining
Subway,restaurant dinner #8518,642.2,Food & Dining
Subway,meal restaurant,617.77,Food & Dining
Chipotle,takeout delivery meal #2116,564.42,Food & Dining
Kroger,meat,102.45,Groceries
Electric Company,service,112.98,Bills & Utilities
Nike,purchase accessories #4056,209.73,Shopping
Metro,transportation #2989,43.92,Transportation
Electric Company,service monthly,102.21,Bills & Utilities
Walgreens,health prescription medicine,448.38,Healthcare
Best Buy,electronics,233.53,Shopping
Xbox,music,23.53,Entertainment
Local Restaurant,lunch meal delivery,288.92,Food & Dining
Pizza Hut,delivery meal #7540,916.6,Food & Dining
Amazon,accessories,197.53,Shopping
Pizza Hut,lunch dinner meal,493.3,Food & Dining
Local Clinic,doctor,25.36,Healthcare
Electric Company,payment bill #1497,895.51,Bills & Utilities
AMC Theaters,music,12.45,Entertainment
Spotify,game movie,26.75,Entertainment
Electric Company,monthly payment bill #1146,76.79,Bills & Utilities
Amazon,accessories,20.71,Shopping
Local Clinic,prescription medical #5108,425.28,Healthcare
Nike,accessories purchase #9307,251.46,Shopping
Kroger,food produce,111.9,Groceries
Miscellaneous,general,37.74,Others
Chipotle,takeout,149.44,Food & Dining
Spotify,game #8723,29.1,Entertainment
Netflix,entertainment streaming,18.11,Entertainment
Netflix,music,25.68,Entertainment
Uber,gas ride fuel,40.99,Transportation
McDonalds,takeout,247.73,Food & Dining
Amazon,purchase #4912,96.88,Shopping
Amazon,accessories shoes,243.4,Shopping
Steam,game entertainment music,12.11,Entertainment
Local Clinic,doctor prescription medical,57.77,Healthcare
Chipotle,lunch meal takeout,808.66,Food & Dining
Miscellaneous,general payment misc,845.49,Others
Lyft,fuel ride taxi #7933,10.93,Transportation
Unknown Vendor,general payment other,478.04,Others
AT&T,monthly bill utility #2811,872.35,Bills & Utilities
Xbox,game,17.74,Entertainment
Steam,game,43.96,Entertainment
Whole Foods,bread food,181.34,Groceries
Verizon,bill,423.12,Bills & Utilities
Target,purchase accessories shoes #9506,87.29,Shopping
Unknown Vendor,misc service,680.67,Others
Xbox,game #8392,32.03,Entertainment
Local Restaurant,takeout delivery restaurant #5789,426.78,Food & Dining
Walgreens,health prescription medicine,336.77,Healthcare
CVS,medical prescription,380.39,Healthcare
Safeway,food bread,69.69,Groceries
Water Service,utility,171.93,Bills & Utilities
Walmart,produce #8415,199.37,Groceries
Safeway,food produce groceries,132.99,Groceries
McDonalds,restaurant lunch,838.65,Food & Dining
Trader Joes,dairy #4023,24.21,Groceries
Local Clinic,medicine,350.75,Healthcare
Subway,meal dinner #2125,780.6,Food & Dining
AT&T,bill payment #6706,988.92,Bills & Utilities
McDonalds,meal #3591,283.19,Food & Dining
Lyft,transportation #5323,47.21,Transportation
Safeway,meat bread #5633,153.67,Groceries
McDonalds,restaurant lunch meal,637.34,Food & Dining
Steam,music streaming entertainment,40.46,Entertainment
Various Services,payment general,263.76,Others
Steam,music entertainment movie,28.69,Entertainment
Electric Company,bill,812.01,Bills & Utilities
Local Clinic,doctor,497.94,Healthcare
Subway,delivery lunch,172.07,Food & Dining
Local Restaurant,dinner restaurant meal,440.69,Food & Dining
Various Services,payment other misc,140.93,Others
Unknown Vendor,payment #6962,756.83,Others
Amazon,clothes purchase shoes,113.88,Shopping
Steam,movie entertainment streaming #8553,38.85,Entertainment
Lyft,transit #3440,73.9,Transportation
Chipotle,delivery takeout,500.23,Food & Dining
Walmart,groceries meat #7491,148.67,Groceries
Pizza Hut,lunch dinner restaurant,269.32,Food & Dining
Pizza Hut,takeout restaurant delivery,552.2,Food & Dining
Water Service,utility bill,788.38,Bills & Utilities
Electric Company,utility bill monthly,661.76,Bills & Utilities
Lyft,gas taxi #4752,10.6,Transportation
Electric Company,monthly utility bill #8660,280.64,Bills & Utilities
Quest Diagnostics,medical,298.25,Healthcare
Miscellaneous,payment general misc,714.84,Others
Amazon,shoes clothes purchase #5163,142.68,Shopping
H&M,purchase accessories,171.74,Shopping
Xbox,movie game,28.55,Entertainment
Walgreens,prescription,365.42,Healthcare
H&M,accessories purchase #2512,243.91,Shopping
Xbox,game movie #2278,27.69,Entertainment
Spotify,entertainment streaming,43.55,Entertainment
Xbox,streaming music movie,31.47,Entertainment
Netflix,game movie #2695,12.38,Entertainment
Quest Diagnostics,medicine health #1833,190.03,Healthcare
Trader Joes,dairy meat,34.26,Groceries
Various Services,payment,159.74,Others
Metro,fuel gas transportation,60.07,Transportation
Xbox,game music streaming,41.83,Entertainment
Netflix,movie game #8114,38.75,Entertainment
Best Buy,electronics purchase clothes #9904,71.22,Shopping
Miscellaneous,service general misc,912.68,Others
BP,transit transportation gas,56.31,Transportation
CVS,medical medicine #9129,71.4,Healthcare
Verizon,payment utility bill #3118,715.47,Bills & Utilities
Amazon,purchase electronics clothes,131.99,Shopping
H&M,shoes purchase clothes #3894,265.79,Shopping
Water Service,service payment,92.32,Bills & Utilities
Trader Joes,food #9783,136.61,Groceries
Uber,taxi transit,46.61,Transportation
Uber,transit,60.63,Transportation
Subway,takeout restaurant,66.03,Food & Dining
Miscellaneous,payment misc general,908.09,Others
Spotify,streaming,33.51,Entertainment
Walgreens,health medical prescription #5879,66.27,Healthcare
Lyft,fuel transit,24.65,Transportation
Spotify,entertainment game #8552,15.23,Entertainment
Unknown Vendor,general,824.45,Others
AT&T,bill service,457.39,Bills & Utilities
H&M,accessories electronics #9017,52.73,Shopping
Netflix,music movie,30.57,Entertainment
Unknown Vendor,misc,514.99,Others
CVS,medical prescription doctor #8250,227.78,Healthcare
Walmart,dairy groceries,147.88,Groceries
Electric Company,payment service,557.27,Bills & Utilities
McDonalds,restaurant #5278,282.53,Food & Dining
Target,purchase accessories electronics,272.05,Shopping
BP,gas ride taxi,65.39,Transportation
Netflix,music,23.42,Entertainment
Lyft,transportation ride transit,29.36,Transportation
Netflix,entertainment,20.34,Entertainment
CVS,medicine,198.98,Healthcare
Kroger,meat,190.76,Groceries
Kroger,bread,154.83,Groceries
Nike,shoes #5531,246.86,Shopping
Verizon,monthly,548.59,Bills & Utilities
Safeway,food dairy groceries #4474,118.19,Groceries
CVS,prescription health doctor,254.74,Healthcare
Local Clinic,prescription health medicine,374.24,Healthcare
Local Clinic,doctor health prescription,340.75,Healthcare
Trader Joes,groceries dairy,33.79,Groceries
Verizon,utility payment bill,798.35,Bills & Utilities
Subway,meal dinner delivery,661.58,Food & Dining
Nike,clothes,119.12,Shopping
Safeway,groceries,100.34,Groceries
Subway,restaurant lunch,972.17,Food & Dining
H&M,electronics accessories #1173,139.29,Shopping
Unknown Vendor,other general payment,169.12,Others
Nike,shoes purchase #3030,89.2,Shopping
Safeway,produce meat dairy,67.16,Groceries
Pizza Hut,dinner,794.58,Food & Dining
Netflix,movie streaming #7267,10.94,Entertainment
CVS,medical doctor #3689,417.29,Healthcare
Trader Joes,food produce,77.36,Groceries
Chipotle,dinner lunch,808.12,Food & Dining
Spotify,streaming,20.28,Entertainment
Local Restaurant,lunch #5364,345.61,Food & Dining
Whole Foods,meat food groceries #5681,73.57,Groceries
Water Service,payment service,374.68,Bills & Utilities
Nike,shoes electronics accessories,29.36,Shopping
H&M,electronics clothes accessories,103.27,Shopping
Verizon,utility,187.22,Bills & Utilities
AT&T,payment service bill,952.36,Bills & Utilities
Local Restaurant,delivery meal,52.65,Food & Dining
Water Service,payment #3571,171.8,Bills & Utilities
Unknown Vendor,payment general,369.02,Others
Miscellaneous,payment misc other,536.64,Others
Lyft,fuel,57.75,Transportation
Electric Company,monthly,311.28,Bills & Utilities
BP,transit transportation #7234,69.79,Transportation
Electric Company,utility service monthly #9664,847.66,Bills & Utilities
Various Services,service,151.0,Others
Electric Company,monthly bill utility,129.46,Bills & Utilities
AMC Theaters,game movie music #8612,39.16,Entertainment
Miscellaneous,misc general,267.75,Others
Subway,delivery lunch takeout,176.57,Food & Dining
Electric Company,bill utility,498.71,Bills & Utilities
Target,purchase,92.61,Shopping
BP,gas transit taxi,67.72,Transportation
Quest Diagnostics,medicine prescription medical,106.54,Healthcare
AT&T,utility,765.03,Bills & Utilities
Miscellaneous,payment other,753.59,Others
Local Clinic,medical,295.38,Healthcare
AT&T,monthly bill service,245.0,Bills & Utilities
AMC Theaters,music entertainment movie,16.36,Entertainment
Walgreens,doctor,388.08,Healthcare
Chipotle,lunch delivery restaurant,492.89,Food & Dining
Target,accessories #6984,72.19,Shopping
H&M,accessories,173.71,Shopping
Various Services,other misc payment,917.03,Others
Water Service,service,709.64,Bills & Utilities
Verizon,bill #1401,16.98,Bills & Utilities
Unknown Vendor,misc payment #6903,392.54,Others
Miscellaneous,general,193.61,Others
CVS,medical,405.56,Healthcare
Water Service,payment service #4990,445.96,Bills & Utilities
Walgreens,health medicine #8487,326.39,Healthcare
Pizza Hut,delivery,670.91,Food & Dining
Local Clinic,medical health doctor,435.53,Healthcare
Pizza Hut,meal dinner,107.8,Food & Dining
Amazon,clothes purchase,142.24,Shopping
CVS,health #5143,72.99,Healthcare
Various Services,general payment misc,413.47,Others
Water Service,bill,33.38,Bills & Utilities
Local Restaurant,lunch delivery meal #1428,545.55,Food & Dining
Pizza Hut,meal dinner #3334,672.87,Food & Dining
CVS,prescription medicine #4492,458.61,Healthcare
Miscellaneous,payment other #1382,950.79,Others
Electric Company,utility,566.54,Bills & Utilities
Safeway,bread #2339,150.31,Groceries
Miscellaneous,payment misc #8304,482.87,Others
Chipotle,dinner lunch #1749,521.04,Food & Dining
Various Services,general service,949.51,Others
Water Service,utility monthly service #5279,167.68,Bills & Utilities
Whole Foods,groceries,157.49,Groceries
CVS,prescription,340.21,Healthcare
Whole Foods,food meat,67.11,Groceries
Electric Company,monthly utility,626.72,Bills & Utilities
Various Services,service #1471,638.13,Others
Unknown Vendor,other misc service,788.82,Others
Shell,transportation ride taxi #5732,12.07,Transportation
Pizza Hut,takeout,756.03,Food & Dining
Uber,gas ride,11.57,Transportation
Xbox,entertainment movie,22.61,Entertainment
AMC Theaters,game entertainment music,26.94,Entertainment
Miscellaneous,misc service other,553.43,Others
Spotify,music,29.73,Entertainment
Water Service,bill monthly #1936,332.15,Bills & Utilities
BP,gas fuel transportation,53.33,Transportation
Uber,taxi transportation fuel,47.13,Transportation
Water Service,monthly,166.83,Bills & Utilities
Subway,lunch delivery #7553,656.51,Food & Dining
Electric Company,monthly,85.28,Bills & Utilities
Local Restaurant,meal,577.1,Food & Dining
Steam,streaming entertainment music,12.24,Entertainment
Trader Joes,dairy groceries,148.53,Groceries
Walgreens,medical doctor,295.99,Healthcare
H&M,shoes purchase,47.99,Shopping
Pizza Hut,restaurant meal lunch,792.83,Food & Dining
Electric Company,service utility monthly #7481,871.08,Bills & Utilities
Metro,gas transportation,66.45,Transportation
McDonalds,delivery,267.73,Food & Dining
Xbox,streaming entertainment,27.37,Entertainment
Safeway,groceries #9080,155.7,Groceries
Nike,accessories electronics #1239,108.86,Shopping
CVS,medicine health medical,202.99,Healthcare
Walmart,meat produce #3673,179.27,Groceries
McDonalds,dinner lunch delivery,830.21,Food & Dining
Lyft,taxi,60.65,Transportation
Miscellaneous,payment misc service #1504,754.43,Others
Lyft,transportation taxi #6196,78.8,Transportation
Various Services,misc,797.32,Others
H&M,electronics purchase #4148,241.94,Shopping
Target,electronics clothes purchase,49.81,Shopping
BP,taxi gas,77.25,Transportation
Chipotle,meal dinner,57.82,Food & Dining
AMC Theaters,music entertainment,33.57,Entertainment
BP,transit ride transportation #9713,45.55,Transportation
Various Services,other general #5664,586.62,Others
Water Service,bill monthly #2379,240.56,Bills & Utilities
AMC Theaters,music game movie,32.71,Entertainment
Water Service,bill utility,779.56,Bills & Utilities
Whole Foods,bread dairy,63.15,Groceries
Chipotle,dinner takeout,688.65,Food & Dining
BP,gas transit ride #5204,36.96,Transportation
Quest Diagnostics,health,270.75,Healthcare
Various Services,other payment service,506.12,Others
Steam,game,48.36,Entertainment
BP,ride fuel #4205,62.06,Transportation
AMC Theaters,movie,48.75,Entertainment
H&M,accessories,76.44,Shopping
Walgreens,doctor,293.89,Healthcare
Uber,transportation ride transit,35.24,Transportation
H&M,shoes electronics clothes #5302,146.63,Shopping
Kroger,bread dairy #8084,60.81,Groceries
Amazon,purchase shoes electronics #8337,156.81,Shopping
H&M,electronics purchase,152.11,Shopping
Xbox,movie music #3235,15.99,Entertainment
Amazon,accessories shoes purchase #7115,161.38,Shopping
AMC Theaters,music streaming entertainment,15.27,Entertainment
Unknown Vendor,other #9102,959.5,Others
BP,fuel,28.58,Transportation
Kroger,food,142.79,Groceries
Subway,delivery,87.69,Food & Dining
Kroger,bread food produce,184.08,Groceries
Various Services,service general payment #4870,107.08,Others
Electric Company,service,607.17,Bills & Utilities
Shell,fuel,70.91,Transportation
Electric Company,bill,589.57,Bills & Utilities
Trader Joes,food groceries,143.94,Groceries
Local Restaurant,lunch delivery restaurant,184.66,Food & Dining
Miscellaneous,service other #5099,76.28,Others
AT&T,utility,37.81,Bills & Utilities
Steam,movie music entertainment,18.76,Entertainment
Safeway,produce dairy food,87.41,Groceries
Various Services,other general payment,961.8,Others
AT&T,utility bill monthly,174.88,Bills & Utilities
CVS,health #2752,412.61,Healthcare
Target,clothes #1528,279.04,Shopping
Quest Diagnostics,health #1916,411.2,Healthcare
Amazon,electronics shoes clothes,104.95,Shopping
H&M,purchase,225.96,Shopping
Quest Diagnostics,doctor #4594,387.72,Healthcare
Steam,game movie music #1404,48.78,Entertainment
Whole Foods,food groceries meat,153.82,Groceries
Pizza Hut,dinner delivery #9936,905.08,Food & Dining
Various Services,other,191.63,Others
Target,electronics accessories shoes,227.17,Shopping
Uber,transit,67.12,Transportation
Walgreens,doctor #8026,196.98,Healthcare
Walgreens,prescription medical medicine #9976,129.67,Healthcare
Nike,clothes,263.23,Shopping
Walgreens,health prescription,229.0,Healthcare
Water Service,bill,382.32,Bills & Utilities
Unknown Vendor,general payment #5227,558.14,Others
Walmart,food bread,153.15,Groceries
Safeway,groceries #2005,152.97,Groceries
Kroger,meat produce,177.49,Groceries
Local Clinic,prescription doctor medical,424.31,Healthcare
Whole Foods,groceries dairy produce,90.85,Groceries
Water Service,payment service utility,893.15,Bills & Utilities
Target,shoes purchase,69.95,Shopping
Walmart,food meat bread,146.39,Groceries
Walmart,produce food bread,64.15,Groceries
Walmart,dairy,171.88,Groceries
AT&T,monthly bill,704.47,Bills & Utilities
Uber,transportation #9071,79.85,Transportation
Shell,taxi transportation #4746,57.77,Transportation
AMC Theaters,streaming #5255,45.61,Entertainment
Verizon,bill payment monthly,95.28,Bills & Utilities
BP,taxi #6969,40.0,Transportation
Whole Foods,produce bread food,174.02,Groceries
Pizza Hut,dinner restaurant delivery,679.96,Food & Dining
Walmart,bread,192.72,Groceries
AT&T,payment service,296.25,Bills & Utilities
Shell,fuel gas transportation #4005,42.72,Transportation
McDonalds,takeout restaurant #9722,714.6,Food & Dining
Spotify,music movie,29.25,Entertainment
Metro,fuel transit,42.63,Transportation
Metro,ride gas fuel #1278,59.13,Transportation
Pizza Hut,takeout,558.89,Food & Dining
Local Clinic,prescription health medical,29.76,Healthcare
Local Restaurant,dinner delivery takeout,839.21,Food & Dining
Target,accessories clothes,72.09,Shopping
AT&T,payment bill,335.8,Bills & Utilities
Walgreens,health medicine prescription,110.63,Healthcare
Steam,movie #9772,22.29,Entertainment
Unknown Vendor,service misc payment,227.01,Others
BP,transportation transit #1377,56.18,Transportation
Xbox,movie,26.95,Entertainment
Various Services,payment,41.88,Others
Whole Foods,dairy bread #1095,47.46,Groceries
Miscellaneous,payment service other,619.48,Others
Electric Company,payment #5321,661.88,Bills & Utilities
Metro,gas ride #8121,48.03,Transportation
Various Services,misc payment general,52.27,Others
CVS,prescription medical,24.41,Healthcare
Quest Diagnostics,medicine health,406.43,Healthcare
Best Buy,clothes purchase,22.75,Shopping
Nike,purchase,152.5,Shopping
Shell,taxi gas #8347,53.4,Transportation
McDonalds,lunch meal #6495,242.16,Food & Dining
Water Service,utility bill,731.55,Bills & Utilities
Walmart,groceries produce bread,178.19,Groceries
Unknown Vendor,misc other #4575,194.42,Others
Local Restaurant,delivery dinner meal,729.19,Food & Dining
Shell,fuel gas transit,27.11,Transportation
Subway,lunch delivery,410.02,Food & Dining
AT&T,payment,296.97,Bills & Utilities
Safeway,bread,184.27,Groceries
Electric Company,service payment bill,800.78,Bills & Utilities
Metro,fuel ride taxi,37.46,Transportation
Local Restaurant,dinner delivery,69.93,Food & Dining
Pizza Hut,meal lunch,172.02,Food & Dining
Kroger,dairy meat food #7406,133.21,Groceries
Water Service,bill monthly #3745,862.05,Bills & Utilities
Steam,game streaming entertainment,20.65,Entertainment
Whole Foods,food groceries,57.59,Groceries
Lyft,gas,27.3,Transportation
Various Services,service,778.35,Others
Lyft,fuel ride,28.36,Transportation
Verizon,utility bill #6313,877.01,Bills & Utilities
Whole Foods,bread food groceries,104.6,Groceries
Best Buy,shoes,161.4,Shopping
Verizon,bill utility service #7007,285.81,Bills & Utilities
Subway,takeout,510.21,Food & Dining
Miscellaneous,payment other,270.06,Others
Quest Diagnostics,doctor prescription,302.8,Healthcare
Uber,transportation,54.96,Transportation
Amazon,electronics purchase accessories #4745,263.54,Shopping
Trader Joes,produce dairy meat,159.67,Groceries
Trader Joes,groceries produce,80.22,Groceries
Netflix,streaming music entertainment #2110,14.55,Entertainment
Water Service,utility service monthly #9899,757.52,Bills & Utilities
Electric Company,payment,837.0,Bills & Utilities
Electric Company,utility,174.89,Bills & Utilities
Pizza Hut,meal restaurant delivery,718.31,Food & Dining
AT&T,bill payment,453.31,Bills & Utilities
AMC Theaters,entertainment streaming #8930,37.46,Entertainment
Nike,purchase accessories,202.8,Shopping
Pizza Hut,lunch dinner restaurant,359.81,Food & Dining
Spotify,music game entertainment,40.19,Entertainment
Shell,transportation gas #6522,17.08,Transportation
H&M,purchase clothes shoes,138.7,Shopping
Target,electronics #4941,131.79,Shopping
AMC Theaters,music game movie,49.68,Entertainment
Trader Joes,dairy,102.75,Groceries
Local Clinic,prescription doctor health,323.62,Healthcare
Target,accessories,21.0,Shopping
AMC Theaters,streaming entertainment,42.95,Entertainment
CVS,prescription #6312,122.48,Healthcare
Water Service,bill monthly,514.35,Bills & Utilities
Quest Diagnostics,doctor #7217,85.91,Healthcare
Various Services,misc general #6379,495.63,Others
AT&T,service payment utility,490.85,Bills & Utilities
Shell,transit,24.54,Transportation
Pizza Hut,takeout,464.31,Food & Dining
Quest Diagnostics,health medical #6215,247.97,Healthcare
Water Service,utility bill monthly,877.24,Bills & Utilities
CVS,medicine health prescription #1769,147.74,Healthcare
Shell,fuel,48.8,Transportation
Unknown Vendor,general payment other,553.24,Others
Netflix,music,23.76,Entertainment
Miscellaneous,service #5469,589.97,Others
Shell,transit taxi,5.29,Transportation
McDonalds,delivery restaurant dinner #8514,298.14,Food & Dining
Quest Diagnostics,prescription,337.31,Healthcare
Local Restaurant,restaurant takeout #4298,28.46,Food & Dining
AT&T,payment,739.23,Bills & Utilities
Uber,fuel gas #8592,5.76,Transportation
Walmart,bread food groceries,138.5,Groceries
Miscellaneous,service,627.38,Others
Quest Diagnostics,doctor prescription,217.63,Healthcare
Verizon,service bill monthly,513.25,Bills & Utilities
McDonalds,meal,235.59,Food & Dining
H&M,shoes purchase,133.91,Shopping
Walmart,meat,156.56,Groceries
Xbox,entertainment streaming music,38.8,Entertainment
Safeway,groceries,45.62,Groceries
Uber,gas,28.18,Transportation
Chipotle,lunch meal #9338,655.23,Food & Dining
Local Restaurant,dinner,936.78,Food & Dining
Local Clinic,medical,301.69,Healthcare
Netflix,streaming,34.26,Entertainment
Netflix,entertainment,18.42,Entertainment
Safeway,produce,191.88,Groceries
Unknown Vendor,general service,685.52,Others
Local Restaurant,takeout restaurant meal,240.81,Food & Dining
Netflix,movie,39.14,Entertainment
Chipotle,restaurant takeout #6864,77.26,Food & Dining
Unknown Vendor,service other,28.87,Others
Lyft,fuel taxi,77.17,Transportation
Safeway,bread dairy,157.24,Groceries
Trader Joes,meat food #4689,162.79,Groceries
AT&T,payment monthly bill #1694,824.12,Bills & Utilities
Amazon,electronics,66.31,Shopping
Shell,ride transit #5460,15.37,Transportation
H&M,purchase shoes clothes,160.16,Shopping
Safeway,meat bread,131.76,Groceries
AT&T,monthly #9392,504.0,Bills & Utilities
Unknown Vendor,payment misc general #2784,183.59,Others
Various Services,payment,194.04,Others
Chipotle,delivery dinner #3292,716.47,Food & Dining
Quest Diagnostics,doctor prescription health,141.91,Healthcare
Amazon,clothes purchase shoes,238.21,Shopping
Xbox,entertainment streaming,23.79,Entertainment
Uber,fuel transportation,52.43,Transportation
Xbox,music,40.68,Entertainment
AT&T,bill monthly #3326,35.18,Bills & Utilities
Electric Company,payment,203.87,Bills & Utilities
CVS,medicine #4259,73.48,Healthcare
Quest Diagnostics,medical,371.2,Healthcare
Lyft,transit transportation #6017,49.46,Transportation
CVS,medicine medical doctor,333.04,Healthcare
Electric Company,utility #3665,830.0,Bills & Utilities
Spotify,streaming movie,36.27,Entertainment
Whole Foods,bread,142.5,Groceries
Pizza Hut,meal #3645,252.4,Food & Dining
Netflix,game music entertainment,18.47,Entertainment
AMC Theaters,game entertainment,29.53,Entertainment
Netflix,movie,46.18,Entertainment
Trader Joes,groceries meat produce,46.74,Groceries
AT&T,service monthly,724.46,Bills & Utilities
Subway,takeout dinner delivery #7516,663.39,Food & Dining
Unknown Vendor,general,909.83,Others
Netflix,movie game music #1070,24.42,Entertainment
Electric Company,service monthly,375.5,Bills & Utilities
Netflix,movie music #7974,38.29,Entertainment
Spotify,entertainment,38.32,Entertainment
Lyft,gas ride transportation,74.54,Transportation
Metro,gas fuel #8155,39.33,Transportation
CVS,medical health medicine #6831,357.09,Healthcare
AT&T,service bill payment #5175,161.35,Bills & Utilities
Quest Diagnostics,medicine prescription,44.2,Healthcare
Kroger,bread produce #7607,39.31,Groceries
Miscellaneous,general service payment,372.97,Others
Water Service,payment utility #7261,989.11,Bills & Utilities
Electric Company,bill payment,455.91,Bills & Utilities
Water Service,bill #6526,906.21,Bills & Utilities
Safeway,produce bread,29.64,Groceries
Trader Joes,groceries food produce #7770,129.44,Groceries
Various Services,other,935.69,Others
AT&T,utility,415.07,Bills & Utilities
AMC Theaters,movie streaming #5283,14.16,Entertainment
Spotify,game #5864,44.58,Entertainment
Pizza Hut,lunch dinner restaurant #2931,830.17,Food & Dining
Kroger,groceries meat,108.82,Groceries
Kroger,produce,66.25,Groceries
Subway,dinner meal,950.83,Food & Dining
Local Clinic,medicine health prescription,149.42,Healthcare
Steam,entertainment music,45.91,Entertainment
Trader Joes,food #6942,126.39,Groceries
Whole Foods,produce,105.66,Groceries
Walgreens,doctor prescription,88.43,Healthcare
AT&T,monthly utility payment,397.04,Bills & Utilities
Safeway,dairy bread meat,114.2,Groceries
Amazon,electronics accessories purchase,164.0,Shopping
Trader Joes,dairy meat #3302,61.4,Groceries
Metro,ride transportation #8059,77.15,Transportation
Local Restaurant,restaurant dinner #4980,62.2,Food & Dining
Subway,restaurant takeout,235.97,Food & Dining
Netflix,music entertainment,25.58,Entertainment
Miscellaneous,service,594.15,Others
Subway,dinner,934.61,Food & Dining
Miscellaneous,general misc,408.99,Others
Nike,shoes clothes accessories #8341,102.75,Shopping
Xbox,game movie #3445,40.41,Entertainment
Various Services,general #9494,473.54,Others
Local Restaurant,restaurant lunch meal,888.81,Food & Dining
BP,transit,74.7,Transportation
Xbox,entertainment movie,28.01,Entertainment
Spotify,streaming,44.42,Entertainment
Local Clinic,doctor,136.63,Healthcare
Uber,gas transportation fuel #2929,13.06,Transportation
Miscellaneous,misc,979.44,Others
Unknown Vendor,payment,704.73,Others
Lyft,transportation,27.28,Transportation
BP,transportation fuel gas #9245,76.43,Transportation
Safeway,food produce #6123,121.45,Groceries
Metro,transit gas taxi,45.64,Transportation
H&M,purchase accessories,153.22,Shopping
Various Services,general misc service,960.11,Others
McDonalds,restaurant delivery takeout #9664,16.92,Food & Dining
Walmart,bread,112.4,Groceries
Local Restaurant,lunch dinner #1462,809.35,Food & Dining
Quest Diagnostics,prescription,216.57,Healthcare
Safeway,produce,67.24,Groceries
Local Clinic,medical health,441.39,Healthcare
Miscellaneous,other,462.26,Others
Walgreens,doctor prescription medicine #8446,297.31,Healthcare
Uber,transit,62.1,Transportation
Verizon,service payment,96.55,Bills & Utilities
Various Services,service general other,721.32,Others
AT&T,utility,587.82,Bills & Utilities
Lyft,ride,10.95,Transportation
Steam,music entertainment #2657,16.68,Entertainment
Quest Diagnostics,prescription medical health,312.13,Healthcare
Verizon,payment #3307,683.9,Bills & Utilities
Local Clinic,prescription medical,278.57,Healthcare
H&M,accessories #5385,268.63,Shopping
Walgreens,health medical doctor,491.23,Healthcare
Quest Diagnostics,health medical,460.6,Healthcare
Pizza Hut,takeout #6002,929.08,Food & Dining
Lyft,taxi,20.88,Transportation
Target,shoes,26.71,Shopping
Electric Company,monthly #7527,673.66,Bills & Utilities
Local Clinic,prescription health medicine,391.75,Healthcare
Pizza Hut,delivery,109.0,Food & Dining
Miscellaneous,misc,462.05,Others
Chipotle,dinner restaurant delivery #4096,80.19,Food & Dining
Verizon,payment utility,325.85,Bills & Utilities
Lyft,transit #7753,27.58,Transportation
Metro,fuel,64.35,Transportation
Water Service,utility monthly service #8350,937.2,Bills & Utilities
Nike,purchase accessories #1677,191.38,Shopping
Water Service,utility payment,537.31,Bills & Utilities
Shell,transportation,65.85,Transportation
Whole Foods,produce,106.3,Groceries
Metro,ride transit #6942,72.66,Transportation
Subway,delivery meal lunch,251.09,Food & Dining
Water Service,monthly,214.96,Bills & Utilities
Kroger,meat produce,187.57,Groceries
Kroger,produce,110.32,Groceries
Pizza Hut,dinner,627.74,Food & Dining
Pizza Hut,dinner restaurant meal,451.61,Food & Dining
Various Services,service general misc,744.04,Others
Xbox,game streaming,37.07,Entertainment
Subway,takeout delivery dinner #7230,967.81,Food & Dining
Pizza Hut,lunch delivery,724.82,Food & Dining
Miscellaneous,service payment,968.07,Others
BP,taxi ride fuel,26.58,Transportation
Uber,ride taxi,34.05,Transportation
AT&T,monthly #7297,27.64,Bills & Utilities
Pizza Hut,lunch dinner #6062,740.2,Food & Dining
Shell,transportation fuel,32.63,Transportation
Target,clothes accessories purchase,280.77,Shopping
Kroger,meat dairy bread,174.15,Groceries
Miscellaneous,other payment,168.6,Others
Chipotle,takeout #8343,982.46,Food & Dining
Local Restaurant,delivery,161.8,Food & Dining
Walgreens,prescription health #7492,470.2,Healthcare
Verizon,utility bill payment #4750,536.31,Bills & Utilities
Spotify,entertainment game,28.18,Entertainment
Safeway,produce dairy,118.66,Groceries
BP,gas fuel #5184,29.11,Transportation
Steam,entertainment game #3399,39.34,Entertainment
Whole Foods,food dairy bread,56.0,Groceries
Metro,transit,67.35,Transportation
Verizon,bill utility payment,617.39,Bills & Utilities
Walmart,meat groceries dairy #7978,188.1,Groceries
Uber,fuel #3323,60.9,Transportation
Whole Foods,food #9885,44.39,Groceries
Subway,lunch takeout,412.84,Food & Dining
Walgreens,doctor medical prescription,292.05,Healthcare
Pizza Hut,dinner,91.69,Food & Dining
AMC Theaters,game streaming,30.6,Entertainment
Miscellaneous,general,654.14,Others
Unknown Vendor,other payment general,661.27,Others
Uber,gas ride fuel #6732,38.41,Transportation
Various Services,payment,888.13,Others
Chipotle,restaurant,34.4,Food & Dining
Local Restaurant,delivery,112.79,Food & Dining
Miscellaneous,other,83.86,Others
Quest Diagnostics,medicine #5916,130.84,Healthcare
H&M,clothes electronics shoes #3999,219.01,Shopping
Unknown Vendor,other,86.82,Others
Local Clinic,health doctor,433.79,Healthcare
Various Services,service payment misc,312.35,Others
Local Clinic,medical health,219.07,Healthcare
Uber,transportation taxi transit,15.77,Transportation
AMC Theaters,entertainment game,16.67,Entertainment
BP,transit fuel transportation #6258,54.95,Transportation
Xbox,music,13.3,Entertainment
Safeway,meat groceries bread #5960,160.5,Groceries
Xbox,streaming,17.02,Entertainment
McDonalds,takeout #9136,727.08,Food & Dining
Chipotle,restaurant #2151,692.53,Food & Dining
Metro,transit taxi fuel,15.67,Transportation
Unknown Vendor,general misc service,400.36,Others
Nike,shoes,231.73,Shopping
Netflix,movie music,46.13,Entertainment
Various Services,general service #8406,700.03,Others
Walgreens,prescription #5275,447.11,Healthcare
Best Buy,shoes clothes accessories,251.91,Shopping
Safeway,groceries,178.53,Groceries
Quest Diagnostics,health medical #1138,355.54,Healthcare
Amazon,shoes accessories,197.07,Shopping
Steam,music streaming game,44.89,Entertainment
Local Restaurant,lunch delivery dinner #7752,144.74,Food & Dining
Netflix,music game,31.37,Entertainment
McDonalds,dinner meal lunch #7633,872.65,Food & Dining
Electric Company,service bill utility,250.7,Bills & Utilities
Local Clinic,medicine,193.21,Healthcare
Whole Foods,produce dairy groceries,64.71,Groceries
Uber,ride transportation gas,77.4,Transportation
Quest Diagnostics,prescription doctor,217.33,Healthcare
Netflix,entertainment,14.72,Entertainment
Chipotle,dinner takeout delivery,606.83,Food & Dining
H&M,clothes,166.52,Shopping
Verizon,monthly service,700.44,Bills & Utilities
Local Clinic,health,346.67,Healthcare
Quest Diagnostics,medicine,321.75,Healthcare
McDonalds,lunch delivery restaurant,522.4,Food & Dining
Quest Diagnostics,medical medicine #8162,216.58,Healthcare
Unknown Vendor,general,565.96,Others
McDonalds,dinner takeout,459.05,Food & Dining
BP,transportation,46.31,Transportation
Xbox,game movie music #8267,27.68,Entertainment
McDonalds,dinner,71.83,Food & Dining
McDonalds,restaurant delivery,338.52,Food & Dining
Chipotle,lunch restaurant,969.16,Food & Dining
Miscellaneous,other misc payment,204.32,Others
Chipotle,dinner meal lunch,257.58,Food & Dining
Miscellaneous,general,80.93,Others
Whole Foods,bread,25.34,Groceries
Spotify,entertainment game movie,43.97,Entertainment
Various Services,payment,119.97,Others
Walgreens,prescription medical,241.6,Healthcare
Trader Joes,meat produce bread,192.86,Groceries
Safeway,meat,187.13,Groceries
Local Clinic,prescription #8666,368.53,Healthcare
Unknown Vendor,other misc service,34.66,Others
Safeway,food meat bread #8075,37.79,Groceries
Miscellaneous,other misc,183.51,Others
Steam,streaming game #9002,23.48,Entertainment
Walgreens,health,156.73,Healthcare
Safeway,groceries #5435,143.39,Groceries
Best Buy,accessories purchase electronics,269.22,Shopping
Nike,shoes accessories purchase,120.38,Shopping
Pizza Hut,takeout,796.5,Food & Dining
Shell,gas taxi transit,24.31,Transportation
Local Clinic,prescription medical doctor,356.63,Healthcare
Water Service,service,669.54,Bills & Utilities
Local Clinic,doctor prescription,351.96,Healthcare
Spotify,entertainment game movie,40.17,Entertainment
McDonalds,restaurant meal,519.04,Food & Dining
Netflix,entertainment,43.0,Entertainment
Chipotle,takeout meal #6713,306.66,Food & Dining
Various Services,misc service other,628.36,Others
AMC Theaters,streaming,43.59,Entertainment
Electric Company,service utility,825.96,Bills & Utilities
Subway,takeout,708.0,Food & Dining
Metro,fuel ride transportation,16.19,Transportation
Electric Company,monthly payment,816.01,Bills & Utilities
Quest Diagnostics,doctor health #5756,348.57,Healthcare
Amazon,purchase electronics #3706,190.51,Shopping
Quest Diagnostics,medical health prescription,309.71,Healthcare
BP,gas taxi #9571,64.03,Transportation
Subway,meal dinner lunch,783.8,Food & Dining
Subway,meal,350.65,Food & Dining
Steam,game #3752,19.49,Entertainment
Whole Foods,dairy,71.91,Groceries
Trader Joes,groceries food #6960,191.73,Groceries
Metro,fuel,58.99,Transportation
Whole Foods,groceries food produce,23.49,Groceries
Pizza Hut,dinner takeout meal,249.59,Food & Dining
H&M,electronics shoes #7258,103.18,Shopping
Metro,transit ride fuel #6252,46.77,Transportation
Amazon,shoes accessories,49.38,Shopping
Verizon,utility service,945.56,Bills & Utilities
Various Services,other payment service,179.2,Others
Unknown Vendor,general other service,854.62,Others
Steam,movie streaming game #9713,38.88,Entertainment
McDonalds,meal #8484,608.37,Food & Dining
Electric Company,service #5227,780.45,Bills & Utilities
Miscellaneous,other payment misc #4084,717.58,Others
Various Services,other payment,373.87,Others
Amazon,accessories,125.38,Shopping
Lyft,transportation gas #4165,23.24,Transportation
Miscellaneous,general payment service,157.11,Others
Chipotle,delivery lunch,667.96,Food & Dining
Local Clinic,doctor prescription #2804,366.7,Healthcare
Uber,fuel gas ride,33.83,Transportation
Water Service,bill monthly,303.06,Bills & Utilities
Local Restaurant,lunch,555.72,Food & Dining
Best Buy,accessories shoes,221.49,Shopping
Walgreens,medicine medical,138.53,Healthcare
Target,electronics,240.78,Shopping
Electric Company,monthly service payment #7289,66.17,Bills & Utilities
Electric Company,service monthly bill,629.42,Bills & Utilities
Lyft,fuel gas transit,49.2,Transportation
Xbox,movie entertainment game #2774,43.83,Entertainment
Spotify,game movie #4049,22.46,Entertainment
BP,ride taxi,47.23,Transportation
Local Clinic,prescription,245.16,Healthcare
Miscellaneous,service general,144.72,Others
Verizon,payment bill service,985.86,Bills & Utilities
H&M,accessories purchase #4982,95.05,Shopping
Local Clinic,medicine #3928,272.99,Healthcare
Best Buy,electronics shoes accessories,260.73,Shopping
Kroger,food meat bread,115.37,Groceries
Shell,transportation taxi #4140,40.55,Transportation
Local Clinic,medical doctor,455.08,Healthcare
Electric Company,bill,956.15,Bills & Utilities
Miscellaneous,payment general,75.93,Others
Spotify,movie music,16.14,Entertainment
Miscellaneous,general other #8163,758.89,Others
Verizon,service payment,656.71,Bills & Utilities
Unknown Vendor,service #3359,319.64,Others
Xbox,streaming movie #1714,18.02,Entertainment
Trader Joes,bread produce,46.59,Groceries
Target,clothes electronics,49.14,Shopping
Chipotle,lunch #9810,244.34,Food & Dining
Xbox,music game,10.78,Entertainment
Local Clinic,prescription,320.99,Healthcare
Nike,shoes purchase,39.99,Shopping
Best Buy,clothes purchase,207.86,Shopping
Various Services,service other payment,665.81,Others
Walmart,food groceries meat,38.36,Groceries
Uber,taxi gas,8.94,Transportation
Whole Foods,produce bread meat,101.47,Groceries
Target,electronics purchase clothes #4183,115.72,Shopping
Pizza Hut,restaurant takeout meal,372.17,Food & Dining
Best Buy,electronics shoes purchase,148.08,Shopping
Metro,fuel #7669,51.35,Transportation
Water Service,monthly bill,838.98,Bills & Utilities
Uber,taxi transit,64.39,Transportation
Various Services,misc payment service,133.7,Others
Uber,transit fuel,43.96,Transportation
Target,clothes accessories shoes,197.24,Shopping
Quest Diagnostics,health prescription doctor #7124,111.05,Healthcare
Best Buy,electronics purchase,186.73,Shopping
Electric Company,utility monthly #4443,683.3,Bills & Utilities
Nike,clothes shoes electronics,120.57,Shopping
Kroger,groceries meat,48.76,Groceries
Miscellaneous,misc payment,94.12,Others
Water Service,bill payment utility,432.82,Bills & Utilities
Lyft,transit fuel,8.37,Transportation
CVS,doctor,65.76,Healthcare
McDonalds,delivery dinner lunch,332.67,Food & Dining
CVS,prescription doctor medical,249.1,Healthcare
AT&T,monthly bill payment #8945,892.28,Bills & Utilities
Verizon,monthly utility service,265.87,Bills & Utilities
Safeway,meat,65.49,Groceries
Target,electronics accessories #8451,212.97,Shopping
Amazon,clothes electronics,285.37,Shopping
Quest Diagnostics,prescription,24.31,Healthcare
Local Clinic,doctor prescription medicine,487.4,Healthcare
Various Services,payment misc other,182.67,Others
Subway,meal,76.18,Food & Dining
McDonalds,dinner meal,422.87,Food & Dining
Steam,music entertainment,14.44,Entertainment
Best Buy,accessories,245.34,Shopping
Steam,movie entertainment,28.9,Entertainment
Verizon,bill,215.78,Bills & Utilities
CVS,health,411.99,Healthcare
Shell,transportation transit fuel,71.84,Transportation
Electric Company,bill #6891,313.74,Bills & Utilities
Verizon,service,790.93,Bills & Utilities
Miscellaneous,payment,915.59,Others
Local Clinic,prescription medical medicine #4618,118.24,Healthcare
Metro,ride fuel gas,17.01,Transportation
Local Restaurant,lunch restaurant #5156,719.51,Food & Dining
Pizza Hut,takeout meal #7273,101.83,Food & Dining
Electric Company,service,414.17,Bills & Utilities
Kroger,bread groceries #9305,21.77,Groceries
Whole Foods,food produce bread,86.68,Groceries
Amazon,electronics shoes clothes,120.4,Shopping
Verizon,payment,301.31,Bills & Utilities
Miscellaneous,payment,984.86,Others
Pizza Hut,lunch,268.49,Food & Dining
Walmart,meat,119.81,Groceries
Local Restaurant,takeout restaurant #4491,148.23,Food & Dining
Kroger,dairy meat,162.74,Groceries
Target,purchase clothes,229.47,Shopping
AMC Theaters,entertainment movie game,44.05,Entertainment
Subway,restaurant lunch,961.16,Food & Dining
Miscellaneous,other general,756.02,Others
AMC Theaters,entertainment music movie,43.11,Entertainment
Shell,fuel transportation,10.5,Transportation
AT&T,utility service #5401,336.95,Bills & Utilities
Metro,transportation gas,53.14,Transportation
Unknown Vendor,payment #4993,169.19,Others
Verizon,payment #9429,183.99,Bills & Utilities
H&M,clothes purchase #5083,139.04,Shopping
Safeway,groceries #3414,161.68,Groceries
Miscellaneous,payment,601.82,Others
Whole Foods,produce meat,72.89,Groceries
Quest Diagnostics,health #3934,306.32,Healthcare
CVS,health medicine prescription,165.14,Healthcare
Subway,dinner lunch,983.53,Food & Dining
Metro,transit taxi ride #1790,51.41,Transportation
Metro,ride gas,67.62,Transportation
Various Services,general other,507.3,Others
Nike,shoes clothes purchase,112.68,Shopping
Metro,gas,11.26,Transportation
Electric Company,bill #9336,888.7,Bills & Utilities
Xbox,streaming music game #7871,29.74,Entertainment
Walmart,food meat,44.69,Groceries
Miscellaneous,service payment general,735.98,Others
Uber,transportation #9366,17.52,Transportation
Verizon,service utility #9526,180.53,Bills & Utilities
Trader Joes,groceries,67.05,Groceries
AMC Theaters,music movie game #9133,45.5,Entertainment
Uber,taxi gas transportation #1142,29.97,Transportation
Water Service,payment bill monthly,742.69,Bills & Utilities
Subway,dinner takeout delivery #6831,699.34,Food & Dining
Steam,entertainment,11.03,Entertainment
H&M,clothes,156.17,Shopping
AT&T,utility #5667,932.24,Bills & Utilities
Chipotle,lunch,394.38,Food & Dining
Local Restaurant,meal lunch,679.24,Food & Dining
Kroger,bread groceries meat,164.23,Groceries
Verizon,payment,700.84,Bills & Utilities
Trader Joes,produce meat groceries,60.14,Groceries
Walgreens,health #7230,122.19,Healthcare
AMC Theaters,entertainment movie game #8071,47.76,Entertainment
Safeway,dairy,174.46,Groceries
Xbox,entertainment,14.29,Entertainment
Trader Joes,produce #9502,173.82,Groceries
Uber,ride taxi,35.23,Transportation
Spotify,streaming,36.67,Entertainment
Electric Company,payment utility,399.36,Bills & Utilities
BP,fuel taxi,44.49,Transportation
Whole Foods,produce bread,130.87,Groceries
Uber,taxi fuel,65.73,Transportation
Uber,taxi,77.93,Transportation
Kroger,food,118.87,Groceries
Quest Diagnostics,health doctor prescription #6221,485.61,Healthcare
Kroger,food,35.57,Groceries
Spotify,game music,48.91,Entertainment
Local Clinic,medicine,34.39,Healthcare
Chipotle,meal lunch restaurant #3472,516.61,Food & Dining
Unknown Vendor,payment general other #9007,673.5,Others
Uber,transit taxi fuel,52.34,Transportation
McDonalds,meal lunch,206.94,Food & Dining
Pizza Hut,dinner meal delivery,586.97,Food & Dining
Xbox,game music,43.34,Entertainment
Local Restaurant,delivery restaurant,487.31,Food & Dining
Electric Company,payment,547.22,Bills & Utilities
Whole Foods,meat,141.9,Groceries
Amazon,electronics shoes clothes #7116,266.6,Shopping
Unknown Vendor,other misc,428.8,Others
Unknown Vendor,misc,65.75,Others
Miscellaneous,service general misc,186.34,Others
Target,clothes purchase,203.73,Shopping
Walgreens,health,452.64,Healthcare
Walmart,groceries produce food,153.22,Groceries
Local Clinic,prescription health,41.31,Healthcare
Steam,entertainment,32.49,Entertainment
Safeway,meat produce #5604,173.82,Groceries
Netflix,game #1263,20.99,Entertainment
Xbox,music movie entertainment,33.18,Entertainment
Subway,dinner,963.02,Food & Dining
Local Restaurant,lunch delivery dinner,544.99,Food & Dining
McDonalds,delivery takeout meal,362.84,Food & Dining
Various Services,general,435.85,Others
Walgreens,medical,200.69,Healthcare
Lyft,ride gas,21.96,Transportation
Walgreens,medical #3486,243.75,Healthcare
Local Restaurant,delivery restaurant takeout,508.65,Food & Dining
Walgreens,prescription medicine,116.32,Healthcare
Water Service,service monthly,539.54,Bills & Utilities
Uber,ride transportation taxi,20.6,Transportation
Spotify,music game movie,15.22,Entertainment
Uber,fuel transit,18.4,Transportation
Uber,transit transportation ride,75.42,Transportation
Trader Joes,dairy #7122,193.58,Groceries
Miscellaneous,payment,646.36,Others
Lyft,gas,7.57,Transportation
Netflix,streaming #2823,47.96,Entertainment
Lyft,transportation,6.55,Transportation
Spotify,movie entertainment,37.03,Entertainment
Local Clinic,doctor medical,246.88,Healthcare
Metro,transit fuel taxi #7553,31.36,Transportation
Unknown Vendor,misc,479.17,Others
Various Services,other payment,685.92,Others
AT&T,utility service monthly,142.68,Bills & Utilities
BP,gas #8210,38.53,Transportation
Walgreens,medicine,433.15,Healthcare
Trader Joes,bread,140.67,Groceries
Pizza Hut,takeout dinner,150.92,Food & Dining
Whole Foods,bread dairy food,64.33,Groceries
Pizza Hut,delivery dinner lunch,835.57,Food & Dining
Walgreens,medical health,280.16,Healthcare
Water Service,utility,941.48,Bills & Utilities
Best Buy,clothes,56.17,Shopping
Spotify,game movie entertainment,27.54,Entertainment
Best Buy,purchase #3370,281.4,Shopping
Miscellaneous,misc general,538.66,Others
Spotify,entertainment movie #7957,37.07,Entertainment
Verizon,payment,227.31,Bills & Utilities
Spotify,music entertainment #6906,12.96,Entertainment
Steam,streaming music game,39.43,Entertainment
Verizon,monthly utility #1886,313.64,Bills & Utilities
Unknown Vendor,general other misc #6545,379.19,Others
Whole Foods,food meat,49.98,Groceries
Xbox,game movie streaming,23.65,Entertainment
Quest Diagnostics,health medical,226.14,Healthcare
Netflix,game #3328,30.46,Entertainment
Uber,gas,40.42,Transportation
Spotify,streaming movie #1560,42.39,Entertainment
Quest Diagnostics,health,287.36,Healthcare
BP,gas ride,5.64,Transportation
CVS,medical,209.39,Healthcare
Walgreens,prescription doctor,455.27,Healthcare
Local Clinic,medicine,377.79,Healthcare
Lyft,transit transportation,35.33,Transportation
Various Services,payment #6299,718.48,Others
Electric Company,payment monthly service,72.18,Bills & Utilities
CVS,prescription #3745,311.05,Healthcare
Electric Company,utility monthly,52.83,Bills & Utilities
AT&T,utility payment monthly,989.09,Bills & Utilities
Local Restaurant,delivery takeout dinner,215.01,Food & Dining
Netflix,entertainment game,24.15,Entertainment
Walgreens,doctor prescription medicine,439.38,Healthcare
Spotify,streaming game,32.69,Entertainment
Water Service,utility monthly service #2070,423.3,Bills & Utilities
Quest Diagnostics,prescription doctor,117.39,Healthcare
Whole Foods,dairy #2618,37.39,Groceries
H&M,electronics purchase shoes,264.58,Shopping
Best Buy,clothes shoes purchase #7069,253.41,Shopping
Amazon,accessories clothes purchase,28.34,Shopping
Local Clinic,medicine prescription medical,348.45,Healthcare
Unknown Vendor,other payment,38.48,Others
Uber,transit ride,21.98,Transportation
Various Services,service,255.63,Others
AT&T,utility monthly,590.27,Bills & Utilities
Lyft,transportation taxi gas,66.85,Transportation
Spotify,streaming #3257,28.06,Entertainment
Target,clothes electronics,262.48,Shopping
Whole Foods,produce meat groceries,146.81,Groceries
CVS,health doctor #8192,498.96,Healthcare
Local Restaurant,restaurant lunch meal #9035,653.67,Food & Dining
Uber,ride fuel #7381,22.97,Transportation
Subway,lunch #2097,866.75,Food & Dining
Subway,takeout,303.83,Food & Dining
McDonalds,meal,552.23,Food & Dining
Local Restaurant,restaurant takeout meal,150.22,Food & Dining
Quest Diagnostics,medical medicine doctor,394.82,Healthcare
Shell,taxi transit transportation,31.24,Transportation
Lyft,taxi transit ride,51.84,Transportation
Water Service,service monthly utility #5916,786.46,Bills & Utilities
Lyft,transit,18.87,Transportation
Walgreens,medical health,155.28,Healthcare
Chipotle,lunch,931.95,Food & Dining
Verizon,service,528.64,Bills & Utilities
Water Service,monthly,257.09,Bills & Utilities
Whole Foods,dairy food,149.1,Groceries
Walgreens,doctor prescription medicine #9041,105.26,Healthcare
Pizza Hut,lunch restaurant takeout,278.32,Food & Dining
Whole Foods,food,73.54,Groceries
Pizza Hut,dinner,767.16,Food & Dining
Unknown Vendor,service,850.87,Others
Walgreens,health doctor,179.87,Healthcare
Chipotle,takeout delivery #3469,496.22,Food & Dining
Uber,fuel transportation gas #1135,34.94,Transportation
Trader Joes,meat bread,25.85,Groceries
Quest Diagnostics,medical doctor medicine,395.28,Healthcare
Various Services,other,551.81,Others
Trader Joes,meat dairy food #2908,42.1,Groceries
Quest Diagnostics,medical prescription,339.54,Healthcare
Quest Diagnostics,medical,199.21,Healthcare
Lyft,ride gas transportation,26.5,Transportation
Various Services,general,21.58,Others
Best Buy,purchase,293.54,Shopping
Shell,transit ride,56.19,Transportation
Quest Diagnostics,medical prescription #3821,339.81,Healthcare
Lyft,transit fuel #9985,66.99,Transportation
Netflix,music,24.3,Entertainment
Trader Joes,produce meat,150.4,Groceries
Walgreens,doctor medicine,393.98,Healthcare
Quest Diagnostics,medicine medical prescription,365.51,Healthcare
Electric Company,utility monthly,320.05,Bills & Utilities
Miscellaneous,general other,937.48,Others
Lyft,ride gas transportation,40.21,Transportation
H&M,accessories clothes,119.04,Shopping
Netflix,streaming game movie #9105,16.18,Entertainment
Metro,gas ride taxi,48.9,Transportation
Metro,ride,9.66,Transportation
Quest Diagnostics,prescription,83.91,Healthcare
Nike,accessories,216.78,Shopping
Trader Joes,groceries produce,107.92,Groceries
Lyft,ride,23.5,Transportation
Chipotle,dinner lunch takeout #1530,583.02,Food & Dining
Verizon,utility,928.45,Bills & Utilities
Whole Foods,food,34.43,Groceries
Various Services,general misc payment #4760,578.47,Others
Miscellaneous,misc,723.17,Others
Chipotle,dinner meal restaurant #5457,575.49,Food & Dining
Subway,dinner,382.95,Food & Dining
Pizza Hut,delivery,292.79,Food & Dining
Spotify,streaming game entertainment #2459,24.44,Entertainment
AMC Theaters,music movie,12.04,Entertainment
Unknown Vendor,payment other,729.35,Others
CVS,medical health prescription,453.88,Healthcare
Whole Foods,bread,65.52,Groceries
Shell,transit,54.88,Transportation
Subway,takeout lunch #1629,715.79,Food & Dining
Trader Joes,groceries #6875,146.53,Groceries
Uber,gas taxi,19.4,Transportation
Safeway,groceries food produce,123.74,Groceries
Various Services,service general other,720.46,Others
Pizza Hut,dinner #4024,273.18,Food & Dining
Quest Diagnostics,medical health,57.79,Healthcare
Electric Company,bill,442.22,Bills & Utilities
Walgreens,doctor #6777,129.17,Healthcare
Walgreens,health #7115,32.06,Healthcare
Trader Joes,groceries meat food,32.78,Groceries
Verizon,bill utility,790.51,Bills & Utilities
Nike,electronics accessories clothes,238.26,Shopping
Miscellaneous,service,766.83,Others
Miscellaneous,payment misc general,210.64,Others
Unknown Vendor,payment service other,72.61,Others
Verizon,monthly,453.09,Bills & Utilities
AMC Theaters,music entertainment #4540,47.94,Entertainment
BP,gas,21.87,Transportation
Quest Diagnostics,prescription doctor,297.25,Healthcare
BP,ride #5613,66.6,Transportation
Spotify,streaming music entertainment #6340,31.64,Entertainment
Steam,streaming #2761,23.16,Entertainment
Best Buy,clothes purchase shoes #2845,197.83,Shopping
Shell,gas fuel taxi #1426,68.8,Transportation
Trader Joes,produce meat,39.83,Groceries
Uber,transit #1327,30.99,Transportation
Safeway,dairy bread meat,74.07,Groceries
Local Clinic,prescription,475.81,Healthcare
H&M,shoes clothes electronics,243.52,Shopping
BP,transportation transit taxi,77.08,Transportation
Miscellaneous,payment other misc,142.25,Others
Water Service,bill utility monthly #5264,780.45,Bills & Utilities
Walgreens,health prescription medical #6914,408.99,Healthcare
Netflix,game music,25.47,Entertainment
Amazon,accessories purchase #1753,15.26,Shopping
Miscellaneous,payment general #3929,718.23,Others
Xbox,game,49.76,Entertainment
Netflix,movie entertainment,22.3,Entertainment
Steam,entertainment streaming game,16.58,Entertainment
Walgreens,doctor prescription #8399,59.25,Healthcare
Miscellaneous,other,679.89,Others
Local Clinic,medicine #8240,103.88,Healthcare
Spotify,game streaming,21.91,Entertainment
Walmart,produce dairy bread #9841,172.78,Groceries
Walgreens,medicine #7203,137.31,Healthcare
Local Clinic,health,77.62,Healthcare
Walgreens,health doctor,296.02,Healthcare
Quest Diagnostics,doctor medical,73.41,Healthcare
Miscellaneous,other,435.51,Others
BP,fuel ride gas,71.45,Transportation
Walgreens,health prescription medical #1452,190.99,Healthcare
Kroger,food dairy meat,145.95,Groceries
Uber,taxi #4504,69.95,Transportation
Local Clinic,medical prescription,336.67,Healthcare
Shell,transit fuel ride,66.53,Transportation
Subway,delivery lunch,418.69,Food & Dining
AT&T,monthly,653.24,Bills & Utilities
McDonalds,meal takeout,918.78,Food & Dining
Various Services,general misc,56.73,Others
Water Service,utility bill monthly,390.23,Bills & Utilities
Quest Diagnostics,health doctor #8180,323.94,Healthcare
Water Service,utility,848.95,Bills & Utilities
Miscellaneous,general misc other,717.77,Others
Uber,gas taxi fuel #7271,18.35,Transportation
McDonalds,delivery takeout lunch,628.02,Food & Dining
Walgreens,medical health #5739,70.93,Healthcare
Netflix,movie game,25.94,Entertainment
Safeway,groceries meat food #5648,114.96,Groceries
H&M,clothes accessories,95.74,Shopping
AMC Theaters,entertainment,45.6,Entertainment
Trader Joes,produce food groceries,93.29,Groceries
Nike,clothes,90.84,Shopping
Safeway,meat dairy produce,196.19,Groceries
Best Buy,accessories electronics,238.34,Shopping
Chipotle,meal takeout lunch,90.72,Food & Dining
Uber,transportation fuel ride,25.82,Transportation
Walgreens,prescription medical #9026,33.1,Healthcare
Walmart,produce #3690,146.57,Groceries
Lyft,gas,19.07,Transportation
Local Clinic,medical health #5449,278.05,Healthcare
Metro,transit ride transportation,14.82,Transportation
AMC Theaters,entertainment streaming,26.18,Entertainment
Walmart,meat bread #8710,60.9,Groceries
Various Services,payment,608.64,Others
Trader Joes,bread #8025,170.98,Groceries
Quest Diagnostics,prescription,435.03,Healthcare
Various Services,general misc,977.31,Others
Miscellaneous,other misc payment #9055,387.33,Others
Target,shoes clothes purchase #4080,188.58,Shopping
Miscellaneous,general other service,617.82,Others
AMC Theaters,movie streaming game,28.31,Entertainment
Xbox,movie #3768,28.65,Entertainment
Amazon,electronics,176.45,Shopping
Best Buy,shoes accessories clothes #4016,246.47,Shopping
Shell,fuel taxi ride,6.83,Transportation
Target,accessories clothes shoes,161.29,Shopping
Miscellaneous,other misc,336.43,Others
Nike,electronics purchase accessories #2683,41.14,Shopping
McDonalds,delivery takeout lunch,751.6,Food & Dining
Shell,transit,65.76,Transportation
Netflix,music streaming movie,41.03,Entertainment
Chipotle,dinner meal lunch,897.87,Food & Dining
Walmart,dairy produce groceries,152.05,Groceries
Miscellaneous,other misc general #7780,690.93,Others
Verizon,payment service bill,414.03,Bills & Utilities
Lyft,transit fuel ride,44.97,Transportation
Quest Diagnostics,doctor health medicine,289.27,Healthcare
Subway,dinner #8102,499.92,Food & Dining
Various Services,general #9570,926.75,Others
Subway,takeout delivery,55.34,Food & Dining
Nike,purchase clothes,84.17,Shopping
AT&T,payment #7985,615.41,Bills & Utilities
Walgreens,medicine doctor prescription,118.96,Healthcare
Metro,transit taxi,18.39,Transportation
Metro,fuel gas transit,41.88,Transportation
Unknown Vendor,misc service #7262,304.33,Others
Nike,accessories clothes electronics #5675,76.8,Shopping
Local Restaurant,restaurant,671.53,Food & Dining
Pizza Hut,dinner meal delivery #7032,973.55,Food & Dining
BP,gas,13.75,Transportation
Unknown Vendor,service other general,130.71,Others
Miscellaneous,general payment #9471,268.49,Others
Netflix,movie,31.15,Entertainment
Various Services,payment other,15.11,Others
Quest Diagnostics,prescription doctor health,360.6,Healthcare
Nike,clothes purchase shoes,26.51,Shopping
AT&T,utility monthly,874.09,Bills & Utilities
McDonalds,dinner,716.88,Food & Dining
Various Services,service,912.37,Others
Kroger,bread,33.03,Groceries
H&M,purchase clothes #4615,214.45,Shopping
Best Buy,electronics clothes,101.95,Shopping
Lyft,ride #4079,38.54,Transportation
Walgreens,health medical doctor,59.0,Healthcare
Metro,fuel gas,62.68,Transportation
Shell,taxi transit gas,30.39,Transportation
AT&T,utility service,98.52,Bills & Utilities
AT&T,service bill #7432,141.57,Bills & Utilities
Chipotle,takeout dinner restaurant,922.34,Food & Dining
Local Restaurant,meal,953.22,Food & Dining
Quest Diagnostics,medical prescription,462.08,Healthcare
H&M,shoes,201.8,Shopping
Amazon,shoes #7167,121.43,Shopping
Uber,ride fuel #5217,52.89,Transportation
Trader Joes,produce groceries meat #1430,90.65,Groceries
Nike,purchase clothes electronics,219.11,Shopping
Electric Company,payment,310.62,Bills & Utilities
Spotify,music entertainment game,13.47,Entertainment
Trader Joes,produce food groceries,93.53,Groceries
Netflix,movie music streaming #1592,27.47,Entertainment
Miscellaneous,other,77.83,Others
Subway,dinner meal #2873,960.55,Food & Dining
AT&T,utility bill #6552,455.78,Bills & Utilities
Shell,ride taxi fuel,28.98,Transportation
Pizza Hut,dinner takeout meal #9114,970.13,Food & Dining
Shell,taxi ride transportation,68.46,Transportation
CVS,medical,118.47,Healthcare
Local Clinic,prescription medicine doctor,411.96,Healthcare
AT&T,monthly bill utility,403.4,Bills & Utilities
Uber,taxi transit,47.17,Transportation
Nike,accessories clothes purchase,225.78,Shopping
Water Service,monthly #7997,205.63,Bills & Utilities
Local Clinic,health medicine,281.02,Healthcare
Steam,movie streaming music,29.13,Entertainment
Spotify,movie streaming entertainment #3661,33.32,Entertainment
Lyft,taxi gas transportation,7.92,Transportation
Subway,restaurant #7531,664.54,Food & Dining
Spotify,streaming game movie,21.17,Entertainment
Various Services,general service,39.22,Others
Verizon,monthly,267.27,Bills & Utilities
Steam,streaming movie,46.59,Entertainment
Local Restaurant,takeout,211.46,Food & Dining
Various Services,other payment,468.63,Others
Amazon,purchase electronics #3667,240.23,Shopping
Chipotle,restaurant dinner,813.69,Food & Dining
Kroger,bread dairy groceries,153.91,Groceries
Miscellaneous,other misc service,900.08,Others
Steam,music game movie #2800,24.11,Entertainment
Various Services,misc service payment,444.05,Others
Trader Joes,meat food,29.64,Groceries
Miscellaneous,service #7755,54.33,Others
Metro,fuel,40.76,Transportation
Water Service,monthly bill utility,812.65,Bills & Utilities
Metro,ride #8046,47.89,Transportation
Whole Foods,food meat produce #2999,24.01,Groceries
Target,accessories electronics clothes,226.33,Shopping
Spotify,entertainment music movie #5324,13.73,Entertainment
H&M,accessories shoes #2882,28.09,Shopping
Local Clinic,prescription #3456,492.16,Healthcare
Walmart,produce,107.29,Groceries
Verizon,bill service utility #5647,508.81,Bills & Utilities
Lyft,ride gas taxi,65.21,Transportation
Miscellaneous,other service,672.44,Others
Electric Company,bill payment utility,861.4,Bills & Utilities
Spotify,streaming music entertainment,14.1,Entertainment
Walgreens,doctor prescription medicine,145.42,Healthcare
Amazon,clothes,16.23,Shopping
Target,clothes electronics,139.93,Shopping
Spotify,entertainment movie #8799,17.85,Entertainment
Steam,entertainment streaming game,47.94,Entertainment
Verizon,service bill payment,617.44,Bills & Utilities
Chipotle,takeout lunch meal,74.33,Food & Dining
Nike,accessories clothes shoes,19.17,Shopping
Amazon,clothes,130.2,Shopping
Local Clinic,doctor medical prescription,476.6,Healthcare
Miscellaneous,misc other,583.97,Others
McDonalds,lunch #5411,107.29,Food & Dining
Whole Foods,bread,80.21,Groceries
Kroger,bread food,83.97,Groceries
Walgreens,doctor,269.22,Healthcare
Various Services,other misc,265.18,Others
Local Restaurant,takeout delivery restaurant,914.71,Food & Dining
Amazon,electronics purchase clothes #9258,295.14,Shopping
Quest Diagnostics,medical health medicine #4583,388.72,Healthcare
Amazon,shoes #5442,221.68,Shopping
Miscellaneous,misc other service,815.53,Others
Netflix,music,24.17,Entertainment
AT&T,payment service #5133,399.54,Bills & Utilities
Electric Company,utility service,761.69,Bills & Utilities
Miscellaneous,misc payment,814.63,Others
Various Services,service general misc,396.66,Others
BP,ride gas taxi,28.58,Transportation
Water Service,payment,738.14,Bills & Utilities
AMC Theaters,entertainment,48.89,Entertainment
Pizza Hut,takeout meal delivery,701.44,Food & Dining
Nike,clothes #6836,46.74,Shopping
Walgreens,medical prescription medicine,253.96,Healthcare
AT&T,payment service utility,456.93,Bills & Utilities
CVS,doctor,343.36,Healthcare
BP,taxi transportation ride,38.58,Transportation
Nike,clothes shoes electronics,142.26,Shopping
Steam,game #8315,48.1,Entertainment
Uber,transit gas taxi,16.32,Transportation
Pizza Hut,delivery,188.62,Food & Dining
Metro,transit,41.39,Transportation
Amazon,purchase #2832,228.58,Shopping
Lyft,transit ride taxi,64.45,Transportation
Nike,purchase electronics shoes,93.03,Shopping
Local Clinic,health doctor medicine,150.93,Healthcare
Xbox,music entertainment game,48.86,Entertainment
Miscellaneous,payment general misc #4829,155.92,Others
Verizon,payment monthly,622.9,Bills & Utilities
Various Services,payment,184.74,Others
Walgreens,doctor,197.2,Healthcare
Amazon,electronics shoes clothes,263.56,Shopping
Electric Company,payment utility bill,255.87,Bills & Utilities
CVS,health doctor prescription,70.47,Healthcare
Xbox,movie #3571,40.44,Entertainment
Safeway,bread dairy meat,189.24,Groceries
Miscellaneous,service general payment,768.78,Others
Target,electronics shoes #8544,285.97,Shopping
H&M,clothes #9162,181.49,Shopping
Water Service,monthly service utility,136.04,Bills & Utilities
Xbox,entertainment streaming game,20.68,Entertainment
Steam,game #2366,38.35,Entertainment
Shell,fuel ride,40.27,Transportation
Metro,gas transportation taxi,6.48,Transportation
Walmart,food bread dairy,177.98,Groceries
Lyft,fuel ride,40.23,Transportation
BP,transit #3252,14.38,Transportation
Quest Diagnostics,medicine prescription medical #5857,462.12,Healthcare
Water Service,service bill monthly #7448,564.64,Bills & Utilities
Xbox,game,34.22,Entertainment
H&M,purchase #3030,241.83,Shopping
Spotify,entertainment game #6552,28.81,Entertainment
Nike,accessories electronics shoes,271.18,Shopping
AT&T,monthly service utility,670.24,Bills & Utilities
Water Service,utility service monthly #9082,67.78,Bills & Utilities
Miscellaneous,payment other misc,80.36,Others
Metro,transit,69.51,Transportation
Kroger,bread produce #8727,68.25,Groceries
CVS,doctor medicine prescription,285.48,Healthcare
H&M,electronics shoes purchase #6806,261.1,Shopping
Verizon,monthly,921.06,Bills & Utilities
Quest Diagnostics,prescription health #7371,414.95,Healthcare
Best Buy,electronics accessories,83.09,Shopping
Quest Diagnostics,prescription medicine health,471.57,Healthcare
Safeway,food produce dairy,123.82,Groceries
Safeway,groceries,27.36,Groceries
Local Clinic,medicine,127.1,Healthcare
Various Services,payment other misc,905.4,Others
Unknown Vendor,service other general #4569,738.66,Others
McDonalds,takeout,559.08,Food & Dining
Metro,transit taxi fuel,52.34,Transportation
Verizon,bill monthly,551.65,Bills & Utilities
BP,ride gas taxi,48.65,Transportation
Electric Company,payment utility,400.5,Bills & Utilities
Unknown Vendor,general other,449.7,Others
Walmart,produce,176.22,Groceries
Verizon,bill utility,79.48,Bills & Utilities
Walgreens,medical health doctor,440.39,Healthcare
Subway,delivery,256.73,Food & Dining
Walmart,bread #2694,29.07,Groceries
Uber,transit gas fuel,10.6,Transportation
Trader Joes,groceries #6667,74.15,Groceries
Unknown Vendor,general #3688,475.37,Others
Kroger,groceries meat,70.11,Groceries
Nike,shoes electronics clothes,189.83,Shopping
Netflix,game,42.69,Entertainment
Various Services,general,598.79,Others
Walgreens,prescription health medicine,251.62,Healthcare
AMC Theaters,streaming entertainment,37.0,Entertainment
Shell,transportation,66.59,Transportation
Lyft,transit,70.72,Transportation
Nike,shoes purchase #8613,19.43,Shopping
Miscellaneous,payment service general,317.32,Others
Verizon,payment,326.75,Bills & Utilities
Electric Company,bill service,169.53,Bills & Utilities
McDonalds,delivery,418.85,Food & Dining
CVS,medical doctor,166.85,Healthcare
Amazon,accessories clothes,92.91,Shopping
Walgreens,medical medicine #3816,443.27,Healthcare
Xbox,entertainment,15.46,Entertainment
Local Restaurant,dinner meal restaurant,264.15,Food & Dining
Various Services,payment misc,46.97,Others
AMC Theaters,game,12.65,Entertainment
Electric Company,bill payment service #2600,190.26,Bills & Utilities
Whole Foods,groceries dairy meat #6045,53.13,Groceries
Water Service,payment,813.46,Bills & Utilities
Quest Diagnostics,doctor health medicine,316.96,Healthcare
Local Clinic,medical medicine prescription,168.99,Healthcare
Quest Diagnostics,prescription medicine doctor,367.34,Healthcare
Netflix,game,46.26,Entertainment
Whole Foods,groceries,166.82,Groceries
Verizon,service,55.14,Bills & Utilities
Unknown Vendor,other general #4617,924.83,Others
Uber,gas,40.59,Transportation
Whole Foods,meat #6591,127.17,Groceries
Unknown Vendor,other general service #5042,598.4,Others
Kroger,groceries food,54.37,Groceries
Metro,ride transportation,78.67,Transportation
AT&T,utility monthly bill,891.01,Bills & Utilities
Uber,transit transportation gas #8054,68.52,Transportation
Various Services,other service misc #3411,845.24,Others
Local Restaurant,dinner meal restaurant,22.07,Food & Dining
AMC Theaters,game streaming movie,46.71,Entertainment
Amazon,shoes purchase,288.57,Shopping
Subway,takeout lunch meal,682.12,Food & Dining
Whole Foods,dairy meat #1587,111.94,Groceries
Quest Diagnostics,medical #7086,343.88,Healthcare
AMC Theaters,game music streaming #3397,38.41,Entertainment
Water Service,utility bill,64.2,Bills & Utilities
Target,clothes shoes #7201,249.34,Shopping
Miscellaneous,general other #5127,848.89,Others
Amazon,electronics clothes purchase,135.91,Shopping
Steam,music #8688,40.49,Entertainment
Spotify,game streaming,33.18,Entertainment
Nike,accessories clothes #6351,290.02,Shopping
Amazon,clothes,105.43,Shopping
Miscellaneous,service general,624.13,Others
Miscellaneous,service other misc #6294,588.6,Others
CVS,prescription medical,437.38,Healthcare
Pizza Hut,dinner takeout lunch,591.28,Food & Dining
AT&T,utility,695.52,Bills & Utilities
Local Clinic,doctor,369.5,Healthcare
AT&T,bill,106.63,Bills & Utilities
Quest Diagnostics,medical health doctor,450.89,Healthcare
Walgreens,doctor health medical,429.64,Healthcare
Steam,movie music streaming,30.96,Entertainment
Quest Diagnostics,prescription health #5580,161.22,Healthcare
Walgreens,doctor medicine,24.99,Healthcare
Pizza Hut,delivery takeout dinner #7510,657.09,Food & Dining
Whole Foods,meat dairy,25.34,Groceries
Electric Company,monthly bill,113.94,Bills & Utilities
Chipotle,meal lunch takeout #2975,571.42,Food & Dining
AT&T,monthly payment bill,745.02,Bills & Utilities
Shell,gas ride taxi #4339,28.24,Transportation
Uber,transportation gas taxi #5302,58.75,Transportation
AT&T,service utility,679.87,Bills & Utilities
Local Restaurant,delivery meal,537.1,Food & Dining
Water Service,utility payment,273.95,Bills & Utilities
H&M,shoes clothes electronics,189.57,Shopping
Verizon,payment #5439,757.38,Bills & Utilities
Whole Foods,produce dairy bread #9982,31.06,Groceries
CVS,prescription #8279,223.14,Healthcare
Unknown Vendor,general misc service #7985,721.34,Others
Unknown Vendor,other #5828,968.87,Others
CVS,medicine prescription medical,484.42,Healthcare
Amazon,shoes,233.67,Shopping
Subway,lunch #3133,196.93,Food & Dining
Pizza Hut,delivery #5833,822.8,Food & Dining
Uber,transportation taxi #9839,19.88,Transportation
Unknown Vendor,general #7743,670.62,Others
Lyft,taxi,72.86,Transportation
Electric Company,monthly utility,127.92,Bills & Utilities
H&M,purchase shoes,45.74,Shopping
Best Buy,electronics accessories,63.53,Shopping
Shell,fuel,66.83,Transportation
Netflix,game,25.02,Entertainment
Safeway,groceries food bread #5975,52.03,Groceries
AT&T,monthly,469.28,Bills & Utilities
CVS,prescription medicine #1455,42.03,Healthcare
McDonalds,takeout meal,273.88,Food & Dining
Quest Diagnostics,prescription health #1346,140.18,Healthcare
Nike,shoes clothes electronics,148.55,Shopping
Shell,gas,5.18,Transportation
McDonalds,lunch restaurant,913.34,Food & Dining
Walmart,food dairy bread,176.74,Groceries
Kroger,groceries produce food,195.29,Groceries
Walmart,produce meat,191.53,Groceries
Steam,game,15.3,Entertainment
Xbox,music #9120,16.8,Entertainment
Pizza Hut,lunch takeout meal,338.28,Food & Dining
Quest Diagnostics,medical prescription #9593,432.52,Healthcare
Amazon,shoes electronics purchase,54.3,Shopping
Metro,fuel gas #2606,57.11,Transportation
Subway,takeout lunch delivery,149.91,Food & Dining
Netflix,game music,34.79,Entertainment
Target,purchase clothes electronics #4948,18.55,Shopping
Water Service,bill monthly #9713,480.64,Bills & Utilities
Walmart,produce meat bread,127.93,Groceries
Pizza Hut,meal dinner takeout,841.73,Food & Dining
Water Service,service #1250,317.47,Bills & Utilities
Verizon,monthly service payment,629.08,Bills & Utilities
AMC Theaters,entertainment streaming game #2107,32.02,Entertainment
Steam,streaming entertainment movie,28.73,Entertainment
McDonalds,takeout dinner #3519,51.13,Food & Dining
Steam,streaming,31.43,Entertainment
Various Services,payment misc,842.77,Others
CVS,doctor medicine health,397.37,Healthcare
Metro,transportation #6150,17.8,Transportation
AT&T,service,23.34,Bills & Utilities
Whole Foods,food bread dairy,56.25,Groceries
AT&T,bill #3484,635.38,Bills & Utilities
Metro,taxi transportation gas,77.73,Transportation
Shell,gas transportation taxi,50.99,Transportation
CVS,doctor,253.67,Healthcare
Whole Foods,bread groceries food #3024,69.9,Groceries
Chipotle,takeout,236.69,Food & Dining
Kroger,bread,71.09,Groceries
Whole Foods,groceries,81.56,Groceries
AMC Theaters,movie music,46.22,Entertainment
Chipotle,delivery,494.02,Food & Dining
Uber,transportation transit gas,76.65,Transportation
Pizza Hut,restaurant dinner lunch,799.09,Food & Dining
Local Restaurant,lunch,569.85,Food & Dining
AT&T,payment service #7445,668.16,Bills & Utilities
Quest Diagnostics,doctor medicine health #1628,318.71,Healthcare
Subway,meal #4050,978.14,Food & Dining
Trader Joes,bread meat #6808,37.25,Groceries
Best Buy,purchase electronics shoes #5135,66.85,Shopping
Safeway,produce bread,121.28,Groceries
Various Services,service,17.63,Others
Spotify,entertainment music game,30.65,Entertainment
Chipotle,restaurant delivery,508.68,Food & Dining
Best Buy,electronics,225.39,Shopping
CVS,doctor medicine #7526,159.94,Healthcare
Walgreens,medical,346.5,Healthcare
McDonalds,restaurant meal lunch,513.09,Food & Dining
Electric Company,payment service utility #2212,200.5,Bills & Utilities
Trader Joes,groceries bread dairy,60.23,Groceries
Chipotle,takeout,159.56,Food & Dining
Chipotle,takeout lunch,24.18,Food & Dining
Target,electronics #9647,83.15,Shopping
H&M,shoes clothes,286.96,Shopping
Pizza Hut,meal restaurant dinner #6237,764.49,Food & Dining
Trader Joes,food groceries #5542,95.28,Groceries
Quest Diagnostics,medicine health,363.27,Healthcare
H&M,shoes,288.98,Shopping
Lyft,transit,55.32,Transportation
Safeway,food produce bread,98.41,Groceries
Electric Company,monthly #6453,400.46,Bills & Utilities
Best Buy,accessories,74.93,Shopping
Uber,gas ride,59.33,Transportation
AT&T,utility payment monthly,528.66,Bills & Utilities
Local Restaurant,meal lunch delivery,660.28,Food & Dining
Unknown Vendor,general other payment,799.43,Others
Safeway,groceries produce bread,117.16,Groceries
Best Buy,purchase clothes,102.21,Shopping
Lyft,taxi transit fuel,48.11,Transportation
Water Service,bill #3036,75.21,Bills & Utilities
Quest Diagnostics,prescription #8938,135.28,Healthcare
AT&T,payment monthly,337.12,Bills & Utilities
Local Clinic,medical health medicine,132.76,Healthcare
Chipotle,restaurant #9581,907.1,Food & Dining
McDonalds,delivery dinner,183.01,Food & Dining
Walmart,meat groceries,39.07,Groceries
Electric Company,utility service payment #7684,597.92,Bills & Utilities
Xbox,movie,19.55,Entertainment
Metro,transportation ride gas #8518,39.85,Transportation
Metro,transportation,71.23,Transportation
BP,gas transportation,37.82,Transportation
Local Clinic,prescription,487.71,Healthcare
Miscellaneous,other service payment #3862,957.73,Others
Pizza Hut,meal lunch dinner #3868,429.68,Food & Dining
AT&T,monthly,254.28,Bills & Utilities
Whole Foods,groceries,172.5,Groceries
Nike,shoes accessories,271.26,Shopping
Netflix,game #3572,28.16,Entertainment
AMC Theaters,game music #6645,37.78,Entertainment
Whole Foods,meat,47.17,Groceries
Quest Diagnostics,medicine,21.8,Healthcare
Water Service,utility #8949,512.91,Bills & Utilities
Best Buy,clothes #3912,226.1,Shopping
Subway,delivery meal,987.41,Food & Dining
Pizza Hut,meal lunch takeout,522.9,Food & Dining
Shell,ride #6207,61.35,Transportation
McDonalds,takeout,143.85,Food & Dining
McDonalds,delivery restaurant,289.14,Food & Dining
Lyft,gas taxi transportation,67.53,Transportation
Unknown Vendor,service general #6833,761.12,Others
Shell,gas ride transit,72.11,Transportation
Unknown Vendor,payment,544.8,Others
Pizza Hut,meal takeout lunch,815.11,Food & Dining
Subway,delivery takeout,523.16,Food & Dining
AMC Theaters,game music movie,32.36,Entertainment
Steam,streaming #3259,35.19,Entertainment
Lyft,fuel #8453,59.08,Transportation
Shell,transportation #9182,13.31,Transportation
H&M,electronics clothes shoes #8626,119.77,Shopping
Walmart,produce groceries,150.28,Groceries
Pizza Hut,meal dinner takeout,578.62,Food & Dining
Whole Foods,groceries food meat,38.18,Groceries
H&M,shoes clothes accessories #5237,174.09,Shopping
McDonalds,lunch,937.24,Food & Dining
Trader Joes,produce food #4162,20.87,Groceries
Xbox,streaming game,14.12,Entertainment
Unknown Vendor,payment other misc #7574,525.06,Others
Electric Company,bill utility payment,856.42,Bills & Utilities
Netflix,game streaming music,23.06,Entertainment
Electric Company,monthly payment service #8442,61.42,Bills & Utilities
H&M,clothes accessories shoes,245.24,Shopping
Lyft,ride,25.55,Transportation
Metro,transportation ride #9511,59.22,Transportation
Chipotle,restaurant meal lunch #1850,433.55,Food & Dining
Chipotle,restaurant delivery dinner #8144,189.2,Food & Dining
Various Services,other misc service #9930,532.1,Others
Steam,movie game streaming,14.79,Entertainment
Local Restaurant,takeout,351.35,Food & Dining
Shell,gas fuel #3030,60.22,Transportation
Whole Foods,meat #5772,84.14,Groceries
Xbox,streaming entertainment #7845,27.18,Entertainment
Whole Foods,groceries,134.09,Groceries
Kroger,food meat produce #6340,153.07,Groceries
Various Services,payment other #6429,80.64,Others
Various Services,other payment #8457,460.98,Others
Walmart,food groceries meat,29.79,Groceries
Various Services,other general misc,115.46,Others
Metro,transportation fuel,52.33,Transportation
CVS,prescription medical,88.49,Healthcare
Steam,music,40.83,Entertainment
Various Services,misc payment #9945,563.65,Others
Electric Company,monthly service,661.19,Bills & Utilities
Metro,fuel transit,10.09,Transportation
Walmart,groceries #8924,134.23,Groceries
Nike,accessories #1757,72.19,Shopping
McDonalds,meal,818.56,Food & Dining
Subway,takeout lunch meal,61.77,Food & Dining
Whole Foods,groceries,52.35,Groceries
Walgreens,medicine doctor prescription,453.83,Healthcare
Spotify,movie streaming music,36.42,Entertainment
Unknown Vendor,payment,97.84,Others
Lyft,taxi transit gas #7128,76.04,Transportation
Miscellaneous,payment other misc #7447,876.52,Others
Amazon,shoes purchase accessories,63.63,Shopping
Lyft,ride taxi transit,23.3,Transportation
Walmart,bread dairy meat,117.07,Groceries
AT&T,monthly utility service #7413,491.69,Bills & Utilities
Safeway,food meat bread,79.13,Groceries
Amazon,clothes accessories #5090,49.14,Shopping
Local Restaurant,meal,721.44,Food & Dining
Local Restaurant,meal dinner lunch,270.62,Food & Dining
Quest Diagnostics,medical health prescription,229.65,Healthcare
Spotify,game #9700,43.75,Entertainment
H&M,clothes,207.58,Shopping
Safeway,bread,136.51,Groceries
Whole Foods,groceries,44.32,Groceries
Xbox,game streaming,38.93,Entertainment
Whole Foods,food,127.19,Groceries
Water Service,monthly service payment #3326,398.52,Bills & Utilities
Safeway,produce,118.64,Groceries
Subway,dinner meal restaurant,660.93,Food & Dining
Metro,taxi,54.35,Transportation
Safeway,dairy produce,84.07,Groceries
Water Service,payment monthly #9465,900.27,Bills & Utilities
AT&T,payment service monthly,843.45,Bills & Utilities
Kroger,meat,77.63,Groceries
Amazon,clothes electronics accessories #2956,284.2,Shopping
Amazon,clothes electronics shoes,277.99,Shopping
Subway,takeout meal,11.41,Food & Dining
Quest Diagnostics,doctor medical,109.45,Healthcare
Whole Foods,dairy meat,109.73,Groceries
Netflix,entertainment #4694,19.45,Entertainment
Walgreens,prescription medical #9481,407.15,Healthcare
CVS,health doctor medicine,24.72,Healthcare
Local Clinic,doctor prescription,201.0,Healthcare
Nike,accessories clothes,295.13,Shopping
Nike,accessories,147.22,Shopping
Local Clinic,medicine health doctor,362.04,Healthcare
Xbox,music entertainment,36.97,Entertainment
Walmart,food #7969,146.43,Groceries
Trader Joes,groceries produce,186.41,Groceries
Netflix,music streaming entertainment,27.15,Entertainment
Unknown Vendor,other #5428,152.08,Others
Various Services,general,686.31,Others
BP,ride,71.97,Transportation
Shell,gas ride taxi,18.15,Transportation
Verizon,utility #2065,512.99,Bills & Utilities
McDonalds,dinner takeout,97.93,Food & Dining
Netflix,game,28.98,Entertainment
McDonalds,lunch takeout,372.28,Food & Dining
Unknown Vendor,service misc #4491,943.95,Others
Walmart,food meat bread #5553,162.74,Groceries
Electric Company,monthly payment,249.42,Bills & Utilities
Electric Company,monthly utility payment,773.72,Bills & Utilities
Spotify,streaming movie,26.35,Entertainment
Local Clinic,doctor health medical,38.05,Healthcare
Safeway,meat,64.94,Groceries
Electric Company,utility bill payment #7665,797.44,Bills & Utilities
Water Service,service utility bill,948.21,Bills & Utilities
Amazon,shoes electronics clothes,70.91,Shopping
Verizon,utility,709.49,Bills & Utilities
Steam,game entertainment streaming,29.48,Entertainment
Verizon,bill service,84.91,Bills & Utilities
Subway,dinner #3537,297.86,Food & Dining
Lyft,transportation taxi gas #2016,18.8,Transportation
Quest Diagnostics,prescription #8149,128.5,Healthcare
Lyft,ride taxi gas,63.45,Transportation
Pizza Hut,delivery,99.91,Food & Dining
McDonalds,dinner delivery lunch,808.44,Food & Dining
Whole Foods,dairy,173.41,Groceries
Various Services,payment service #5374,652.12,Others
Miscellaneous,other payment service #4196,943.69,Others
Quest Diagnostics,health,467.52,Healthcare
Target,purchase electronics,256.15,Shopping
Trader Joes,meat #4114,78.64,Groceries
Walgreens,prescription,133.17,Healthcare
Nike,electronics #7903,172.35,Shopping
Trader Joes,bread meat,52.82,Groceries
Xbox,movie streaming,28.07,Entertainment
Kroger,produce bread,93.15,Groceries
Electric Company,utility,353.63,Bills & Utilities
Xbox,game,31.53,Entertainment
CVS,prescription health,432.57,Healthcare
Various Services,other misc general,400.65,Others
Chipotle,lunch,603.13,Food & Dining
Metro,gas #4283,57.71,Transportation
CVS,doctor,159.8,Healthcare
Electric Company,payment,943.41,Bills & Utilities
Nike,electronics accessories clothes #9785,110.82,Shopping
Nike,accessories clothes,103.8,Shopping
Quest Diagnostics,health medical,155.84,Healthcare
Amazon,purchase shoes electronics,112.16,Shopping
Netflix,music movie game,28.96,Entertainment
Local Clinic,prescription,370.79,Healthcare
Nike,accessories #5740,122.04,Shopping
CVS,medicine #4508,358.02,Healthcare
Uber,taxi,47.16,Transportation
Water Service,bill utility monthly #3177,24.99,Bills & Utilities
Xbox,music streaming,24.77,Entertainment
BP,fuel ride,22.42,Transportation
Quest Diagnostics,prescription doctor #6762,387.28,Healthcare
Spotify,game entertainment streaming,12.84,Entertainment
Lyft,fuel transit #8510,36.12,Transportation
Nike,clothes,170.72,Shopping
Nike,purchase shoes,200.41,Shopping
BP,ride transportation taxi #9027,18.53,Transportation
Electric Company,bill monthly,446.73,Bills & Utilities
Pizza Hut,restaurant dinner lunch #8402,726.33,Food & Dining
Xbox,streaming #6363,49.12,Entertainment
Walmart,groceries #7449,142.05,Groceries
Best Buy,clothes electronics accessories,285.61,Shopping
Verizon,service monthly payment,894.73,Bills & Utilities
Pizza Hut,meal lunch restaurant,382.03,Food & Dining
Netflix,music movie,25.66,Entertainment
Quest Diagnostics,health #8087,22.7,Healthcare
Various Services,general payment misc,542.55,Others
AMC Theaters,streaming game,19.63,Entertainment
Target,purchase clothes,118.87,Shopping
Chipotle,takeout delivery dinner,221.57,Food & Dining
Walmart,food produce groceries,180.14,Groceries
Pizza Hut,restaurant delivery meal,907.81,Food & Dining
Uber,gas ride,31.25,Transportation
CVS,health doctor medical,143.87,Healthcare
BP,transportation #9381,47.74,Transportation
CVS,doctor,482.57,Healthcare
Various Services,general payment,237.2,Others
Electric Company,bill monthly service,369.02,Bills & Utilities
Subway,lunch dinner meal,604.55,Food & Dining
Quest Diagnostics,medical #7431,346.2,Healthcare
Quest Diagnostics,prescription,72.32,Healthcare
Safeway,produce meat,26.7,Groceries
Subway,meal,986.15,Food & Dining
Unknown Vendor,general service #5622,325.06,Others
Lyft,ride,30.16,Transportation
Miscellaneous,other general #4822,962.46,Others
Local Restaurant,takeout delivery restaurant #9115,974.0,Food & Dining
Metro,ride fuel #2281,64.14,Transportation
Kroger,produce food,196.21,Groceries
McDonalds,restaurant takeout,31.42,Food & Dining
Trader Joes,food dairy,148.35,Groceries
Quest Diagnostics,health doctor prescription #2238,155.42,Healthcare
Miscellaneous,payment misc other,913.13,Others
Local Clinic,prescription medicine medical,310.83,Healthcare
Walgreens,medical health,56.02,Healthcare
Walgreens,health medicine prescription #9538,469.14,Healthcare
Whole Foods,dairy bread meat,68.37,Groceries
Uber,taxi fuel transportation,21.1,Transportation
Shell,fuel gas transportation,46.55,Transportation
AT&T,utility payment service,736.14,Bills & Utilities
McDonalds,delivery lunch restaurant,876.54,Food & Dining
BP,transportation ride,49.2,Transportation
AT&T,monthly utility,189.47,Bills & Utilities
AMC Theaters,entertainment #7936,26.69,Entertainment
Netflix,streaming movie,15.03,Entertainment
Spotify,game entertainment #8204,43.52,Entertainment
Uber,fuel transportation ride,10.18,Transportation
Water Service,payment #2320,797.79,Bills & Utilities
Steam,streaming,13.12,Entertainment
Subway,meal restaurant lunch,560.96,Food & Dining
Pizza Hut,lunch #5171,993.34,Food & Dining
Walmart,meat,71.53,Groceries
Chipotle,meal takeout delivery,294.99,Food & Dining
Metro,fuel transit,51.37,Transportation
Various Services,general service #5066,683.95,Others
Unknown Vendor,general,717.16,Others
Amazon,purchase electronics shoes,47.71,Shopping
Uber,gas transit transportation,23.46,Transportation
CVS,doctor prescription health,293.23,Healthcare
Xbox,game #4949,44.5,Entertainment
Water Service,utility service,373.68,Bills & Utilities
Pizza Hut,lunch meal,725.16,Food & Dining
Amazon,accessories clothes shoes,74.7,Shopping
Verizon,utility,351.27,Bills & Utilities
Local Clinic,doctor health,46.71,Healthcare
Target,shoes accessories purchase,29.64,Shopping
Steam,streaming movie #6789,26.84,Entertainment
Amazon,purchase accessories clothes,37.13,Shopping
Walmart,dairy groceries bread,102.26,Groceries
Uber,gas fuel transportation #1045,73.98,Transportation
Unknown Vendor,service misc,214.86,Others
Safeway,bread dairy,92.56,Groceries
Electric Company,bill utility #8859,845.07,Bills & Utilities
Subway,restaurant lunch delivery #4406,834.55,Food & Dining
Kroger,meat bread #4353,128.28,Groceries
AT&T,payment service utility,849.12,Bills & Utilities
Walgreens,doctor,63.88,Healthcare
Verizon,monthly bill utility,177.07,Bills & Utilities
Miscellaneous,misc other #8893,637.18,Others
Nike,purchase electronics clothes #3506,218.51,Shopping
Local Clinic,doctor health #1966,205.81,Healthcare
Electric Company,payment service utility,309.75,Bills & Utilities
AT&T,payment monthly bill,810.13,Bills & Utilities
Local Clinic,prescription doctor medicine,312.71,Healthcare
Walmart,food bread,142.85,Groceries
McDonalds,lunch delivery #3660,17.0,Food & Dining
Shell,transportation ride,66.92,Transportation
Miscellaneous,payment misc general,43.77,Others
Trader Joes,bread,34.76,Groceries
Uber,taxi transportation,52.83,Transportation
Whole Foods,meat food bread,61.89,Groceries
BP,taxi ride,6.64,Transportation
Metro,gas ride #8716,69.76,Transportation
Best Buy,clothes shoes,89.59,Shopping
Shell,ride taxi gas,76.27,Transportation
Various Services,service other,497.65,Others
Amazon,shoes accessories clothes #1488,266.9,Shopping
Various Services,service general misc #1943,378.97,Others
Nike,clothes accessories electronics,158.86,Shopping
Metro,transportation fuel #2436,66.06,Transportation
H&M,purchase,144.69,Shopping
Safeway,meat,131.03,Groceries
Whole Foods,bread meat,110.31,Groceries
Quest Diagnostics,medicine,269.13,Healthcare
Miscellaneous,misc other service,689.43,Others
Walgreens,doctor prescription,163.97,Healthcare
Shell,gas,18.74,Transportation
Uber,transportation ride #5487,60.25,Transportation
Safeway,groceries dairy produce,163.0,Groceries
Best Buy,purchase shoes electronics,225.18,Shopping
Metro,ride gas #9015,22.31,Transportation
Verizon,service,259.79,Bills & Utilities
CVS,doctor medicine prescription,260.36,Healthcare
H&M,accessories shoes #6062,150.49,Shopping
Shell,fuel,29.94,Transportation
Pizza Hut,takeout #6924,546.81,Food & Dining
Whole Foods,bread meat,73.93,Groceries
Shell,ride gas transit,55.33,Transportation
Walmart,dairy,180.84,Groceries
Netflix,entertainment #3972,39.03,Entertainment
AMC Theaters,entertainment streaming,33.57,Entertainment
Electric Company,monthly bill service #9344,106.69,Bills & Utilities
Walgreens,health,393.96,Healthcare
BP,taxi,68.43,Transportation
CVS,prescription medicine,466.75,Healthcare
AMC Theaters,game movie streaming,13.97,Entertainment
Verizon,utility payment #3339,684.07,Bills & Utilities
Unknown Vendor,service,146.11,Others
Unknown Vendor,misc,49.15,Others
Lyft,transit taxi #9749,43.82,Transportation
Various Services,other,952.59,Others
Kroger,bread produce,140.62,Groceries
Chipotle,lunch delivery dinner,308.73,Food & Dining
BP,transportation transit ride #2744,57.05,Transportation
Kroger,meat bread produce #9444,103.18,Groceries
Kroger,food,198.0,Groceries
Subway,restaurant takeout delivery #7721,120.95,Food & Dining
Verizon,service utility payment,731.08,Bills & Utilities
Local Clinic,prescription health #4990,497.12,Healthcare
Best Buy,purchase electronics,183.4,Shopping
Various Services,general service #9665,770.71,Others
Walmart,groceries,61.8,Groceries
Miscellaneous,service general misc,524.84,Others
AT&T,utility #9957,145.68,Bills & Utilities
Local Restaurant,dinner,354.68,Food & Dining
Lyft,taxi,56.3,Transportation
Electric Company,bill utility #6338,810.19,Bills & Utilities
AMC Theaters,movie,23.09,Entertainment
Electric Company,monthly service,856.47,Bills & Utilities
Unknown Vendor,other general #9741,972.43,Others
Netflix,streaming,36.94,Entertainment
Metro,fuel taxi gas #6615,51.86,Transportation
H&M,clothes accessories shoes,223.71,Shopping
Walgreens,medical medicine doctor #2677,21.96,Healthcare
CVS,prescription doctor,65.06,Healthcare
Spotify,streaming game,14.01,Entertainment
Whole Foods,food meat,194.91,Groceries
Verizon,monthly utility bill,909.0,Bills & Utilities
Water Service,utility,909.97,Bills & Utilities
Unknown Vendor,misc other payment #7526,269.7,Others
Miscellaneous,general service,838.62,Others
Safeway,dairy produce,23.26,Groceries
AMC Theaters,music #8127,39.1,Entertainment
Electric Company,service utility monthly,72.31,Bills & Utilities
Safeway,bread,49.15,Groceries
Verizon,payment service #8643,367.42,Bills & Utilities
McDonalds,lunch dinner takeout,601.62,Food & Dining
Trader Joes,food,84.65,Groceries
Water Service,monthly #1536,887.84,Bills & Utilities
Electric Company,payment,406.03,Bills & Utilities
Amazon,shoes,228.78,Shopping
Lyft,transit gas #9878,35.74,Transportation
AT&T,bill,69.54,Bills & Utilities
Walmart,bread,20.71,Groceries
Electric Company,utility bill,867.97,Bills & Utilities
Best Buy,shoes,239.31,Shopping
Spotify,music streaming,38.63,Entertainment
Various Services,payment general misc,844.02,Others
AT&T,monthly utility service #4553,61.05,Bills & Utilities
Trader Joes,meat food,94.61,Groceries
Various Services,misc payment,590.13,Others
Walgreens,medical,47.83,Healthcare
Whole Foods,produce dairy,165.34,Groceries
AMC Theaters,movie,27.08,Entertainment
Amazon,electronics clothes,127.36,Shopping
Safeway,groceries,50.81,Groceries
Walgreens,doctor health #2516,95.47,Healthcare
Miscellaneous,other service,157.38,Others
Walgreens,prescription health,433.83,Healthcare
Local Clinic,health,251.14,Healthcare
Walgreens,prescription,117.17,Healthcare
Trader Joes,food dairy #8869,77.91,Groceries
Unknown Vendor,misc other payment #7810,356.63,Others
Water Service,service bill,151.57,Bills & Utilities
H&M,purchase accessories,21.47,Shopping
Miscellaneous,service payment other #9605,500.89,Others
Nike,clothes shoes #7955,113.73,Shopping
Pizza Hut,meal,426.74,Food & Dining
Whole Foods,meat food,84.0,Groceries
Chipotle,restaurant delivery,342.07,Food & Dining
Pizza Hut,dinner delivery,73.27,Food & Dining
Electric Company,service bill #8856,719.67,Bills & Utilities
Amazon,purchase,251.35,Shopping
Xbox,streaming game music,40.66,Entertainment
Pizza Hut,lunch takeout #5664,574.29,Food & Dining
Nike,shoes accessories,195.91,Shopping
Amazon,shoes accessories #8396,251.05,Shopping
Various Services,other payment,49.25,Others
McDonalds,takeout restaurant delivery,206.74,Food & Dining
BP,taxi transportation gas,12.44,Transportation
Walgreens,health doctor,323.63,Healthcare
H&M,clothes electronics,231.52,Shopping
Xbox,music,38.79,Entertainment
Unknown Vendor,general payment #2600,101.26,Others
AMC Theaters,entertainment movie game,32.85,Entertainment
Various Services,misc service,864.73,Others
Shell,ride fuel taxi,34.25,Transportation
Steam,game streaming movie,41.58,Entertainment
Whole Foods,produce dairy,190.16,Groceries
Walmart,produce groceries dairy #3799,37.44,Groceries
Various Services,other #4790,339.79,Others
Xbox,streaming game entertainment,26.48,Entertainment
AMC Theaters,music #5832,27.16,Entertainment
Various Services,general misc,863.16,Others
Metro,ride gas,39.72,Transportation
Miscellaneous,other misc #4702,74.07,Others
Shell,ride fuel transit,47.37,Transportation
Electric Company,service,610.36,Bills & Utilities
AMC Theaters,game,14.04,Entertainment
Kroger,bread #2514,124.15,Groceries
Water Service,service utility,105.48,Bills & Utilities
Walgreens,medicine prescription medical,378.04,Healthcare
Netflix,streaming game,35.06,Entertainment
Unknown Vendor,service general misc,899.78,Others
Spotify,streaming game #4983,27.22,Entertainment
Netflix,game movie,45.76,Entertainment
McDonalds,dinner restaurant #4717,396.29,Food & Dining
Amazon,shoes electronics,209.68,Shopping
Best Buy,purchase shoes,40.68,Shopping
Xbox,game #6638,16.21,Entertainment
Local Clinic,medicine doctor prescription,143.76,Healthcare
McDonalds,lunch #8496,468.18,Food & Dining
Trader Joes,bread produce meat #4949,54.85,Groceries
Lyft,gas fuel taxi,15.42,Transportation
McDonalds,dinner lunch,676.32,Food & Dining
Best Buy,shoes purchase #1027,204.52,Shopping
Metro,transit #5337,66.43,Transportation
H&M,clothes,141.61,Shopping
Xbox,streaming movie music #8263,35.99,Entertainment
Chipotle,takeout dinner lunch #4220,310.35,Food & Dining
CVS,prescription medicine medical,180.99,Healthcare
Miscellaneous,service general,385.81,Others
AT&T,payment,329.47,Bills & Utilities
H&M,electronics,144.79,Shopping
Amazon,shoes #6992,92.95,Shopping
Walmart,dairy bread food,180.62,Groceries
H&M,shoes accessories electronics #2981,135.47,Shopping
McDonalds,delivery takeout,864.09,Food & Dining
Verizon,payment monthly bill,159.59,Bills & Utilities
Walgreens,medicine,443.54,Healthcare
BP,fuel,25.25,Transportation
Nike,clothes,283.91,Shopping
Metro,transportation,44.13,Transportation
Electric Company,service monthly utility,839.23,Bills & Utilities
Lyft,fuel,62.36,Transportation
Kroger,dairy produce,190.87,Groceries
Verizon,service utility #2406,702.61,Bills & Utilities
Miscellaneous,service payment,574.05,Others
Verizon,monthly service payment,333.24,Bills & Utilities
CVS,medical prescription medicine #2365,85.91,Healthcare
Electric Company,payment,765.47,Bills & Utilities
Electric Company,service payment,461.64,Bills & Utilities
Walmart,food #5840,25.13,Groceries
McDonalds,dinner #4415,205.58,Food & Dining
Best Buy,accessories purchase,267.34,Shopping
Nike,purchase,282.38,Shopping
AT&T,bill utility payment,116.82,Bills & Utilities
Unknown Vendor,payment,228.88,Others
AT&T,service monthly bill,10.88,Bills & Utilities
Pizza Hut,meal dinner #1831,445.98,Food & Dining
Electric Company,utility,364.56,Bills & Utilities
Local Clinic,health,236.96,Healthcare
Nike,shoes,40.65,Shopping
Trader Joes,bread groceries,142.81,Groceries
Local Restaurant,takeout,247.21,Food & Dining
AT&T,service bill,331.83,Bills & Utilities
Water Service,payment,935.42,Bills & Utilities
Steam,entertainment #4004,15.58,Entertainment
Chipotle,meal #6729,343.23,Food & Dining
Target,purchase shoes,245.49,Shopping
Best Buy,shoes accessories electronics #6049,268.39,Shopping
Netflix,game entertainment movie #9784,13.47,Entertainment
AT&T,payment monthly,333.96,Bills & Utilities
Whole Foods,food meat bread,44.11,Groceries
Spotify,game streaming music #7929,46.31,Entertainment
Target,clothes electronics,183.29,Shopping
Walgreens,doctor,52.99,Healthcare
Safeway,groceries produce bread,59.27,Groceries
Steam,movie streaming game,15.15,Entertainment
Unknown Vendor,service misc,344.17,Others
Miscellaneous,misc other,939.38,Others
Best Buy,accessories #3125,81.07,Shopping
BP,ride,53.0,Transportation
Xbox,streaming movie,45.98,Entertainment
Various Services,other,924.31,Others
CVS,prescription doctor,114.35,Healthcare
Safeway,bread food dairy #4832,194.33,Groceries
Quest Diagnostics,health medicine,408.3,Healthcare
Xbox,music #3420,20.26,Entertainment
Verizon,service payment #5838,288.07,Bills & Utilities
Target,shoes accessories clothes,136.75,Shopping
Walgreens,prescription,337.77,Healthcare
Various Services,other misc service,74.09,Others
Local Clinic,medical doctor,432.5,Healthcare
Uber,transportation transit ride,13.84,Transportation
Local Clinic,doctor medicine,182.18,Healthcare
Target,purchase clothes #6205,180.15,Shopping
Verizon,payment,772.49,Bills & Utilities
Spotify,movie music,10.99,Entertainment
Walgreens,doctor health,329.08,Healthcare
H&M,accessories purchase electronics #1864,242.84,Shopping
Safeway,dairy,124.98,Groceries
Amazon,accessories electronics shoes #9250,166.11,Shopping
Steam,game entertainment music #9779,38.91,Entertainment
Water Service,payment #4660,964.01,Bills & Utilities
Subway,dinner,695.94,Food & Dining
Electric Company,monthly utility service #9419,699.87,Bills & Utilities
BP,transit,5.1,Transportation
Local Restaurant,takeout dinner,621.43,Food & Dining
Xbox,game,38.56,Entertainment
BP,ride gas,59.08,Transportation
Kroger,groceries dairy bread #2469,135.97,Groceries
AMC Theaters,streaming music,29.71,Entertainment
Verizon,utility,512.15,Bills & Utilities
Nike,accessories,190.79,Shopping
Quest Diagnostics,prescription medical doctor,403.94,Healthcare
Walgreens,doctor,266.3,Healthcare
Best Buy,accessories shoes electronics #6371,261.81,Shopping
Local Restaurant,restaurant,21.28,Food & Dining
Walmart,produce food #1042,69.55,Groceries
CVS,medical medicine doctor,280.29,Healthcare
Electric Company,monthly service bill,758.52,Bills & Utilities
Unknown Vendor,other misc,78.77,Others
BP,ride gas #1550,36.2,Transportation
Kroger,groceries produce,91.89,Groceries
Nike,accessories electronics shoes #9241,19.3,Shopping
Lyft,gas fuel transit,36.86,Transportation
Pizza Hut,lunch,772.26,Food & Dining
Xbox,game movie entertainment,42.12,Entertainment
Whole Foods,food meat #4795,83.29,Groceries
Walgreens,health medicine medical,412.54,Healthcare
Subway,restaurant delivery dinner,953.22,Food & Dining
Miscellaneous,misc service,326.27,Others
AT&T,monthly #8918,880.59,Bills & Utilities
Steam,entertainment game,41.75,Entertainment
Verizon,monthly bill #4184,406.5,Bills & Utilities
Various Services,other #9554,728.3,Others
Miscellaneous,payment other misc,518.8,Others
Walgreens,doctor medicine health,260.73,Healthcare
Amazon,accessories clothes purchase,156.2,Shopping
Unknown Vendor,payment misc,856.42,Others
Walgreens,medicine medical prescription #3854,250.27,Healthcare
Various Services,payment general service,356.69,Others
Local Restaurant,takeout restaurant #4465,409.21,Food & Dining
Metro,transit fuel #7579,50.79,Transportation
Best Buy,electronics accessories,272.42,Shopping
Whole Foods,produce bread meat #8576,158.52,Groceries
Shell,ride,11.43,Transportation
Xbox,movie streaming,48.99,Entertainment
Uber,fuel gas #5117,25.18,Transportation
Metro,transportation fuel,13.19,Transportation
Best Buy,purchase,233.25,Shopping
Electric Company,payment,75.27,Bills & Utilities
Electric Company,bill service payment #4053,163.56,Bills & Utilities
Metro,gas,49.22,Transportation
AT&T,payment service,494.74,Bills & Utilities
Miscellaneous,misc general payment,941.39,Others
Whole Foods,bread dairy groceries,23.89,Groceries
Walgreens,prescription health medical #9684,132.61,Healthcare
Best Buy,purchase electronics shoes,15.62,Shopping
Spotify,streaming music,46.53,Entertainment
Various Services,payment #3243,383.95,Others
Unknown Vendor,other general,250.08,Others
AMC Theaters,game streaming #1657,16.96,Entertainment
Local Clinic,medical prescription #2160,382.22,Healthcare
Metro,transit taxi,43.26,Transportation
Netflix,game music,24.98,Entertainment
Miscellaneous,misc general service,180.96,Others
Water Service,bill utility,233.15,Bills & Utilities
Whole Foods,meat food #6410,104.03,Groceries
Water Service,payment,870.54,Bills & Utilities
Shell,taxi fuel transportation,23.02,Transportation
Amazon,shoes clothes #7449,68.33,Shopping
Subway,delivery lunch,106.57,Food & Dining
Pizza Hut,dinner,155.63,Food & Dining
H&M,accessories shoes purchase,179.94,Shopping
AT&T,utility #3983,455.19,Bills & Utilities
Subway,lunch delivery,518.17,Food & Dining
AT&T,bill utility,59.19,Bills & Utilities
Quest Diagnostics,health prescription #1417,80.51,Healthcare
Target,electronics,232.8,Shopping
Unknown Vendor,service misc general,398.94,Others
Netflix,game music movie #2878,46.41,Entertainment
Lyft,transportation,55.45,Transportation
Miscellaneous,other,302.01,Others
Target,purchase accessories,193.73,Shopping
CVS,medical,378.94,Healthcare
McDonalds,lunch dinner takeout #8521,603.0,Food & Dining
Steam,entertainment music,34.4,Entertainment
CVS,doctor medical health,96.83,Healthcare
Miscellaneous,misc,630.71,Others
Various Services,payment service,308.21,Others
Walgreens,doctor #9657,107.25,Healthcare
Electric Company,utility bill,70.98,Bills & Utilities
Various Services,service general #9730,701.19,Others
Verizon,bill monthly,828.29,Bills & Utilities
Steam,movie streaming #4922,49.36,Entertainment
Unknown Vendor,misc other,262.58,Others
Whole Foods,bread #5714,98.84,Groceries
Target,clothes purchase electronics #4895,114.61,Shopping
McDonalds,takeout delivery #4905,821.24,Food & Dining
Whole Foods,food meat produce,57.4,Groceries
Trader Joes,food,192.12,Groceries
Local Clinic,medicine health,261.42,Healthcare
Uber,fuel,69.79,Transportation
CVS,prescription medicine #4795,272.14,Healthcare
Local Clinic,medical medicine health,253.94,Healthcare
Safeway,dairy #5896,178.26,Groceries
Walmart,meat groceries food,142.74,Groceries
Various Services,misc,175.23,Others
Amazon,clothes,289.63,Shopping
Chipotle,delivery lunch restaurant #7762,390.87,Food & Dining
Walgreens,prescription,418.74,Healthcare
Kroger,dairy meat,126.59,Groceries
Metro,gas transportation,10.92,Transportation
Uber,transportation taxi ride,25.21,Transportation
Safeway,food dairy bread #6843,114.8,Groceries
CVS,health doctor prescription,259.76,Healthcare
Safeway,food,112.2,Groceries
Chipotle,restaurant lunch,539.11,Food & Dining
Safeway,food groceries dairy #9947,25.45,Groceries
Trader Joes,produce,21.45,Groceries
McDonalds,takeout delivery meal #2709,19.58,Food & Dining
Shell,transit transportation fuel,19.28,Transportation
Metro,transit #7065,7.98,Transportation
Walmart,dairy bread,83.39,Groceries
Safeway,groceries,85.55,Groceries
Miscellaneous,misc general,588.0,Others
Steam,music,22.84,Entertainment
CVS,health medicine prescription #6335,27.35,Healthcare
Miscellaneous,payment general misc #1641,176.57,Others
Netflix,movie,44.39,Entertainment
Various Services,misc,439.59,Others
AT&T,payment bill service,202.14,Bills & Utilities
AT&T,monthly bill payment #7813,106.95,Bills & Utilities
Safeway,bread,185.02,Groceries
Walmart,groceries,30.65,Groceries
Walgreens,doctor prescription medicine,172.22,Healthcare
Lyft,transit transportation gas,46.05,Transportation
Kroger,produce food groceries #7458,132.85,Groceries
Unknown Vendor,general payment,228.51,Others
Safeway,groceries dairy meat,116.84,Groceries
Walmart,bread,90.52,Groceries
Unknown Vendor,other misc #6528,127.95,Others
Uber,ride transit,44.29,Transportation
Verizon,service utility,581.1,Bills & Utilities
Quest Diagnostics,medicine doctor,156.53,Healthcare
Walgreens,health doctor prescription,345.5,Healthcare
Spotify,movie #3536,36.77,Entertainment
CVS,doctor medicine,311.46,Healthcare
Unknown Vendor,payment service general,40.4,Others
H&M,clothes,88.18,Shopping
Miscellaneous,service misc,358.86,Others
Local Clinic,doctor,25.39,Healthcare
Miscellaneous,service payment,501.21,Others
Miscellaneous,service #5115,160.55,Others
Safeway,produce food dairy,148.71,Groceries
AMC Theaters,entertainment streaming,25.3,Entertainment
H&M,electronics purchase shoes #2527,86.41,Shopping
Target,purchase clothes electronics,287.48,Shopping
Miscellaneous,payment other misc,276.29,Others
Unknown Vendor,payment,969.03,Others
Metro,transportation gas fuel,75.23,Transportation
Quest Diagnostics,medical medicine #8495,136.94,Healthcare
Shell,ride,44.77,Transportation
Unknown Vendor,service,571.99,Others
Unknown Vendor,service general #8670,550.82,Others
Miscellaneous,general service,150.76,Others
Steam,game,16.87,Entertainment
Spotify,entertainment,34.54,Entertainment
Chipotle,takeout,812.15,Food & Dining
BP,gas transit,23.8,Transportation
Subway,delivery restaurant lunch,925.17,Food & Dining
Electric Company,service,981.69,Bills & Utilities
CVS,medical medicine doctor,48.09,Healthcare
Miscellaneous,other #9984,298.1,Others
Quest Diagnostics,health medicine prescription,393.61,Healthcare
Trader Joes,produce dairy #3875,164.65,Groceries
Miscellaneous,payment misc service #6054,573.9,Others
Verizon,utility bill #6803,560.1,Bills & Utilities
Walgreens,doctor prescription,449.83,Healthcare
Pizza Hut,restaurant takeout #6897,534.79,Food & Dining
Amazon,clothes,149.31,Shopping
Walgreens,medicine medical prescription #5212,460.19,Healthcare
Local Clinic,doctor medicine,157.43,Healthcare
Whole Foods,produce groceries bread #8958,184.47,Groceries
Safeway,food bread,110.26,Groceries
Miscellaneous,service,470.86,Others
Unknown Vendor,service,794.44,Others
CVS,doctor #4621,192.41,Healthcare
Safeway,food,65.8,Groceries
Lyft,fuel transportation #7767,63.37,Transportation
AT&T,utility payment bill #5747,513.86,Bills & Utilities
Quest Diagnostics,health medical doctor,483.36,Healthcare
Local Clinic,medicine #3024,372.23,Healthcare
Local Clinic,medicine prescription,189.31,Healthcare
Pizza Hut,dinner meal takeout #5080,853.82,Food & Dining
Walmart,groceries bread,30.69,Groceries
Uber,transportation gas fuel,62.75,Transportation
Quest Diagnostics,prescription health,330.28,Healthcare
Whole Foods,groceries food,171.26,Groceries
Various Services,other service,436.28,Others
BP,taxi ride transportation,13.28,Transportation
Target,accessories shoes,156.84,Shopping
Amazon,shoes electronics purchase #3693,153.66,Shopping
Lyft,gas taxi fuel,29.0,Transportation
H&M,electronics shoes #9367,128.34,Shopping
Uber,taxi #6156,69.19,Transportation
BP,taxi,40.88,Transportation
Kroger,bread #2696,23.83,Groceries
Pizza Hut,meal delivery takeout,669.29,Food & Dining
Water Service,utility service payment,11.28,Bills & Utilities
BP,transit #9382,27.19,Transportation
Metro,fuel gas ride,29.06,Transportation
Whole Foods,produce food groceries,163.92,Groceries
Local Clinic,medicine medical #9712,194.99,Healthcare
Local Clinic,prescription medicine medical #1155,345.45,Healthcare
Water Service,monthly payment,994.76,Bills & Utilities
Unknown Vendor,service,431.95,Others
Uber,fuel taxi ride,22.22,Transportation
Steam,entertainment movie game #8806,19.92,Entertainment
Netflix,streaming game #2077,14.43,Entertainment
Pizza Hut,delivery meal #8962,708.83,Food & Dining
Target,clothes shoes purchase,75.65,Shopping
Walgreens,medical doctor prescription,45.23,Healthcare
Shell,taxi,64.02,Transportation
Xbox,entertainment game,35.89,Entertainment
Lyft,gas ride #3323,43.88,Transportation
Target,purchase,34.1,Shopping
Kroger,meat,118.36,Groceries
Best Buy,accessories clothes,176.53,Shopping
Walmart,produce,62.51,Groceries
Miscellaneous,other service,75.26,Others
Electric Company,payment bill,639.69,Bills & Utilities
CVS,health prescription medicine,271.28,Healthcare
Trader Joes,dairy produce bread,29.11,Groceries
Uber,transportation fuel taxi #8219,78.27,Transportation
Miscellaneous,service #1364,196.28,Others
Walgreens,health medical medicine #6591,472.84,Healthcare
Uber,fuel taxi ride #8802,40.79,Transportation
Chipotle,delivery takeout #7734,768.63,Food & Dining
McDonalds,meal,906.61,Food & Dining
Walgreens,medicine medical #2185,43.51,Healthcare
Xbox,music movie streaming #5155,18.41,Entertainment
Trader Joes,produce dairy,60.46,Groceries
Electric Company,utility,153.75,Bills & Utilities
Uber,taxi,77.97,Transportation
Steam,streaming,22.58,Entertainment
AT&T,utility,459.17,Bills & Utilities
Nike,purchase clothes electronics,285.91,Shopping
Various Services,misc general payment,10.46,Others
Spotify,entertainment streaming game,41.42,Entertainment
Pizza Hut,meal,110.26,Food & Dining
Steam,game entertainment,37.7,Entertainment
Spotify,movie,28.37,Entertainment
Metro,fuel transportation transit,11.74,Transportation
Lyft,taxi #4446,19.04,Transportation
Walgreens,health medical,375.3,Healthcare
AMC Theaters,entertainment,31.82,Entertainment
Unknown Vendor,other misc general,128.55,Others
Unknown Vendor,general other service,598.62,Others
McDonalds,restaurant dinner delivery #2336,843.86,Food & Dining
Electric Company,monthly #1394,834.61,Bills & Utilities
Water Service,service utility payment,24.57,Bills & Utilities
Shell,transit fuel,43.17,Transportation
Nike,electronics shoes,131.3,Shopping
Metro,transportation transit,71.84,Transportation
Lyft,gas fuel #4730,44.2,Transportation
McDonalds,dinner lunch,631.74,Food & Dining
Various Services,payment other service,79.11,Others
H&M,clothes accessories purchase #1373,21.31,Shopping
AT&T,service bill,474.8,Bills & Utilities
Lyft,fuel ride transportation,67.55,Transportation
Amazon,purchase electronics shoes #9368,34.58,Shopping
Local Clinic,prescription,152.89,Healthcare
Quest Diagnostics,medical health medicine,255.07,Healthcare
Trader Joes,produce bread,137.08,Groceries
BP,gas ride,12.08,Transportation
Trader Joes,dairy,134.8,Groceries
Local Clinic,prescription health,406.17,Healthcare
Walgreens,medicine health prescription #8683,114.13,Healthcare
Nike,purchase electronics #2416,141.37,Shopping
Xbox,movie #1577,22.58,Entertainment
Electric Company,payment bill service,639.46,Bills & Utilities
Nike,clothes,175.95,Shopping
Miscellaneous,misc general,570.75,Others
Walmart,bread food produce #6505,194.64,Groceries
Metro,taxi,25.75,Transportation
Nike,shoes electronics,105.49,Shopping
Shell,transportation fuel gas,49.98,Transportation
BP,taxi transit,61.39,Transportation
Spotify,music movie streaming #7374,36.42,Entertainment
Miscellaneous,general service,120.61,Others
Pizza Hut,dinner restaurant meal #7725,65.6,Food & Dining
Water Service,bill monthly service,727.46,Bills & Utilities
Shell,fuel #5445,61.0,Transportation
Quest Diagnostics,prescription,341.93,Healthcare
Steam,music #4200,20.49,Entertainment
Kroger,dairy meat produce,176.95,Groceries
Xbox,game movie streaming,16.45,Entertainment
AMC Theaters,game #6003,13.29,Entertainment
Verizon,monthly #5940,751.82,Bills & Utilities
Safeway,dairy produce,93.32,Groceries
Best Buy,purchase,28.76,Shopping
McDonalds,takeout,10.03,Food & Dining
Steam,entertainment streaming #8961,45.83,Entertainment
Verizon,bill,500.22,Bills & Utilities
Target,accessories,219.24,Shopping
Unknown Vendor,misc,598.06,Others
Uber,transit #1285,46.74,Transportation
Unknown Vendor,misc,296.25,Others
Safeway,produce,92.71,Groceries
Trader Joes,food dairy,153.33,Groceries
Unknown Vendor,other misc #7776,853.48,Others
Metro,gas taxi,58.1,Transportation
Local Restaurant,meal restaurant takeout,929.86,Food & Dining
Target,electronics shoes clothes,61.47,Shopping
Nike,shoes electronics,298.73,Shopping
Lyft,gas ride,35.15,Transportation
Nike,purchase shoes,173.39,Shopping
Spotify,entertainment movie streaming,32.06,Entertainment
Spotify,movie music,11.26,Entertainment
Unknown Vendor,general,728.91,Others
Metro,taxi transportation fuel,28.09,Transportation
Water Service,utility #7819,820.12,Bills & Utilities
Walmart,dairy bread #6035,55.39,Groceries
Trader Joes,food bread produce,84.61,Groceries
Spotify,entertainment streaming,14.89,Entertainment
Quest Diagnostics,doctor,206.15,Healthcare
AMC Theaters,streaming entertainment music,34.96,Entertainment
Quest Diagnostics,medicine doctor #4099,79.15,Healthcare
Whole Foods,groceries bread,148.0,Groceries
Unknown Vendor,service other #1909,835.24,Others
AT&T,bill service,770.52,Bills & Utilities
Whole Foods,bread groceries meat,175.42,Groceries
Best Buy,purchase,212.5,Shopping
Steam,movie streaming music,11.56,Entertainment
Nike,electronics purchase shoes,235.95,Shopping
Trader Joes,meat food,59.94,Groceries
Spotify,entertainment streaming movie,48.37,Entertainment
Steam,game entertainment,31.4,Entertainment
Metro,taxi,9.09,Transportation
Walmart,produce,102.5,Groceries
Unknown Vendor,other general,94.92,Others
Amazon,shoes #2568,47.44,Shopping
Steam,entertainment music streaming #4527,30.13,Entertainment
Verizon,bill service utility,938.25,Bills & Utilities
Quest Diagnostics,medicine,90.62,Healthcare
Local Restaurant,takeout delivery,692.68,Food & Dining
Walgreens,medical,158.36,Healthcare
Kroger,dairy bread #9705,196.98,Groceries
Unknown Vendor,misc other payment #2750,154.95,Others
Verizon,service,75.75,Bills & Utilities
AMC Theaters,music entertainment streaming,40.05,Entertainment
Steam,streaming movie entertainment #8884,27.89,Entertainment
AMC Theaters,movie streaming entertainment,22.39,Entertainment
Safeway,food dairy #8465,115.98,Groceries
Chipotle,takeout restaurant,445.11,Food & Dining
CVS,health #5755,404.67,Healthcare
Walgreens,health medical prescription #4775,356.55,Healthcare
Quest Diagnostics,prescription medical doctor #5297,325.33,Healthcare
CVS,doctor medicine prescription,198.31,Healthcare
Amazon,accessories shoes electronics,25.47,Shopping
Whole Foods,dairy meat,24.81,Groceries
AMC Theaters,streaming entertainment,33.76,Entertainment
Spotify,movie game music,18.55,Entertainment
Water Service,monthly utility service,727.79,Bills & Utilities
Uber,ride fuel transit #7284,34.63,Transportation
H&M,electronics purchase,144.22,Shopping
BP,transportation taxi ride,35.03,Transportation
Whole Foods,bread #8541,85.72,Groceries
McDonalds,delivery,584.07,Food & Dining
Target,clothes accessories purchase,58.9,Shopping
Verizon,service,298.42,Bills & Utilities
Metro,gas #9247,74.98,Transportation
Chipotle,lunch delivery,392.23,Food & Dining
BP,taxi transit ride #2441,24.92,Transportation
McDonalds,takeout,728.4,Food & Dining
Electric Company,payment service #1707,801.77,Bills & Utilities
Nike,accessories,283.11,Shopping
Kroger,produce food,146.32,Groceries
Chipotle,meal #9424,828.87,Food & Dining
Unknown Vendor,other misc #9003,524.06,Others
Water Service,payment bill monthly,697.6,Bills & Utilities
Local Clinic,prescription #2041,211.31,Healthcare
H&M,clothes purchase electronics #6412,167.49,Shopping
Water Service,bill monthly payment,341.79,Bills & Utilities
Unknown Vendor,other general payment,428.47,Others
Subway,delivery restaurant lunch,343.3,Food & Dining
Local Clinic,medical medicine prescription,367.21,Healthcare
Walgreens,medicine,304.01,Healthcare
Chipotle,restaurant takeout delivery,177.69,Food & Dining
AMC Theaters,streaming music entertainment,11.22,Entertainment
AMC Theaters,music movie,12.35,Entertainment
Electric Company,service #9760,905.73,Bills & Utilities
CVS,health,31.63,Healthcare
Various Services,general #2579,259.12,Others
Local Restaurant,restaurant dinner #3530,191.01,Food & Dining
Subway,lunch #5779,944.19,Food & Dining
CVS,medical doctor,378.85,Healthcare
Kroger,meat food dairy,196.29,Groceries
Various Services,payment misc other,444.44,Others
BP,taxi transportation,59.26,Transportation
Water Service,monthly utility bill #3750,682.4,Bills & Utilities
Lyft,taxi transit transportation,71.71,Transportation
H&M,clothes electronics,270.75,Shopping
Steam,entertainment movie #8589,38.09,Entertainment
Various Services,misc,126.13,Others
Steam,streaming,37.58,Entertainment
Walmart,bread,142.35,Groceries
Electric Company,service payment,140.96,Bills & Utilities
Pizza Hut,takeout lunch,72.77,Food & Dining
Safeway,groceries,93.83,Groceries
Water Service,payment,221.06,Bills & Utilities
CVS,medicine,36.96,Healthcare
AMC Theaters,entertainment movie music #7395,15.12,Entertainment
Miscellaneous,general,479.87,Others
Safeway,meat,30.75,Groceries
Various Services,misc payment other,297.24,Others
AMC Theaters,game movie,34.29,Entertainment
CVS,health medical,115.11,Healthcare
AMC Theaters,game music #7706,38.14,Entertainment
Miscellaneous,other service misc,435.52,Others
BP,ride transportation taxi,29.95,Transportation
Water Service,service utility bill #2139,146.89,Bills & Utilities
Uber,transportation fuel #7725,30.89,Transportation
Best Buy,purchase shoes,108.0,Shopping
Whole Foods,dairy food,79.33,Groceries
Miscellaneous,payment service,940.16,Others
Safeway,groceries,128.39,Groceries
Quest Diagnostics,medical prescription,461.6,Healthcare
H&M,accessories electronics shoes,122.01,Shopping
AT&T,payment bill,373.72,Bills & Utilities
Amazon,shoes,197.83,Shopping
Miscellaneous,general misc #6549,812.54,Others
BP,ride transit #1203,73.16,Transportation
Trader Joes,groceries produce food #9020,153.88,Groceries
Target,purchase clothes,166.04,Shopping
BP,transit taxi,25.81,Transportation
Trader Joes,meat,159.49,Groceries
Quest Diagnostics,doctor medicine,79.92,Healthcare
Shell,transportation,7.24,Transportation
Unknown Vendor,misc payment #7654,996.25,Others
McDonalds,meal lunch,687.84,Food & Dining
Verizon,service,214.84,Bills & Utilities
Shell,transportation ride,73.39,Transportation
Xbox,movie,32.71,Entertainment
Various Services,general service other,217.09,Others
Whole Foods,produce,139.52,Groceries
Target,clothes,278.16,Shopping
Verizon,service,310.46,Bills & Utilities
Walmart,groceries food bread #5833,162.6,Groceries
AT&T,service utility #8474,199.22,Bills & Utilities
AMC Theaters,game music entertainment #8775,11.09,Entertainment
McDonalds,meal lunch delivery #2257,995.46,Food & Dining
Whole Foods,food,79.49,Groceries
Local Restaurant,restaurant #6494,192.56,Food & Dining
Walgreens,prescription #3775,367.36,Healthcare
Various Services,service general other #7420,626.2,Others
Local Clinic,prescription,80.3,Healthcare
Miscellaneous,other #5063,866.84,Others
Walmart,groceries bread,129.12,Groceries
Xbox,game,47.68,Entertainment
Verizon,monthly payment utility,37.82,Bills & Utilities
Safeway,meat,183.19,Groceries
Xbox,game,37.75,Entertainment
AT&T,payment utility service #8152,232.75,Bills & Utilities
Miscellaneous,general,459.91,Others
Netflix,music #4921,39.43,Entertainment
Target,shoes electronics #6996,132.13,Shopping
McDonalds,lunch delivery restaurant,271.51,Food & Dining
Various Services,misc,318.46,Others
Kroger,produce meat,22.28,Groceries
Metro,gas ride,61.26,Transportation
Whole Foods,dairy food produce #1979,186.98,Groceries
Whole Foods,bread dairy,101.03,Groceries
Electric Company,payment service monthly,89.51,Bills & Utilities
Local Clinic,medicine,445.71,Healthcare
Steam,game entertainment,33.15,Entertainment
Shell,fuel,41.54,Transportation
Metro,taxi transit gas,14.92,Transportation
Trader Joes,dairy meat groceries,178.96,Groceries
AT&T,monthly utility bill,563.14,Bills & Utilities
Trader Joes,produce,48.09,Groceries
Netflix,music movie,44.67,Entertainment
McDonalds,dinner takeout #4458,703.46,Food & Dining
Safeway,produce meat dairy #1003,48.69,Groceries
Electric Company,service bill,710.37,Bills & Utilities
Nike,electronics,15.48,Shopping
Walgreens,medicine health,481.33,Healthcare
Unknown Vendor,general misc payment,803.49,Others
Walgreens,health #5226,405.07,Healthcare
Trader Joes,food groceries,145.12,Groceries
McDonalds,lunch meal dinner,344.16,Food & Dining
Electric Company,payment service monthly,544.13,Bills & Utilities
Various Services,general misc payment,458.42,Others
Netflix,entertainment streaming,12.38,Entertainment
Steam,entertainment movie,30.45,Entertainment
Unknown Vendor,general misc #7412,951.47,Others
Electric Company,service payment bill,17.09,Bills & Utilities
Kroger,produce dairy,79.99,Groceries
Miscellaneous,misc #2335,745.11,Others
Unknown Vendor,misc #3688,175.7,Others
Best Buy,accessories purchase clothes,242.03,Shopping
Amazon,purchase electronics #9562,126.52,Shopping
AMC Theaters,music streaming,35.82,Entertainment
McDonalds,takeout lunch,644.57,Food & Dining
BP,ride,11.94,Transportation
Pizza Hut,dinner,860.88,Food & Dining
Metro,gas,33.64,Transportation
Trader Joes,bread dairy,153.25,Groceries
Netflix,music streaming movie #5888,23.05,Entertainment
H&M,accessories shoes purchase,97.16,Shopping
Miscellaneous,service,242.49,Others
Verizon,payment monthly bill,320.83,Bills & Utilities
Amazon,clothes shoes purchase #3604,115.76,Shopping
Target,accessories,251.75,Shopping
Whole Foods,bread meat produce,127.64,Groceries
Whole Foods,food dairy meat,149.48,Groceries
Miscellaneous,other,510.76,Others
Subway,restaurant,566.84,Food & Dining
Verizon,service payment,585.93,Bills & Utilities
Nike,accessories purchase,36.21,Shopping
Water Service,monthly payment,560.94,Bills & Utilities
Water Service,bill service,184.61,Bills & Utilities
Shell,gas transportation,16.69,Transportation
Metro,fuel #5447,63.69,Transportation
Subway,delivery takeout #1991,244.8,Food & Dining
Local Clinic,medicine doctor #1370,435.99,Healthcare
Miscellaneous,service other #1252,283.74,Others
Water Service,payment service utility #4664,680.32,Bills & Utilities
Safeway,food dairy produce,121.63,Groceries
Local Restaurant,lunch delivery,973.6,Food & Dining
Trader Joes,dairy produce #4761,35.7,Groceries
Netflix,entertainment streaming,20.87,Entertainment
Best Buy,accessories electronics,217.88,Shopping
Lyft,gas fuel ride #5497,72.25,Transportation
Kroger,dairy,143.38,Groceries
Unknown Vendor,payment general,619.67,Others
Pizza Hut,takeout #6792,417.89,Food & Dining
Quest Diagnostics,medical,158.99,Healthcare
Miscellaneous,other service,379.17,Others
Target,clothes,222.08,Shopping
Walgreens,prescription,357.62,Healthcare
Kroger,food dairy,149.87,Groceries
Miscellaneous,service other,913.79,Others
AMC Theaters,music streaming,17.64,Entertainment
Walmart,produce #3887,157.66,Groceries
Miscellaneous,other,254.07,Others
Whole Foods,groceries produce,123.05,Groceries
Miscellaneous,misc,813.94,Others
Subway,restaurant #3095,984.15,Food & Dining
CVS,prescription health medical,274.82,Healthcare
Shell,gas taxi ride #2702,19.05,Transportation
Various Services,general #9628,62.49,Others
Walmart,food groceries meat #1922,106.24,Groceries
AT&T,monthly service bill,498.99,Bills & Utilities
Electric Company,payment utility #5250,410.64,Bills & Utilities
Kroger,dairy groceries bread,45.47,Groceries
Walmart,bread food groceries,149.53,Groceries
Walmart,bread produce dairy,74.22,Groceries
Water Service,utility service,496.28,Bills & Utilities
Water Service,service,496.5,Bills & Utilities
Lyft,transportation ride,30.16,Transportation
AMC Theaters,streaming,41.85,Entertainment
Electric Company,payment utility monthly,242.35,Bills & Utilities
Uber,gas taxi transportation,59.9,Transportation
BP,gas transit,79.91,Transportation
McDonalds,restaurant,116.26,Food & Dining
BP,fuel,68.18,Transportation
Water Service,utility bill,688.32,Bills & Utilities
Safeway,produce,119.98,Groceries
H&M,clothes shoes,293.09,Shopping
Chipotle,restaurant meal dinner,717.82,Food & Dining
AMC Theaters,movie entertainment game,35.9,Entertainment
Spotify,game,30.57,Entertainment
Unknown Vendor,payment #9784,727.82,Others
Metro,fuel,69.41,Transportation
Verizon,payment,899.16,Bills & Utilities
Amazon,clothes purchase #7080,296.56,Shopping
Safeway,dairy food meat #8379,177.19,Groceries
Safeway,meat groceries,47.04,Groceries
Whole Foods,food #6706,50.25,Groceries
Safeway,dairy produce,69.62,Groceries
Lyft,transit transportation,30.76,Transportation
Kroger,food meat groceries #3376,160.32,Groceries
Uber,transit transportation ride,22.17,Transportation
Various Services,other service #9866,454.27,Others
Subway,takeout lunch delivery,543.03,Food & Dining
Metro,gas,65.71,Transportation
Target,accessories electronics purchase,108.73,Shopping
Lyft,taxi,13.23,Transportation
Xbox,game movie entertainment,46.98,Entertainment
Metro,transit gas ride #2131,37.82,Transportation
Netflix,game,35.18,Entertainment
Water Service,utility monthly service,73.46,Bills & Utilities
Unknown Vendor,service,130.7,Others
Walgreens,prescription health doctor,404.14,Healthcare
Unknown Vendor,misc general,441.3,Others
AT&T,monthly bill payment,236.37,Bills & Utilities
H&M,accessories electronics purchase,41.99,Shopping
Spotify,entertainment game music,39.14,Entertainment
Electric Company,utility payment #1645,470.84,Bills & Utilities
Subway,dinner,521.62,Food & Dining
Kroger,dairy groceries,47.17,Groceries
Best Buy,electronics,119.77,Shopping
Verizon,monthly service bill #1153,708.83,Bills & Utilities
Verizon,utility #3976,921.36,Bills & Utilities
Subway,takeout delivery restaurant,590.74,Food & Dining
Best Buy,purchase electronics #1655,192.81,Shopping
Lyft,transportation transit #6318,48.28,Transportation
Metro,ride fuel #8926,33.12,Transportation
Various Services,payment other #5606,190.13,Others
Quest Diagnostics,medical doctor health,116.17,Healthcare
Miscellaneous,service,582.0,Others
Subway,restaurant dinner lunch #6831,753.65,Food & Dining
Water Service,bill payment #1758,847.72,Bills & Utilities
Kroger,food meat #2123,85.29,Groceries
Walmart,bread produce,153.9,Groceries
Netflix,game,17.07,Entertainment
Pizza Hut,lunch takeout,177.56,Food & Dining
Walgreens,doctor,317.06,Healthcare
Xbox,movie streaming music,41.94,Entertainment
Various Services,other #3832,626.52,Others
Unknown Vendor,service general,884.09,Others
Unknown Vendor,other payment,73.33,Others
Lyft,transit ride taxi,29.08,Transportation
Whole Foods,groceries meat,68.23,Groceries
Quest Diagnostics,medicine prescription health,409.53,Healthcare
Amazon,electronics purchase shoes,184.55,Shopping
Shell,taxi #4605,10.22,Transportation
H&M,purchase #9320,107.36,Shopping
Verizon,utility,944.09,Bills & Utilities
Amazon,shoes clothes,163.27,Shopping
Pizza Hut,lunch takeout #4863,653.9,Food & Dining
Quest Diagnostics,medicine health,203.26,Healthcare
Miscellaneous,other service,401.11,Others
Lyft,taxi,42.26,Transportation
Unknown Vendor,other payment,925.62,Others
Spotify,streaming music,45.38,Entertainment
Lyft,transit fuel taxi,53.49,Transportation
CVS,health prescription,479.37,Healthcare
Xbox,movie music streaming #6764,24.19,Entertainment
Electric Company,monthly service payment #7555,175.88,Bills & Utilities
CVS,health,181.44,Healthcare
Various Services,general,260.47,Others
Verizon,payment #4842,391.06,Bills & Utilities
BP,transit ride taxi,42.04,Transportation
Various Services,service payment general,854.91,Others
Steam,game music entertainment #7354,27.72,Entertainment
Local Clinic,medical,491.84,Healthcare
Kroger,meat produce groceries #9653,92.13,Groceries
Subway,dinner delivery lunch #2904,211.79,Food & Dining
Spotify,movie game,41.25,Entertainment
Shell,transit,37.7,Transportation
BP,ride gas taxi,40.06,Transportation
Netflix,entertainment game,34.59,Entertainment
Xbox,music streaming,31.35,Entertainment
Target,purchase,153.98,Shopping
Walmart,meat #5319,52.11,Groceries
Trader Joes,food groceries produce,102.29,Groceries
Whole Foods,produce meat,57.91,Groceries
Miscellaneous,misc #4956,271.15,Others
H&M,purchase,240.62,Shopping
McDonalds,lunch restaurant dinner,91.63,Food & Dining
Walmart,bread dairy,118.01,Groceries
Walmart,groceries food meat #9021,112.97,Groceries
Uber,gas taxi transit,58.69,Transportation
AMC Theaters,streaming music,41.89,Entertainment
Steam,movie streaming music,28.67,Entertainment
Pizza Hut,restaurant meal #9830,417.72,Food & Dining
Nike,purchase,297.29,Shopping
Best Buy,accessories electronics shoes,194.71,Shopping
AT&T,payment bill utility,417.09,Bills & Utilities
Pizza Hut,restaurant meal takeout,514.45,Food & Dining
Nike,purchase clothes electronics,205.1,Shopping
Quest Diagnostics,medicine doctor #7493,204.49,Healthcare
Metro,ride taxi,35.01,Transportation
McDonalds,delivery lunch #8760,70.55,Food & Dining
Unknown Vendor,general,755.93,Others
Metro,fuel #6715,37.76,Transportation
AT&T,service monthly #1186,795.69,Bills & Utilities
Unknown Vendor,service misc payment,242.54,Others
Walgreens,medicine,365.55,Healthcare
Miscellaneous,general other payment,707.77,Others
Quest Diagnostics,medical,380.49,Healthcare
Miscellaneous,other general,743.43,Others
BP,gas transportation,62.51,Transportation
Kroger,food groceries #2894,139.62,Groceries
Safeway,food,75.28,Groceries
Amazon,electronics shoes #8203,72.26,Shopping
Quest Diagnostics,medicine #7806,186.43,Healthcare
AT&T,service #1050,24.66,Bills & Utilities
CVS,prescription health,476.6,Healthcare
AMC Theaters,streaming music,42.3,Entertainment
Safeway,meat groceries bread #1489,56.41,Groceries
Xbox,game music streaming,26.15,Entertainment
Verizon,utility payment #1737,114.76,Bills & Utilities
Miscellaneous,general #5530,179.28,Others
Water Service,bill #7621,705.35,Bills & Utilities
AT&T,bill,640.97,Bills & Utilities
Subway,takeout restaurant meal,924.81,Food & Dining
Spotify,game music,10.92,Entertainment
Spotify,entertainment movie game,43.99,Entertainment
AT&T,monthly,356.75,Bills & Utilities
CVS,health,227.95,Healthcare
Walgreens,health medicine prescription #2251,456.94,Healthcare
Verizon,monthly service,414.98,Bills & Utilities
AT&T,utility bill #7827,116.99,Bills & Utilities
Unknown Vendor,misc,258.92,Others
Local Clinic,doctor,311.88,Healthcare
Walgreens,health,170.04,Healthcare
AMC Theaters,game,22.76,Entertainment
Unknown Vendor,service general other,397.69,Others
Kroger,meat produce food #2115,147.92,Groceries
Walgreens,prescription medical doctor,267.87,Healthcare
Target,purchase electronics,113.24,Shopping
Pizza Hut,lunch #3060,513.53,Food & Dining
AMC Theaters,movie music entertainment,17.53,Entertainment
Uber,taxi ride,56.12,Transportation
Miscellaneous,payment #8980,663.42,Others
Local Clinic,prescription medicine,349.85,Healthcare
Walmart,dairy meat bread #6112,169.25,Groceries
Subway,delivery meal #3917,257.75,Food & Dining
Quest Diagnostics,medicine,235.13,Healthcare
Shell,fuel #4577,7.91,Transportation
Steam,streaming entertainment movie #6033,24.51,Entertainment
Metro,transit fuel ride #9983,44.37,Transportation
Miscellaneous,general payment,980.62,Others
Nike,shoes #9757,137.29,Shopping
Walmart,meat produce,54.58,Groceries
Kroger,food groceries,46.67,Groceries
McDonalds,delivery,385.51,Food & Dining
Trader Joes,bread,37.41,Groceries
Water Service,bill monthly #2318,892.65,Bills & Utilities
Unknown Vendor,other general payment #2645,737.87,Others
Various Services,payment misc general #2248,374.58,Others
Pizza Hut,restaurant lunch #5245,101.87,Food & Dining
BP,transportation,14.79,Transportation
Miscellaneous,payment #6803,782.5,Others
Amazon,electronics purchase clothes #2694,164.41,Shopping
Chipotle,delivery lunch dinner,332.27,Food & Dining
Miscellaneous,payment other,395.62,Others
Amazon,clothes,138.61,Shopping
Miscellaneous,other,782.01,Others
Unknown Vendor,service misc general,910.67,Others
Whole Foods,food bread,62.4,Groceries
Local Restaurant,dinner takeout restaurant,965.77,Food & Dining
Netflix,music #1476,32.08,Entertainment
Unknown Vendor,general,92.65,Others
Target,purchase clothes accessories,227.73,Shopping
Netflix,game #1866,19.43,Entertainment
Quest Diagnostics,medical,57.18,Healthcare
Local Restaurant,delivery meal restaurant,437.94,Food & Dining
Miscellaneous,general misc other,544.29,Others
Xbox,entertainment music #7864,20.08,Entertainment
Miscellaneous,service other,257.19,Others
Quest Diagnostics,medical,102.85,Healthcare
Netflix,music streaming entertainment,49.15,Entertainment
Unknown Vendor,payment service,605.41,Others
Miscellaneous,other,904.12,Others
BP,transit fuel gas,78.78,Transportation
Walgreens,medical medicine,259.03,Healthcare
Various Services,general other,13.04,Others
Safeway,meat groceries,61.82,Groceries
Local Clinic,doctor #5335,131.92,Healthcare
Kroger,food,160.74,Groceries
Amazon,purchase,167.18,Shopping
Amazon,shoes purchase,103.34,Shopping
AMC Theaters,music streaming game #1347,15.74,Entertainment
Kroger,groceries meat,23.48,Groceries
Nike,shoes,71.56,Shopping
Best Buy,accessories shoes clothes,205.83,Shopping
Local Restaurant,dinner restaurant #5716,54.1,Food & Dining
Electric Company,service #4399,843.76,Bills & Utilities
CVS,doctor prescription medicine,284.26,Healthcare
Unknown Vendor,other service,984.06,Others
Uber,taxi fuel transportation,47.8,Transportation
Steam,entertainment,39.05,Entertainment
Kroger,food meat bread,139.15,Groceries
Uber,fuel transportation ride,27.68,Transportation
AT&T,payment service,492.19,Bills & Utilities
Whole Foods,bread meat,145.08,Groceries
Xbox,movie music #6579,14.31,Entertainment
Best Buy,electronics,74.67,Shopping
Water Service,payment bill service,361.13,Bills & Utilities
CVS,prescription medical doctor,147.73,Healthcare
Metro,ride,78.41,Transportation
Steam,movie entertainment streaming,39.6,Entertainment
Xbox,entertainment movie,31.42,Entertainment
Quest Diagnostics,medical health medicine #9536,80.03,Healthcare
McDonalds,meal delivery takeout,33.63,Food & Dining
AT&T,service monthly utility,643.45,Bills & Utilities
Spotify,music,13.71,Entertainment
Subway,dinner takeout lunch #2475,897.39,Food & Dining
Nike,electronics accessories #1514,172.61,Shopping
CVS,prescription health,195.03,Healthcare
Trader Joes,bread dairy,85.91,Groceries
Trader Joes,meat food dairy,192.5,Groceries
Netflix,movie music streaming,12.6,Entertainment
Xbox,streaming #6012,23.16,Entertainment
Xbox,movie entertainment streaming #5547,18.91,Entertainment
Safeway,produce,45.26,Groceries
CVS,prescription #8008,104.21,Healthcare
McDonalds,lunch #8281,448.86,Food & Dining
Unknown Vendor,service,459.1,Others
Shell,gas fuel,11.36,Transportation
Kroger,dairy food,157.53,Groceries
Uber,gas fuel,24.29,Transportation
Walgreens,health medical,311.79,Healthcare
Metro,ride taxi,78.21,Transportation
Various Services,misc #9076,630.48,Others
Amazon,accessories shoes electronics,193.85,Shopping
AT&T,utility bill monthly #6420,232.94,Bills & Utilities
Lyft,transit taxi,59.22,Transportation
Quest Diagnostics,health medical medicine,310.39,Healthcare
Kroger,meat groceries produce,159.14,Groceries
Kroger,dairy,22.27,Groceries
Water Service,bill utility payment #5937,568.64,Bills & Utilities
Verizon,service payment bill #2916,888.8,Bills & Utilities
Various Services,payment misc general,179.8,Others
Xbox,movie streaming #6775,44.22,Entertainment
Trader Joes,dairy bread,60.72,Groceries
Local Restaurant,takeout delivery dinner #5749,237.1,Food & Dining
Local Restaurant,meal #7073,649.28,Food & Dining
Verizon,payment bill monthly,521.37,Bills & Utilities
Walmart,groceries food dairy #5686,107.52,Groceries
Uber,fuel transportation #2123,74.64,Transportation
Trader Joes,produce dairy,158.25,Groceries
H&M,purchase clothes electronics,27.51,Shopping
Electric Company,payment,903.57,Bills & Utilities
Unknown Vendor,misc payment,313.1,Others
Local Clinic,medical health #8763,360.21,Healthcare
Local Restaurant,delivery meal #7980,763.12,Food & Dining
Unknown Vendor,other misc,970.98,Others
Walgreens,medical health medicine #8214,89.83,Healthcare
Unknown Vendor,service payment misc,750.8,Others
Water Service,utility,295.92,Bills & Utilities
AT&T,bill,525.8,Bills & Utilities
BP,transportation transit,12.73,Transportation
Xbox,streaming game,26.14,Entertainment
Metro,gas transportation,70.75,Transportation
AMC Theaters,movie game music,22.47,Entertainment
Pizza Hut,meal lunch takeout,506.24,Food & Dining
Subway,takeout lunch,281.17,Food & Dining
Safeway,produce food groceries,97.46,Groceries
Netflix,entertainment streaming,17.6,Entertainment
Walgreens,doctor health,97.08,Healthcare
Netflix,movie #7291,34.54,Entertainment
Lyft,transit,22.39,Transportation
Quest Diagnostics,prescription,407.49,Healthcare
AT&T,payment utility,405.31,Bills & Utilities
H&M,shoes clothes electronics #4259,79.63,Shopping
McDonalds,dinner,554.43,Food & Dining
Various Services,service,947.67,Others
Subway,lunch,747.33,Food & Dining
Unknown Vendor,payment service,249.98,Others
Uber,gas #1339,29.18,Transportation
Miscellaneous,general payment,869.57,Others
Safeway,food,171.87,Groceries
Kroger,meat,173.85,Groceries
Unknown Vendor,misc #2851,539.43,Others
Steam,movie,24.94,Entertainment
Metro,fuel ride,30.28,Transportation
Water Service,payment,749.92,Bills & Utilities
Trader Joes,food meat produce,52.29,Groceries
Safeway,dairy food,187.01,Groceries
Quest Diagnostics,doctor medical prescription #2406,208.35,Healthcare
Xbox,game,46.02,Entertainment
AMC Theaters,music,47.81,Entertainment
Spotify,entertainment movie streaming #4222,44.76,Entertainment
Shell,taxi gas,59.34,Transportation
Verizon,service #4935,91.78,Bills & Utilities
McDonalds,restaurant takeout #6063,916.19,Food & Dining
Electric Company,monthly utility,115.18,Bills & Utilities
AMC Theaters,entertainment movie,30.74,Entertainment
Shell,transportation ride taxi #2798,34.85,Transportation
Chipotle,meal,986.96,Food & Dining
Trader Joes,produce food,140.1,Groceries
Kroger,groceries #2134,32.4,Groceries
Nike,electronics clothes shoes,132.94,Shopping
Spotify,entertainment game music #3380,17.66,Entertainment
Unknown Vendor,general payment,993.4,Others
Local Clinic,health prescription doctor,237.62,Healthcare
Best Buy,shoes purchase,293.68,Shopping
Lyft,transportation ride gas,43.84,Transportation
H&M,electronics purchase,279.08,Shopping
Local Restaurant,delivery,761.32,Food & Dining
Metro,transit,77.05,Transportation
Target,shoes electronics purchase,122.18,Shopping
Kroger,meat dairy bread #3292,70.35,Groceries
Walmart,produce,188.36,Groceries
Kroger,groceries meat bread #8638,90.92,Groceries
Local Restaurant,delivery #6604,470.48,Food & Dining
Pizza Hut,delivery takeout,767.21,Food & Dining
Verizon,monthly bill service,244.37,Bills & Utilities
Local Clinic,doctor medical #7716,230.12,Healthcare
Verizon,utility service,867.01,Bills & Utilities
Various Services,payment,753.86,Others
Whole Foods,groceries bread produce,97.14,Groceries
Water Service,monthly,120.81,Bills & Utilities
H&M,clothes shoes #2486,240.71,Shopping
Quest Diagnostics,doctor medicine health,354.57,Healthcare
Chipotle,delivery meal #4873,703.49,Food & Dining
Miscellaneous,service misc,958.24,Others
Verizon,bill payment,844.7,Bills & Utilities
Pizza Hut,meal,825.53,Food & Dining
Verizon,monthly bill service,65.53,Bills & Utilities
Nike,clothes shoes accessories #5177,187.52,Shopping
McDonalds,restaurant lunch takeout #5689,57.96,Food & Dining
Miscellaneous,payment misc #8423,624.89,Others
Walgreens,doctor prescription,266.41,Healthcare
Spotify,streaming game #9730,36.13,Entertainment
Lyft,fuel gas,43.2,Transportation
H&M,accessories shoes,170.18,Shopping
Walgreens,doctor health,67.88,Healthcare
Netflix,streaming movie entertainment #2250,12.85,Entertainment
Walmart,food bread #3442,168.36,Groceries
Best Buy,accessories purchase,270.22,Shopping
Various Services,service misc #9655,872.67,Others
Nike,electronics #9398,56.35,Shopping
Chipotle,lunch takeout restaurant #5281,974.69,Food & Dining
Local Clinic,medical,281.53,Healthcare
Various Services,other,872.13,Others
Walmart,produce,42.41,Groceries
Walmart,meat bread groceries #3955,152.15,Groceries
Quest Diagnostics,health prescription,89.65,Healthcare
AMC Theaters,streaming,33.46,Entertainment
Miscellaneous,misc other general,911.45,Others
Unknown Vendor,misc,712.36,Others
Shell,taxi ride gas,66.56,Transportation
Kroger,groceries #8305,177.74,Groceries
Miscellaneous,general #3980,716.08,Others
Safeway,meat,144.48,Groceries
AMC Theaters,movie music #8693,38.49,Entertainment
Unknown Vendor,other payment,393.61,Others
Quest Diagnostics,doctor #6834,484.56,Healthcare
Safeway,bread,150.15,Groceries
Shell,gas taxi,65.28,Transportation
Various Services,misc general #5611,141.06,Others
CVS,medicine health prescription #7735,132.62,Healthcare
Uber,fuel #4160,19.03,Transportation
Whole Foods,produce food groceries,176.07,Groceries
CVS,doctor prescription,256.13,Healthcare
Water Service,monthly,945.01,Bills & Utilities
Shell,fuel transportation,79.52,Transportation
Electric Company,service #2215,445.84,Bills & Utilities
Electric Company,utility monthly #2447,781.3,Bills & Utilities
Subway,dinner delivery meal,861.41,Food & Dining
Miscellaneous,payment,265.35,Others
Miscellaneous,general misc other,501.87,Others
Water Service,bill payment #9148,549.48,Bills & Utilities
Local Clinic,health medicine medical,222.22,Healthcare
Electric Company,payment utility,360.26,Bills & Utilities
AT&T,payment utility #3569,943.42,Bills & Utilities
Metro,transportation ride,73.93,Transportation
AMC Theaters,music entertainment,26.91,Entertainment
Quest Diagnostics,medical doctor health #7500,445.98,Healthcare
Nike,accessories purchase,96.26,Shopping
Electric Company,service payment #5619,856.08,Bills & Utilities
McDonalds,dinner lunch,919.37,Food & Dining
H&M,purchase clothes electronics,263.82,Shopping
Water Service,payment #3631,822.66,Bills & Utilities
Local Restaurant,takeout delivery #8355,137.2,Food & Dining
Walgreens,health #3611,174.01,Healthcare
Local Clinic,doctor medical,26.43,Healthcare
Local Clinic,medicine health medical,180.17,Healthcare
Lyft,taxi transportation ride,68.87,Transportation
Lyft,fuel taxi transportation #2955,12.06,Transportation
Safeway,groceries,86.02,Groceries
Metro,taxi #3725,43.86,Transportation
Water Service,monthly,248.7,Bills & Utilities
Various Services,payment,231.2,Others
Lyft,fuel transportation taxi,61.85,Transportation
Verizon,payment,815.99,Bills & Utilities
Various Services,service other misc,706.69,Others
Shell,taxi transit #1502,31.53,Transportation
H&M,accessories shoes electronics,44.26,Shopping
Amazon,purchase shoes accessories,229.31,Shopping
Lyft,ride,6.91,Transportation
Best Buy,purchase,220.77,Shopping
McDonalds,lunch delivery meal,364.57,Food & Dining
Best Buy,electronics clothes #4324,131.97,Shopping
Walmart,bread food dairy,148.6,Groceries
Target,accessories shoes purchase,206.09,Shopping
Target,purchase,29.91,Shopping
Spotify,movie streaming,29.69,Entertainment
AT&T,bill #2648,134.53,Bills & Utilities
Local Clinic,health doctor prescription,284.67,Healthcare
Quest Diagnostics,medical prescription #7623,179.79,Healthcare
Uber,gas taxi fuel,14.74,Transportation
Subway,restaurant,474.95,Food & Dining
Electric Company,service utility,970.81,Bills & Utilities
Chipotle,restaurant takeout dinner,906.61,Food & Dining
Netflix,music game entertainment,11.29,Entertainment
Electric Company,payment,852.44,Bills & Utilities
Spotify,movie,25.52,Entertainment
Whole Foods,food bread,52.02,Groceries
Walmart,groceries meat produce,29.78,Groceries
Miscellaneous,service misc #9691,721.23,Others
Local Restaurant,dinner takeout delivery #9795,185.85,Food & Dining
Quest Diagnostics,prescription health,425.17,Healthcare
Safeway,produce #9997,104.55,Groceries
AT&T,utility #2125,847.15,Bills & Utilities
AT&T,payment bill,569.34,Bills & Utilities
Walgreens,doctor prescription medicine,475.89,Healthcare
Electric Company,payment #2904,527.95,Bills & Utilities
Quest Diagnostics,medicine prescription,372.98,Healthcare
Local Restaurant,lunch,268.01,Food & Dining
CVS,health medicine,88.66,Healthcare
AT&T,service payment #3824,888.66,Bills & Utilities
McDonalds,restaurant meal #7158,860.61,Food & Dining
McDonalds,dinner delivery,429.29,Food & Dining
AMC Theaters,game,42.93,Entertainment
CVS,health,66.74,Healthcare
Quest Diagnostics,prescription medical doctor,478.75,Healthcare
AT&T,bill,797.75,Bills & Utilities
Verizon,monthly payment utility,312.3,Bills & Utilities
CVS,medical prescription,385.97,Healthcare
Walmart,produce groceries #6466,142.02,Groceries
Local Restaurant,restaurant delivery takeout #2529,661.96,Food & Dining
Unknown Vendor,payment,472.9,Others
Unknown Vendor,other general,543.16,Others
Quest Diagnostics,medicine prescription,234.03,Healthcare
Various Services,general payment,62.45,Others
Spotify,movie entertainment music,13.66,Entertainment
Verizon,monthly bill utility,380.63,Bills & Utilities
Various Services,service other,629.63,Others
Target,purchase,129.95,Shopping
AT&T,monthly,983.79,Bills & Utilities
Subway,takeout meal dinner #1844,966.81,Food & Dining
Various Services,service,709.71,Others
Spotify,entertainment music streaming,31.37,Entertainment
Uber,gas #1515,11.81,Transportation
Metro,taxi,20.99,Transportation
Walgreens,health prescription,90.48,Healthcare
Lyft,ride,55.28,Transportation
H&M,accessories shoes,246.29,Shopping
Local Clinic,health prescription #6967,434.62,Healthcare
Walgreens,medical,482.96,Healthcare
AT&T,bill payment #7244,497.11,Bills & Utilities
CVS,medicine,73.85,Healthcare
Electric Company,service,358.22,Bills & Utilities
Local Restaurant,meal delivery restaurant,303.77,Food & Dining
Best Buy,purchase clothes accessories #8321,49.69,Shopping
Local Clinic,medicine health #8446,227.87,Healthcare
BP,fuel transit gas #5854,67.89,Transportation
Verizon,payment monthly service,896.71,Bills & Utilities
AT&T,bill,538.6,Bills & Utilities
McDonalds,takeout #2796,206.84,Food & Dining
Walmart,meat dairy groceries,114.38,Groceries
Subway,takeout lunch,214.14,Food & Dining
AT&T,utility monthly service #8157,584.91,Bills & Utilities
Kroger,produce food groceries,26.23,Groceries
Unknown Vendor,other #1534,301.18,Others
Local Clinic,prescription medical medicine,111.37,Healthcare
Local Clinic,prescription doctor,308.03,Healthcare
Spotify,music,19.55,Entertainment
BP,ride gas,30.39,Transportation
Verizon,utility,385.21,Bills & Utilities
Walmart,produce bread,96.71,Groceries
Local Clinic,doctor prescription medical #9825,127.96,Healthcare
Amazon,electronics,175.7,Shopping
Local Restaurant,meal restaurant dinner #7725,857.2,Food & Dining
Verizon,utility #1048,88.39,Bills & Utilities
Metro,fuel gas #3249,41.3,Transportation
Verizon,bill service #1830,95.64,Bills & Utilities
Kroger,dairy,78.62,Groceries
Steam,music movie #5923,23.1,Entertainment
Miscellaneous,misc payment other,268.72,Others
McDonalds,dinner takeout lunch,110.01,Food & Dining
Safeway,dairy groceries food,151.97,Groceries
Trader Joes,bread food groceries,134.59,Groceries
Spotify,music movie #7514,14.39,Entertainment
Kroger,food meat groceries,105.55,Groceries
Water Service,service #5078,513.82,Bills & Utilities
Unknown Vendor,payment other service #1339,296.75,Others
Kroger,groceries bread produce #3422,195.47,Groceries
Electric Company,utility service payment #7792,52.19,Bills & Utilities
Amazon,clothes accessories purchase,84.01,Shopping
Local Restaurant,lunch restaurant delivery,335.5,Food & Dining
Spotify,movie streaming,35.3,Entertainment
Various Services,misc,762.97,Others
Whole Foods,meat groceries,104.27,Groceries
Various Services,service,407.87,Others
Target,shoes clothes electronics #2530,152.69,Shopping
Amazon,accessories,265.98,Shopping
H&M,shoes purchase,205.92,Shopping
Verizon,utility monthly,134.39,Bills & Utilities
Steam,music game #6186,11.61,Entertainment
Safeway,produce groceries,154.77,Groceries
Local Clinic,prescription,21.65,Healthcare
BP,fuel #3091,45.63,Transportation
Local Clinic,doctor medicine,295.95,Healthcare
Lyft,ride,48.88,Transportation
Best Buy,shoes,107.23,Shopping
Nike,purchase shoes,138.99,Shopping
Whole Foods,bread groceries meat,143.74,Groceries
Safeway,groceries dairy bread,114.4,Groceries
Local Clinic,prescription,83.32,Healthcare
Miscellaneous,payment other,576.98,Others
Shell,ride transit,5.47,Transportation
Quest Diagnostics,health medical #3501,446.11,Healthcare
Spotify,game entertainment #6931,42.91,Entertainment
Verizon,bill service,586.9,Bills & Utilities
CVS,medicine health #6592,150.49,Healthcare
Amazon,electronics,233.49,Shopping
Walmart,dairy,27.55,Groceries
Pizza Hut,restaurant takeout,974.36,Food & Dining
CVS,prescription,310.1,Healthcare
H&M,clothes,118.15,Shopping
H&M,electronics,172.56,Shopping
Walgreens,medical prescription,149.42,Healthcare
Walgreens,health doctor prescription,173.65,Healthcare
Uber,transportation ride #1429,41.38,Transportation
Shell,transportation gas,65.09,Transportation
Pizza Hut,lunch meal restaurant,936.13,Food & Dining
Local Restaurant,delivery restaurant,414.67,Food & Dining
Uber,ride,29.58,Transportation
Local Clinic,health prescription,341.38,Healthcare
Amazon,clothes accessories electronics,20.12,Shopping
Chipotle,meal delivery dinner,418.31,Food & Dining
Unknown Vendor,other,32.6,Others
BP,transit ride gas #9393,62.82,Transportation
Best Buy,accessories,101.76,Shopping
Shell,taxi,26.2,Transportation
Netflix,movie entertainment #2261,40.47,Entertainment
Walmart,groceries,73.23,Groceries
Pizza Hut,restaurant delivery,128.97,Food & Dining
